{
  "benchmark_id": "b1",
  "generated_at": "2026-04-17T23:35:56.218585+00:00",
  "joint": {
    "available_row_count": 60,
    "benchmark_id": "b1",
    "cv_report": {
      "backend": "pygam",
      "best_holdout_rmse": 18.37187396163962,
      "best_lam": 1.0,
      "best_max_val_rmse": 16.757761638349848,
      "best_mean_baseline_val_rmse": 28.41858961070122,
      "best_mean_val_rmse": 15.007159728936541,
      "best_model_metadata": {
        "backend": "pygam",
        "benchiq_version": "0.1.0a0",
        "cv_folds": 3,
        "feature_names": [
          "theta_b1",
          "theta_b2",
          "theta_b3",
          "theta_se_b",
          "sub_b",
          "grand_sub",
          "lin_b",
          "grand_lin"
        ],
        "fit_statistics": {
          "aic": 386.3361561126151,
          "edof": 10.490711740073788,
          "gcv": 229.16990121032276,
          "loglikelihood": -181.67736631623376,
          "pseudo_r2": {
            "McFadden": 0.6524732709221623,
            "McFadden_adj": 0.3098505499139842,
            "explained_deviance": 0.8376522500030682
          },
          "scale": 11.885092048062814
        },
        "fit_warnings": [],
        "model_hyperparameters": {
          "fit_intercept": true,
          "lam": 1.0,
          "max_iter": 100,
          "terms": "s(0) + s(1) + s(2) + s(3) + s(4) + s(5) + s(6) + s(7) + intercept",
          "tol": 0.0001
        },
        "n_features": 8,
        "n_splines": 5,
        "pickle_protocol": 5,
        "pygam_version": "0.12.0",
        "python_version": "3.14.4",
        "selected_lam": 1.0,
        "selection_metric": "rmse",
        "skipped_lam_settings": [],
        "target_name": "score_full_b",
        "test_row_count": 6,
        "train_row_count": 48
      },
      "cv_folds": 3,
      "holdout_row_count": 6,
      "lam_grid": [
        0.1,
        1.0
      ],
      "lam_summaries": [
        {
          "fold_count": 3,
          "lam": 0.1,
          "max_val_rmse": 18.056910691658953,
          "mean_baseline_val_rmse": 28.41858961070122,
          "mean_test_rmse": 19.62526520116634,
          "mean_val_rmse": 16.446112881963167
        },
        {
          "fold_count": 3,
          "lam": 1.0,
          "max_val_rmse": 16.757761638349848,
          "mean_baseline_val_rmse": 28.41858961070122,
          "mean_test_rmse": 19.14019380700913,
          "mean_val_rmse": 15.007159728936541
        }
      ],
      "selection_metric": "rmse",
      "skipped_lam_settings": []
    },
    "feature_columns": [
      "theta_b1",
      "theta_b2",
      "theta_b3",
      "theta_se_b",
      "sub_b",
      "grand_sub",
      "lin_b",
      "grand_lin"
    ],
    "metrics": {
      "test": {
        "baseline_mae": 28.57142857142857,
        "baseline_rmse": 33.634902844253965,
        "mae": 15.146875039243744,
        "pearson_r": 0.9583319872114814,
        "rmse": 18.37187396163962,
        "row_count": 6,
        "spearman_r": 0.9276336570439174
      },
      "train": {
        "baseline_mae": 21.378968253968253,
        "baseline_rmse": 26.075233468820844,
        "mae": 9.02067702583239,
        "pearson_r": 0.9152404556380405,
        "rmse": 10.506337377339973,
        "row_count": 48,
        "spearman_r": 0.8956783768987238
      },
      "val": {
        "baseline_mae": 21.42857142857143,
        "baseline_rmse": 25.8706116810723,
        "mae": 7.4635428020834444,
        "pearson_r": 0.9525364711629352,
        "rmse": 9.170684590789088,
        "row_count": 6,
        "spearman_r": 0.9856107606091624
      }
    },
    "model_type": "joint",
    "skip_reason": null,
    "skipped": false,
    "split_counts": {
      "test": 6,
      "train": 48,
      "val": 6
    },
    "test_row_count": 6,
    "train_row_count": 48,
    "val_row_count": 6
  },
  "marginal": {
    "available_row_count": 60,
    "benchmark_id": "b1",
    "cv_report": {
      "backend": "pygam",
      "best_holdout_rmse": 19.952644203944917,
      "best_lam": 0.1,
      "best_max_val_rmse": 15.840457684052131,
      "best_mean_baseline_val_rmse": 26.49508308839725,
      "best_mean_val_rmse": 14.858217188221895,
      "best_model_metadata": {
        "backend": "pygam",
        "benchiq_version": "0.1.0a0",
        "cv_folds": 3,
        "feature_names": [
          "theta_b",
          "theta_se_b",
          "sub_b",
          "lin_b"
        ],
        "fit_statistics": {
          "aic": 397.7054082884314,
          "edof": 6.42733871583054,
          "gcv": 255.57469239623785,
          "loglikelihood": -191.42536542838516,
          "pseudo_r2": {
            "McFadden": 0.7524641598932487,
            "McFadden_adj": 0.22227094370008305,
            "explained_deviance": 0.7518315260891255
          },
          "scale": 13.957840008481288
        },
        "fit_warnings": [],
        "model_hyperparameters": {
          "fit_intercept": true,
          "lam": 0.1,
          "max_iter": 100,
          "terms": "s(0) + s(1) + s(2) + s(3) + intercept",
          "tol": 0.0001
        },
        "n_features": 4,
        "n_splines": 5,
        "pickle_protocol": 5,
        "pygam_version": "0.12.0",
        "python_version": "3.14.4",
        "selected_lam": 0.1,
        "selection_metric": "rmse",
        "skipped_lam_settings": [],
        "target_name": "score_full_b",
        "test_row_count": 6,
        "train_row_count": 48
      },
      "cv_folds": 3,
      "holdout_row_count": 6,
      "lam_grid": [
        0.1,
        1.0
      ],
      "lam_summaries": [
        {
          "fold_count": 3,
          "lam": 0.1,
          "max_val_rmse": 15.840457684052131,
          "mean_baseline_val_rmse": 26.49508308839725,
          "mean_test_rmse": 20.03818306799973,
          "mean_val_rmse": 14.858217188221895
        },
        {
          "fold_count": 3,
          "lam": 1.0,
          "max_val_rmse": 15.801531022853943,
          "mean_baseline_val_rmse": 26.49508308839725,
          "mean_test_rmse": 20.03476677931621,
          "mean_val_rmse": 15.048931288725676
        }
      ],
      "selection_metric": "rmse",
      "skipped_lam_settings": []
    },
    "feature_columns": [
      "theta_b",
      "theta_se_b",
      "sub_b",
      "lin_b"
    ],
    "metrics": {
      "test": {
        "baseline_mae": 28.57142857142857,
        "baseline_rmse": 33.634902844253965,
        "mae": 17.21268984912675,
        "pearson_r": 0.904478711178045,
        "rmse": 19.952644203944917,
        "row_count": 6,
        "spearman_r": 0.8823529411764706
      },
      "train": {
        "baseline_mae": 21.378968253968253,
        "baseline_rmse": 26.075233468820844,
        "mae": 10.567679875322545,
        "pearson_r": 0.8670824555898092,
        "rmse": 12.989771473100953,
        "row_count": 48,
        "spearman_r": 0.8314448988139619
      },
      "val": {
        "baseline_mae": 21.42857142857143,
        "baseline_rmse": 25.8706116810723,
        "mae": 11.88633368255733,
        "pearson_r": 0.8240954747608132,
        "rmse": 14.903297921584812,
        "row_count": 6,
        "spearman_r": 0.6859943405700354
      }
    },
    "model_type": "marginal",
    "skip_reason": null,
    "skipped": false,
    "split_counts": {
      "test": 6,
      "train": 48,
      "val": 6
    },
    "test_row_count": 6,
    "train_row_count": 48,
    "val_row_count": 6
  },
  "summary_rows": [
    {
      "baseline_mae": 21.378968253968253,
      "baseline_rmse": 26.075233468820844,
      "benchmark_id": "b1",
      "mae": 10.567679875322545,
      "model_type": "marginal",
      "pearson_r": 0.8670824555898092,
      "rmse": 12.989771473100953,
      "row_count": 48,
      "skip_reason": null,
      "skipped": false,
      "spearman_r": 0.8314448988139619,
      "split": "train"
    },
    {
      "baseline_mae": 21.42857142857143,
      "baseline_rmse": 25.8706116810723,
      "benchmark_id": "b1",
      "mae": 11.88633368255733,
      "model_type": "marginal",