{
  "backend": "pygam",
  "best_holdout_rmse": 0.7089674365542742,
  "best_lam": 0.1,
  "best_max_val_rmse": 0.7003390453391202,
  "best_mean_baseline_val_rmse": 21.554899597690923,
  "best_mean_val_rmse": 0.6373508667573666,
  "best_model_metadata": {
    "backend": "pygam",
    "benchiq_version": "0.1.0a0",
    "cv_folds": 5,
    "feature_names": [
      "theta_b",
      "theta_se_b",
      "sub_b",
      "lin_b"
    ],
    "fit_statistics": {
      "aic": 8232.027785032386,
      "edof": 24.393197883175,
      "gcv": 0.4021957140924706,
      "loglikelihood": -4090.620694633018,
      "pseudo_r2": {
        "McFadden": 0.0016360102743496424,
        "McFadden_adj": 0.99835423386576,
        "explained_deviance": 0.9991481339147311
      },
      "scale": 0.6309300477346161
    },
    "fit_warnings": [],
    "model_hyperparameters": {
      "fit_intercept": true,
      "lam": 0.1,
      "max_iter": 100,
      "terms": "s(0) + s(1) + s(2) + s(3) + intercept",
      "tol": 0.0001
    },
    "n_features": 4,
    "n_splines": 10,
    "pickle_protocol": 5,
    "pygam_version": "0.12.0",
    "python_version": "3.14.4",
    "selected_lam": 0.1,
    "selection_metric": "rmse",
    "skipped_lam_settings": [],
    "target_name": "score_full_b",
    "test_row_count": 464,
    "train_row_count": 4281
  },
  "cv_folds": 5,
  "holdout_row_count": 464,
  "lam_grid": [
    0.1,
    1.0
  ],
  "lam_summaries": [
    {
      "fold_count": 5,
      "lam": 0.1,
      "max_val_rmse": 0.7003390453391202,
      "mean_baseline_val_rmse": 21.554899597690923,
      "mean_test_rmse": 0.7097014136931175,
      "mean_val_rmse": 0.6373508667573666
    },
    {
      "fold_count": 5,
      "lam": 1.0,
      "max_val_rmse": 0.709351496927154,
      "mean_baseline_val_rmse": 21.554899597690923,
      "mean_test_rmse": 0.7269773186147207,
      "mean_val_rmse": 0.6479084514287844
    }
  ],
  "selection_metric": "rmse",
  "skipped_lam_settings": []
}
