{
  "backend": "pygam",
  "best_holdout_rmse": 0.7560118149468321,
  "best_lam": 0.1,
  "best_max_val_rmse": 0.9771703380330646,
  "best_mean_baseline_val_rmse": 11.418650994274513,
  "best_mean_val_rmse": 0.8855575752840081,
  "best_model_metadata": {
    "backend": "pygam",
    "benchiq_version": "0.1.0a0",
    "cv_folds": 5,
    "feature_names": [
      "theta_b",
      "theta_se_b",
      "sub_b",
      "lin_b"
    ],
    "fit_statistics": {
      "aic": 14210.054323044315,
      "edof": 24.083161484422575,
      "gcv": 0.7872170511551827,
      "loglikelihood": -7079.944000037734,
      "pseudo_r2": {
        "McFadden": 0.015350762576816732,
        "McFadden_adj": 0.9845970202172217,
        "explained_deviance": 0.9940343258859263
      },
      "scale": 0.8837344113819042
    },
    "fit_warnings": [],
    "model_hyperparameters": {
      "fit_intercept": true,
      "lam": 0.1,
      "max_iter": 100,
      "terms": "s(0) + s(1) + s(2) + s(3) + intercept",
      "tol": 0.0001
    },
    "n_features": 4,
    "n_splines": 10,
    "pickle_protocol": 5,
    "pygam_version": "0.12.0",
    "python_version": "3.14.4",
    "selected_lam": 0.1,
    "selection_metric": "rmse",
    "skipped_lam_settings": [],
    "target_name": "score_full_b",
    "test_row_count": 463,
    "train_row_count": 5475
  },
  "cv_folds": 5,
  "holdout_row_count": 463,
  "lam_grid": [
    0.1,
    1.0
  ],
  "lam_summaries": [
    {
      "fold_count": 5,
      "lam": 0.1,
      "max_val_rmse": 0.9771703380330646,
      "mean_baseline_val_rmse": 11.418650994274513,
      "mean_test_rmse": 0.7546977591786957,
      "mean_val_rmse": 0.8855575752840081
    },
    {
      "fold_count": 5,
      "lam": 1.0,
      "max_val_rmse": 0.9802357881456378,
      "mean_baseline_val_rmse": 11.418650994274513,
      "mean_test_rmse": 0.7504177309508939,
      "mean_val_rmse": 0.8876335629064676
    }
  ],
  "selection_metric": "rmse",
  "skipped_lam_settings": []
}
