{
  "backend": "pygam",
  "best_holdout_rmse": 13.166187458896388,
  "best_lam": 1.0,
  "best_max_val_rmse": 13.9120415454366,
  "best_mean_baseline_val_rmse": 26.93217615114517,
  "best_mean_val_rmse": 12.808044879930115,
  "best_model_metadata": {
    "backend": "pygam",
    "benchiq_version": "0.1.0a0",
    "cv_folds": 3,
    "feature_names": [
      "theta_b1",
      "theta_b2",
      "theta_b3",
      "theta_se_b",
      "sub_b",
      "grand_sub",
      "lin_b",
      "grand_lin"
    ],
    "fit_statistics": {
      "aic": 386.53669023072257,
      "edof": 10.336862641590187,
      "gcv": 228.84622938254512,
      "loglikelihood": -181.9314824737711,
      "pseudo_r2": {
        "McFadden": 0.6484464010716703,
        "McFadden_adj": 0.3147106001951241,
        "explained_deviance": 0.8396839424812721
      },
      "scale": 11.929046847847452
    },
    "fit_warnings": [],
    "model_hyperparameters": {
      "fit_intercept": true,
      "lam": 1.0,
      "max_iter": 100,
      "terms": "s(0) + s(1) + s(2) + s(3) + s(4) + s(5) + s(6) + s(7) + intercept",
      "tol": 0.0001
    },
    "n_features": 8,
    "n_splines": 5,
    "pickle_protocol": 5,
    "pygam_version": "0.12.0",
    "python_version": "3.14.4",
    "selected_lam": 1.0,
    "selection_metric": "rmse",
    "skipped_lam_settings": [],
    "target_name": "score_full_b",
    "test_row_count": 6,
    "train_row_count": 48
  },
  "cv_folds": 3,
  "holdout_row_count": 6,
  "lam_grid": [
    0.1,
    1.0
  ],
  "lam_summaries": [
    {
      "fold_count": 3,
      "lam": 0.1,
      "max_val_rmse": 14.721845238744452,
      "mean_baseline_val_rmse": 26.93217615114517,
      "mean_test_rmse": 13.773228516080783,
      "mean_val_rmse": 13.651981812168971
    },
    {
      "fold_count": 3,
      "lam": 1.0,
      "max_val_rmse": 13.9120415454366,
      "mean_baseline_val_rmse": 26.93217615114517,
      "mean_test_rmse": 13.824265236349627,
      "mean_val_rmse": 12.808044879930115
    }
  ],
  "selection_metric": "rmse",
  "skipped_lam_settings": []
}
