{
  "backend": "pygam",
  "best_holdout_rmse": 4.020094263054955,
  "best_lam": 1.0,
  "best_max_val_rmse": 3.50086666769216,
  "best_mean_baseline_val_rmse": 14.21579838775153,
  "best_mean_val_rmse": 3.204412164005086,
  "best_model_metadata": {
    "backend": "pygam",
    "benchiq_version": "0.1.0a0",
    "cv_folds": 5,
    "feature_names": [
      "theta_b",
      "theta_se_b",
      "sub_b",
      "lin_b"
    ],
    "fit_statistics": {
      "aic": 527.9066998905256,
      "edof": 9.085892507838807,
      "gcv": 11.636121286737424,
      "loglikelihood": -253.867457437424,
      "pseudo_r2": {
        "McFadden": 0.2041495426320975,
        "McFadden_adj": 0.7885439643711114,
        "explained_deviance": 0.9556239041261402
      },
      "scale": 3.1254563834353206
    },
    "fit_warnings": [],
    "model_hyperparameters": {
      "fit_intercept": true,
      "lam": 1.0,
      "max_iter": 100,
      "terms": "s(0) + s(1) + s(2) + s(3) + intercept",
      "tol": 0.0001
    },
    "n_features": 4,
    "n_splines": 8,
    "pickle_protocol": 5,
    "pygam_version": "0.12.0",
    "python_version": "3.14.4",
    "selected_lam": 1.0,
    "selection_metric": "rmse",
    "skipped_lam_settings": [],
    "target_name": "score_full_b",
    "test_row_count": 13,
    "train_row_count": 101
  },
  "cv_folds": 5,
  "holdout_row_count": 13,
  "lam_grid": [
    0.1,
    1.0
  ],
  "lam_summaries": [
    {
      "fold_count": 5,
      "lam": 0.1,
      "max_val_rmse": 3.6249088915547834,
      "mean_baseline_val_rmse": 14.21579838775153,
      "mean_test_rmse": 4.263676872564346,
      "mean_val_rmse": 3.345245428094107
    },
    {
      "fold_count": 5,
      "lam": 1.0,
      "max_val_rmse": 3.50086666769216,
      "mean_baseline_val_rmse": 14.21579838775153,
      "mean_test_rmse": 4.049399895273299,
      "mean_val_rmse": 3.204412164005086
    }
  ],
  "selection_metric": "rmse",
  "skipped_lam_settings": []
}
