{
  "backend": "pygam",
  "best_holdout_rmse": 0.5666504826562977,
  "best_lam": 0.1,
  "best_max_val_rmse": 0.6609727823251531,
  "best_mean_baseline_val_rmse": 21.517541589634366,
  "best_mean_val_rmse": 0.6214425455799011,
  "best_model_metadata": {
    "backend": "pygam",
    "benchiq_version": "0.1.0a0",
    "cv_folds": 5,
    "feature_names": [
      "theta_b",
      "theta_se_b",
      "sub_b",
      "lin_b"
    ],
    "fit_statistics": {
      "aic": 8044.315473795022,
      "edof": 24.39001569326198,
      "gcv": 0.3849411410247216,
      "loglikelihood": -3996.767721204249,
      "pseudo_r2": {
        "McFadden": 0.001534931826296938,
        "McFadden_adj": 0.9984557013518253,
        "explained_deviance": 0.9991820518124578
      },
      "scale": 0.6172483670928405
    },
    "fit_warnings": [],
    "model_hyperparameters": {
      "fit_intercept": true,
      "lam": 0.1,
      "max_iter": 100,
      "terms": "s(0) + s(1) + s(2) + s(3) + intercept",
      "tol": 0.0001
    },
    "n_features": 4,
    "n_splines": 10,
    "pickle_protocol": 5,
    "pygam_version": "0.12.0",
    "python_version": "3.14.4",
    "selected_lam": 0.1,
    "selection_metric": "rmse",
    "skipped_lam_settings": [],
    "target_name": "score_full_b",
    "test_row_count": 464,
    "train_row_count": 4281
  },
  "cv_folds": 5,
  "holdout_row_count": 464,
  "lam_grid": [
    0.1,
    1.0
  ],
  "lam_summaries": [
    {
      "fold_count": 5,
      "lam": 0.1,
      "max_val_rmse": 0.6609727823251531,
      "mean_baseline_val_rmse": 21.517541589634366,
      "mean_test_rmse": 0.5664644353636412,
      "mean_val_rmse": 0.6214425455799011
    },
    {
      "fold_count": 5,
      "lam": 1.0,
      "max_val_rmse": 0.6695862475070391,
      "mean_baseline_val_rmse": 21.517541589634366,
      "mean_test_rmse": 0.5627042804523571,
      "mean_val_rmse": 0.6329596194179753
    }
  ],
  "selection_metric": "rmse",
  "skipped_lam_settings": []
}
