{
  "backend": "pygam",
  "best_holdout_rmse": 4.3520704920623245,
  "best_lam": 1.0,
  "best_max_val_rmse": 5.00489823958574,
  "best_mean_baseline_val_rmse": 14.670403104358133,
  "best_mean_val_rmse": 4.0841119160182835,
  "best_model_metadata": {
    "backend": "pygam",
    "benchiq_version": "0.1.0a0",
    "cv_folds": 5,
    "feature_names": [
      "theta_b",
      "theta_se_b",
      "sub_b",
      "lin_b"
    ],
    "fit_statistics": {
      "aic": 569.4262889604558,
      "edof": 8.872044254664669,
      "gcv": 18.5415573082611,
      "loglikelihood": -274.84110022556325,
      "pseudo_r2": {
        "McFadden": 0.3099934904931049,
        "McFadden_adj": 0.6799997238985722,
        "explained_deviance": 0.9306827975488511
      },
      "scale": 3.9504626171627946
    },
    "fit_warnings": [],
    "model_hyperparameters": {
      "fit_intercept": true,
      "lam": 1.0,
      "max_iter": 100,
      "terms": "s(0) + s(1) + s(2) + s(3) + intercept",
      "tol": 0.0001
    },
    "n_features": 4,
    "n_splines": 8,
    "pickle_protocol": 5,
    "pygam_version": "0.12.0",
    "python_version": "3.14.4",
    "selected_lam": 1.0,
    "selection_metric": "rmse",
    "skipped_lam_settings": [],
    "target_name": "score_full_b",
    "test_row_count": 17,
    "train_row_count": 100
  },
  "cv_folds": 5,
  "holdout_row_count": 17,
  "lam_grid": [
    0.1,
    1.0
  ],
  "lam_summaries": [
    {
      "fold_count": 5,
      "lam": 0.1,
      "max_val_rmse": 5.152808421418486,
      "mean_baseline_val_rmse": 14.670403104358133,
      "mean_test_rmse": 4.566783214171198,
      "mean_val_rmse": 4.126527725219565
    },
    {
      "fold_count": 5,
      "lam": 1.0,
      "max_val_rmse": 5.00489823958574,
      "mean_baseline_val_rmse": 14.670403104358133,
      "mean_test_rmse": 4.282536618176825,
      "mean_val_rmse": 4.0841119160182835
    }
  ],
  "selection_metric": "rmse",
  "skipped_lam_settings": []
}
