{
  "backend": "pygam",
  "best_holdout_rmse": 9.851499016039647,
  "best_lam": 0.1,
  "best_max_val_rmse": 10.200194461215375,
  "best_mean_baseline_val_rmse": 14.121100115327437,
  "best_mean_val_rmse": 9.40292404659111,
  "best_model_metadata": {
    "backend": "pygam",
    "benchiq_version": "0.1.0a0",
    "cv_folds": 5,
    "feature_names": [
      "theta_b",
      "theta_se_b",
      "sub_b",
      "lin_b"
    ],
    "fit_statistics": {
      "aic": 1650.9303433069115,
      "edof": 11.83358556922565,
      "gcv": 93.41453661744147,
      "loglikelihood": -812.6315860842301,
      "pseudo_r2": {
        "McFadden": 0.8363213559712515,
        "McFadden_adj": 0.15150008673571358,
        "explained_deviance": 0.5987462742150804
      },
      "scale": 9.198627257383746
    },
    "fit_warnings": [],
    "model_hyperparameters": {
      "fit_intercept": true,
      "lam": 0.1,
      "max_iter": 100,
      "terms": "s(0) + s(1) + s(2) + s(3) + intercept",
      "tol": 0.0001
    },
    "n_features": 4,
    "n_splines": 8,
    "pickle_protocol": 5,
    "pygam_version": "0.12.0",
    "python_version": "3.14.4",
    "selected_lam": 0.1,
    "selection_metric": "rmse",
    "skipped_lam_settings": [],
    "target_name": "score_full_b",
    "test_row_count": 27,
    "train_row_count": 225
  },
  "cv_folds": 5,
  "holdout_row_count": 27,
  "lam_grid": [
    0.1,
    1.0
  ],
  "lam_summaries": [
    {
      "fold_count": 5,
      "lam": 0.1,
      "max_val_rmse": 10.200194461215375,
      "mean_baseline_val_rmse": 14.121100115327437,
      "mean_test_rmse": 9.867338360395534,
      "mean_val_rmse": 9.40292404659111
    },
    {
      "fold_count": 5,
      "lam": 1.0,
      "max_val_rmse": 10.387794289448193,
      "mean_baseline_val_rmse": 14.121100115327437,
      "mean_test_rmse": 9.884934585527587,
      "mean_val_rmse": 9.412339189055
    }
  ],
  "selection_metric": "rmse",
  "skipped_lam_settings": []
}
