{
  "backend": "pygam",
  "best_holdout_rmse": 12.757969223254358,
  "best_lam": 1.0,
  "best_max_val_rmse": 16.66843600200911,
  "best_mean_baseline_val_rmse": 25.670130872353024,
  "best_mean_val_rmse": 15.616589685718395,
  "best_model_metadata": {
    "backend": "pygam",
    "benchiq_version": "0.1.0a0",
    "cv_folds": 3,
    "feature_names": [
      "theta_b",
      "theta_se_b",
      "sub_b",
      "lin_b"
    ],
    "fit_statistics": {
      "aic": 400.3368509588336,
      "edof": 4.999998031565645,
      "gcv": 260.3163461685861,
      "loglikelihood": -194.16842744785117,
      "pseudo_r2": {
        "McFadden": 0.7868130411835709,
        "McFadden_adj": 0.1929258704982234,
        "explained_deviance": 0.7098904072520522
      },
      "scale": 14.560616027497238
    },
    "fit_warnings": [],
    "model_hyperparameters": {
      "fit_intercept": true,
      "lam": 1.0,
      "max_iter": 100,
      "terms": "s(0) + s(1) + s(2) + s(3) + intercept",
      "tol": 0.0001
    },
    "n_features": 4,
    "n_splines": 5,
    "pickle_protocol": 5,
    "pygam_version": "0.12.0",
    "python_version": "3.14.4",
    "selected_lam": 1.0,
    "selection_metric": "rmse",
    "skipped_lam_settings": [],
    "target_name": "score_full_b",
    "test_row_count": 6,
    "train_row_count": 48
  },
  "cv_folds": 3,
  "holdout_row_count": 6,
  "lam_grid": [
    0.1,
    1.0
  ],
  "lam_summaries": [
    {
      "fold_count": 3,
      "lam": 0.1,
      "max_val_rmse": 16.668436002024396,
      "mean_baseline_val_rmse": 25.670130872353024,
      "mean_test_rmse": 13.26082852701383,
      "mean_val_rmse": 15.6165896857241
    },
    {
      "fold_count": 3,
      "lam": 1.0,
      "max_val_rmse": 16.66843600200911,
      "mean_baseline_val_rmse": 25.670130872353024,
      "mean_test_rmse": 13.260828527025085,
      "mean_val_rmse": 15.616589685718395
    }
  ],
  "selection_metric": "rmse",
  "skipped_lam_settings": []
}
