{
  "backend": "pygam",
  "best_holdout_rmse": 7.843721756447624,
  "best_lam": 1.0,
  "best_max_val_rmse": 9.37997108502049,
  "best_mean_baseline_val_rmse": 15.019814410271167,
  "best_mean_val_rmse": 7.646182959506291,
  "best_model_metadata": {
    "backend": "pygam",
    "benchiq_version": "0.1.0a0",
    "cv_folds": 5,
    "feature_names": [
      "theta_b",
      "theta_se_b",
      "sub_b",
      "lin_b"
    ],
    "fit_statistics": {
      "aic": 1438.270445866252,
      "edof": 10.33161082642173,
      "gcv": 58.999928824705854,
      "loglikelihood": -707.8036121067042,
      "pseudo_r2": {
        "McFadden": 0.6712135808756338,
        "McFadden_adj": 0.31898890272235814,
        "explained_deviance": 0.7772994755557278
      },
      "scale": 7.333100342644653
    },
    "fit_warnings": [],
    "model_hyperparameters": {
      "fit_intercept": true,
      "lam": 1.0,
      "max_iter": 100,
      "terms": "s(0) + s(1) + s(2) + s(3) + intercept",
      "tol": 0.0001
    },
    "n_features": 4,
    "n_splines": 8,
    "pickle_protocol": 5,
    "pygam_version": "0.12.0",
    "python_version": "3.14.4",
    "selected_lam": 1.0,
    "selection_metric": "rmse",
    "skipped_lam_settings": [],
    "target_name": "score_full_b",
    "test_row_count": 27,
    "train_row_count": 209
  },
  "cv_folds": 5,
  "holdout_row_count": 27,
  "lam_grid": [
    0.1,
    1.0
  ],
  "lam_summaries": [
    {
      "fold_count": 5,
      "lam": 0.1,
      "max_val_rmse": 9.492570718804263,
      "mean_baseline_val_rmse": 15.019814410271167,
      "mean_test_rmse": 7.81622549421715,
      "mean_val_rmse": 7.7494413438739
    },
    {
      "fold_count": 5,
      "lam": 1.0,
      "max_val_rmse": 9.37997108502049,
      "mean_baseline_val_rmse": 15.019814410271167,
      "mean_test_rmse": 7.912907131228228,
      "mean_val_rmse": 7.646182959506291
    }
  ],
  "selection_metric": "rmse",
  "skipped_lam_settings": []
}
