{
  "backend": "pygam",
  "best_holdout_rmse": 0.8137848393732863,
  "best_lam": 0.1,
  "best_max_val_rmse": 0.8847257142162617,
  "best_mean_baseline_val_rmse": 11.421998672207149,
  "best_mean_val_rmse": 0.8703256581096067,
  "best_model_metadata": {
    "backend": "pygam",
    "benchiq_version": "0.1.0a0",
    "cv_folds": 5,
    "feature_names": [
      "theta_b",
      "theta_se_b",
      "sub_b",
      "lin_b"
    ],
    "fit_statistics": {
      "aic": 14015.692631272103,
      "edof": 24.578862870749987,
      "gcv": 0.7591062620676409,
      "loglikelihood": -6982.267452765302,
      "pseudo_r2": {
        "McFadden": 0.014584681663640502,
        "McFadden_adj": 0.9853639775802155,
        "explained_deviance": 0.99425436453975
      },
      "scale": 0.8677423767305111
    },
    "fit_warnings": [],
    "model_hyperparameters": {
      "fit_intercept": true,
      "lam": 0.1,
      "max_iter": 100,
      "terms": "s(0) + s(1) + s(2) + s(3) + intercept",
      "tol": 0.0001
    },
    "n_features": 4,
    "n_splines": 10,
    "pickle_protocol": 5,
    "pygam_version": "0.12.0",
    "python_version": "3.14.4",
    "selected_lam": 0.1,
    "selection_metric": "rmse",
    "skipped_lam_settings": [],
    "target_name": "score_full_b",
    "test_row_count": 464,
    "train_row_count": 5477
  },
  "cv_folds": 5,
  "holdout_row_count": 464,
  "lam_grid": [
    0.1,
    1.0
  ],
  "lam_summaries": [
    {
      "fold_count": 5,
      "lam": 0.1,
      "max_val_rmse": 0.8847257142162617,
      "mean_baseline_val_rmse": 11.421998672207149,
      "mean_test_rmse": 0.8145898773166845,
      "mean_val_rmse": 0.8703256581096067
    },
    {
      "fold_count": 5,
      "lam": 1.0,
      "max_val_rmse": 0.8854967070940473,
      "mean_baseline_val_rmse": 11.421998672207149,
      "mean_test_rmse": 0.8209564789883446,
      "mean_val_rmse": 0.87236512373239
    }
  ],
  "selection_metric": "rmse",
  "skipped_lam_settings": []
}
