{
  "backend": "pygam",
  "best_holdout_rmse": 10.121121697368329,
  "best_lam": 1.0,
  "best_max_val_rmse": 16.020480154144884,
  "best_mean_baseline_val_rmse": 27.650790929924895,
  "best_mean_val_rmse": 14.238975556787352,
  "best_model_metadata": {
    "backend": "pygam",
    "benchiq_version": "0.1.0a0",
    "cv_folds": 3,
    "feature_names": [
      "theta_b1",
      "theta_b2",
      "theta_b3",
      "theta_se_b",
      "sub_b",
      "grand_sub",
      "lin_b",
      "grand_lin"
    ],
    "fit_statistics": {
      "aic": 391.7327467658502,
      "edof": 10.232468936982654,
      "gcv": 254.05357447485298,
      "loglikelihood": -184.63390444594245,
      "pseudo_r2": {
        "McFadden": 0.6716540516115342,
        "McFadden_adj": 0.2911226700304772,
        "explained_deviance": 0.8269833533631088
      },
      "scale": 12.606207619442662
    },
    "fit_warnings": [],
    "model_hyperparameters": {
      "fit_intercept": true,
      "lam": 1.0,
      "max_iter": 100,
      "terms": "s(0) + s(1) + s(2) + s(3) + s(4) + s(5) + s(6) + s(7) + intercept",
      "tol": 0.0001
    },
    "n_features": 8,
    "n_splines": 5,
    "pickle_protocol": 5,
    "pygam_version": "0.12.0",
    "python_version": "3.14.4",
    "selected_lam": 1.0,
    "selection_metric": "rmse",
    "skipped_lam_settings": [],
    "target_name": "score_full_b",
    "test_row_count": 6,
    "train_row_count": 48
  },
  "cv_folds": 3,
  "holdout_row_count": 6,
  "lam_grid": [
    0.1,
    1.0
  ],
  "lam_summaries": [
    {
      "fold_count": 3,
      "lam": 0.1,
      "max_val_rmse": 16.215623563909986,
      "mean_baseline_val_rmse": 27.650790929924895,
      "mean_test_rmse": 13.388622450686249,
      "mean_val_rmse": 14.551922069606668
    },
    {
      "fold_count": 3,
      "lam": 1.0,
      "max_val_rmse": 16.020480154144884,
      "mean_baseline_val_rmse": 27.650790929924895,
      "mean_test_rmse": 12.734591806625453,
      "mean_val_rmse": 14.238975556787352
    }
  ],
  "selection_metric": "rmse",
  "skipped_lam_settings": []
}
