{
  "backend": "pygam",
  "best_holdout_rmse": 13.324390677098927,
  "best_lam": 1.0,
  "best_max_val_rmse": 16.951856917914235,
  "best_mean_baseline_val_rmse": 28.181694337867555,
  "best_mean_val_rmse": 15.63355469403976,
  "best_model_metadata": {
    "backend": "pygam",
    "benchiq_version": "0.1.0a0",
    "cv_folds": 3,
    "feature_names": [
      "theta_b",
      "theta_se_b",
      "sub_b",
      "lin_b"
    ],
    "fit_statistics": {
      "aic": 403.0457229735167,
      "edof": 5.428922393686426,
      "gcv": 278.3503218878048,
      "loglikelihood": -195.09393909307192,
      "pseudo_r2": {
        "McFadden": 0.7615375735355017,
        "McFadden_adj": 0.21727095118946083,
        "explained_deviance": 0.7416046509617007
      },
      "scale": 14.910561780496561
    },
    "fit_warnings": [],
    "model_hyperparameters": {
      "fit_intercept": true,
      "lam": 1.0,
      "max_iter": 100,
      "terms": "s(0) + s(1) + s(2) + s(3) + intercept",
      "tol": 0.0001
    },
    "n_features": 4,
    "n_splines": 5,
    "pickle_protocol": 5,
    "pygam_version": "0.12.0",
    "python_version": "3.14.4",
    "selected_lam": 1.0,
    "selection_metric": "rmse",
    "skipped_lam_settings": [],
    "target_name": "score_full_b",
    "test_row_count": 6,
    "train_row_count": 48
  },
  "cv_folds": 3,
  "holdout_row_count": 6,
  "lam_grid": [
    0.1,
    1.0
  ],
  "lam_summaries": [
    {
      "fold_count": 3,
      "lam": 0.1,
      "max_val_rmse": 17.24566017237399,
      "mean_baseline_val_rmse": 28.181694337867555,
      "mean_test_rmse": 13.856049041956306,
      "mean_val_rmse": 15.777885985306716
    },
    {
      "fold_count": 3,
      "lam": 1.0,
      "max_val_rmse": 16.951856917914235,
      "mean_baseline_val_rmse": 28.181694337867555,
      "mean_test_rmse": 13.83826015845014,
      "mean_val_rmse": 15.63355469403976
    }
  ],
  "selection_metric": "rmse",
  "skipped_lam_settings": []
}
