{
  "backend": "pygam",
  "best_holdout_rmse": 0.8729715994165964,
  "best_lam": 0.1,
  "best_max_val_rmse": 0.8439908270596485,
  "best_mean_baseline_val_rmse": 15.587642250209537,
  "best_mean_val_rmse": 0.7894094490018937,
  "best_model_metadata": {
    "backend": "pygam",
    "benchiq_version": "0.1.0a0",
    "cv_folds": 5,
    "feature_names": [
      "theta_b",
      "theta_se_b",
      "sub_b",
      "lin_b"
    ],
    "fit_statistics": {
      "aic": 10137.304781639918,
      "edof": 20.451089987529215,
      "gcv": 0.6268381285237903,
      "loglikelihood": -5047.201300832429,
      "pseudo_r2": {
        "McFadden": 0.006009292519204341,
        "McFadden_adj": 0.9939663580295361,
        "explained_deviance": 0.9974542201302622
      },
      "scale": 0.7883219883293374
    },
    "fit_warnings": [],
    "model_hyperparameters": {
      "fit_intercept": true,
      "lam": 0.1,
      "max_iter": 100,
      "terms": "s(0) + s(1) + s(2) + s(3) + intercept",
      "tol": 0.0001
    },
    "n_features": 4,
    "n_splines": 10,
    "pickle_protocol": 5,
    "pygam_version": "0.12.0",
    "python_version": "3.14.4",
    "selected_lam": 0.1,
    "selection_metric": "rmse",
    "skipped_lam_settings": [],
    "target_name": "score_full_b",
    "test_row_count": 464,
    "train_row_count": 4282
  },
  "cv_folds": 5,
  "holdout_row_count": 464,
  "lam_grid": [
    0.1,
    1.0
  ],
  "lam_summaries": [
    {
      "fold_count": 5,
      "lam": 0.1,
      "max_val_rmse": 0.8439908270596485,
      "mean_baseline_val_rmse": 15.587642250209537,
      "mean_test_rmse": 0.8734240238210036,
      "mean_val_rmse": 0.7894094490018937
    },
    {
      "fold_count": 5,
      "lam": 1.0,
      "max_val_rmse": 0.8461170075000282,
      "mean_baseline_val_rmse": 15.587642250209537,
      "mean_test_rmse": 0.8754726802785033,
      "mean_val_rmse": 0.7902745502051467
    }
  ],
  "selection_metric": "rmse",
  "skipped_lam_settings": []
}
