{
  "backend": "pygam",
  "best_holdout_rmse": 10.020100533197608,
  "best_lam": 1.0,
  "best_max_val_rmse": 10.874596159852059,
  "best_mean_baseline_val_rmse": 15.377287816147367,
  "best_mean_val_rmse": 10.036105801926652,
  "best_model_metadata": {
    "backend": "pygam",
    "benchiq_version": "0.1.0a0",
    "cv_folds": 5,
    "feature_names": [
      "theta_b",
      "theta_se_b",
      "sub_b",
      "lin_b"
    ],
    "fit_statistics": {
      "aic": 1754.4038884091046,
      "edof": 10.125053388618738,
      "gcv": 105.26331824798845,
      "loglikelihood": -866.0768908159336,
      "pseudo_r2": {
        "McFadden": 0.8338985038788761,
        "McFadden_adj": 0.15635263090834983,
        "explained_deviance": 0.6054112141401875
      },
      "scale": 9.85557920438815
    },
    "fit_warnings": [],
    "model_hyperparameters": {
      "fit_intercept": true,
      "lam": 1.0,
      "max_iter": 100,
      "terms": "s(0) + s(1) + s(2) + s(3) + intercept",
      "tol": 0.0001
    },
    "n_features": 4,
    "n_splines": 8,
    "pickle_protocol": 5,
    "pygam_version": "0.12.0",
    "python_version": "3.14.4",
    "selected_lam": 1.0,
    "selection_metric": "rmse",
    "skipped_lam_settings": [],
    "target_name": "score_full_b",
    "test_row_count": 30,
    "train_row_count": 235
  },
  "cv_folds": 5,
  "holdout_row_count": 30,
  "lam_grid": [
    0.1,
    1.0
  ],
  "lam_summaries": [
    {
      "fold_count": 5,
      "lam": 0.1,
      "max_val_rmse": 11.04330557356466,
      "mean_baseline_val_rmse": 15.377287816147367,
      "mean_test_rmse": 10.146541047301293,
      "mean_val_rmse": 10.045362594258215
    },
    {
      "fold_count": 5,
      "lam": 1.0,
      "max_val_rmse": 10.874596159852059,
      "mean_baseline_val_rmse": 15.377287816147367,
      "mean_test_rmse": 10.056251668098522,
      "mean_val_rmse": 10.036105801926652
    }
  ],
  "selection_metric": "rmse",
  "skipped_lam_settings": []
}
