{
  "artifacts": {
    "expected_test_information_plot": "reports/budget_overlap_tuning/workdir_seed7_followup/budget_followup__large_release_default_subset__kp-300__kf-200__seed-7/artifacts/06_select/per_benchmark/hellaswag/plots/expected_test_information.png",
    "plots_reason": null,
    "plots_written": true
  },
  "benchmark_id": "hellaswag",
  "counts": {
    "candidate_item_count": 300,
    "info_grid_row_count": 75300,
    "selected_item_count": 200
  },
  "expected_test_information": {
    "full_sum_max": 900.9740837541267,
    "reduced_sum_max": 387.1835179868088
  },
  "generated_at": "2026-04-19T17:06:58.949908+00:00",
  "parameters": {
    "effective_k_final": 200,
    "info_min": 0.0,
    "n_bins": 200,
    "requested_k_final": 200,
    "theta_grid_size": 251,
    "theta_grid_type": "difficulty_range"
  },
  "selected_item_ids": [
    "5213",
    "1544",
    "7039",
    "6678",
    "2403",
    "493",
    "5282",
    "1729",
    "5140",
    "7755",
    "4846",
    "5090",
    "5585",
    "5321",
    "856",
    "6850",
    "9541",
    "4360",
    "3507",
    "5314",
    "5010",
    "5639",
    "1626",
    "2749",
    "7336",
    "7222",
    "3299",
    "2575",
    "9115",
    "4131",
    "1510",
    "6359",
    "2629",
    "7224",
    "5745",
    "1873",
    "3927",
    "5886",
    "1564",
    "9140",
    "7998",
    "6425",
    "1247",
    "307",
    "515",
    "7661",
    "6863",
    "7987",
    "7846",
    "4158",
    "862",
    "4925",
    "364",
    "7103",
    "8325",
    "9893",
    "689",
    "6177",
    "6684",
    "9401",
    "5474",
    "2024",
    "3057",
    "5906",
    "2595",
    "2785",
    "4727",
    "7857",
    "7811",
    "4440",
    "4505",
    "5917",
    "5063",
    "6547",
    "4450",
    "5242",
    "6755",
    "1307",
    "3419",
    "9162",
    "9288",
    "9007",
    "9141",
    "9368",
    "2973",
    "8876",
    "7606",
    "1355",
    "5694",
    "8155",
    "6265",
    "5922",
    "8598",
    "8349",
    "1338",
    "4378",
    "4704",
    "8295",
    "9245",
    "3994",
    "7277",
    "703",
    "2238",
    "1047",
    "1598",
    "2472",
    "562",
    "7172",
    "3849",
    "3101",
    "2013",
    "6632",
    "5671",
    "2366",
    "5086",
    "5503",
    "9204",
    "5062",
    "614",
    "3677",
    "8739",
    "9665",
    "6564",
    "2458",
    "4798",
    "6861",
    "683",
    "1545",
    "260",
    "4292",
    "3360",
    "5738",
    "1265",
    "5994",
    "10040",
    "4331",
    "5268",
    "7009",
    "5614",
    "9327",
    "7718",
    "8089",
    "8980",
    "3854",
    "2133",
    "3421",
    "5875",
    "435",
    "6314",
    "8056",
    "6943",
    "3044",
    "4046",
    "2126",
    "9680",
    "9648",
    "1916",
    "5248",
    "7440",
    "7099",
    "4680",
    "3006",
    "1985",
    "9352",
    "5109",
    "6080",
    "1291",
    "4557",
    "9477",
    "3233",
    "1650",
    "7936",
    "5439",
    "7888",
    "3273",
    "1997",
    "3610",
    "1497",
    "5199",
    "713",
    "4020",
    "1938",
    "9863",
    "6882",
    "1221",
    "7165",
    "1449",
    "4832",
    "564",
    "7439",
    "679",
    "1646",
    "6752",
    "370",
    "5713",
    "3705",
    "1037",
    "1138",
    "118",
    "1212"
  ],
  "skipped": false,
  "skipped_reason": null,
  "theta_grid": {
    "grid_size": 251,
    "max_theta": 6.746401763718396,
    "min_theta": -5.36878335516768
  },
  "warnings": []
}
