{
  "backend": "pygam",
  "best_holdout_rmse": 0.8923190808756121,
  "best_lam": 0.1,
  "best_max_val_rmse": 0.8180094123169237,
  "best_mean_baseline_val_rmse": 15.625859887784575,
  "best_mean_val_rmse": 0.7923378739833351,
  "best_model_metadata": {
    "backend": "pygam",
    "benchiq_version": "0.1.0a0",
    "cv_folds": 5,
    "feature_names": [
      "theta_b",
      "theta_se_b",
      "sub_b",
      "lin_b"
    ],
    "fit_statistics": {
      "aic": 10143.95500598843,
      "edof": 20.01904304243439,
      "gcv": 0.6302041235788627,
      "loglikelihood": -5050.95845995178,
      "pseudo_r2": {
        "McFadden": 0.0060258463399735845,
        "McFadden_adj": 0.993950270732023,
        "explained_deviance": 0.9974529983297383
      },
      "scale": 0.7905025679725319
    },
    "fit_warnings": [],
    "model_hyperparameters": {
      "fit_intercept": true,
      "lam": 0.1,
      "max_iter": 100,
      "terms": "s(0) + s(1) + s(2) + s(3) + intercept",
      "tol": 0.0001
    },
    "n_features": 4,
    "n_splines": 10,
    "pickle_protocol": 5,
    "pygam_version": "0.12.0",
    "python_version": "3.14.4",
    "selected_lam": 0.1,
    "selection_metric": "rmse",
    "skipped_lam_settings": [],
    "target_name": "score_full_b",
    "test_row_count": 461,
    "train_row_count": 4275
  },
  "cv_folds": 5,
  "holdout_row_count": 461,
  "lam_grid": [
    0.1,
    1.0
  ],
  "lam_summaries": [
    {
      "fold_count": 5,
      "lam": 0.1,
      "max_val_rmse": 0.8180094123169237,
      "mean_baseline_val_rmse": 15.625859887784575,
      "mean_test_rmse": 0.893166455640953,
      "mean_val_rmse": 0.7923378739833351
    },
    {
      "fold_count": 5,
      "lam": 1.0,
      "max_val_rmse": 0.8173595176865601,
      "mean_baseline_val_rmse": 15.625859887784575,
      "mean_test_rmse": 0.8971680799417842,
      "mean_val_rmse": 0.793247627069071
    }
  ],
  "selection_metric": "rmse",
  "skipped_lam_settings": []
}
