{
  "backend": "pygam",
  "best_holdout_rmse": 1.1350757550888535,
  "best_lam": 0.1,
  "best_max_val_rmse": 1.0442612152731081,
  "best_mean_baseline_val_rmse": 16.77263386702641,
  "best_mean_val_rmse": 1.0066360954915585,
  "best_model_metadata": {
    "backend": "pygam",
    "benchiq_version": "0.1.0a0",
    "cv_folds": 5,
    "feature_names": [
      "theta_b",
      "theta_se_b",
      "sub_b",
      "lin_b"
    ],
    "fit_statistics": {
      "aic": 12188.833778898514,
      "edof": 24.645998239243184,
      "gcv": 1.0176593306623856,
      "loglikelihood": -6068.770891210013,
      "pseudo_r2": {
        "McFadden": 0.010102154749843622,
        "McFadden_adj": 0.9898568192017785,
        "explained_deviance": 0.9964390265815283
      },
      "scale": 1.0035458414710772
    },
    "fit_warnings": [],
    "model_hyperparameters": {
      "fit_intercept": true,
      "lam": 0.1,
      "max_iter": 100,
      "terms": "s(0) + s(1) + s(2) + s(3) + intercept",
      "tol": 0.0001
    },
    "n_features": 4,
    "n_splines": 10,
    "pickle_protocol": 5,
    "pygam_version": "0.12.0",
    "python_version": "3.14.4",
    "selected_lam": 0.1,
    "selection_metric": "rmse",
    "skipped_lam_settings": [],
    "target_name": "score_full_b",
    "test_row_count": 461,
    "train_row_count": 4275
  },
  "cv_folds": 5,
  "holdout_row_count": 461,
  "lam_grid": [
    0.1,
    1.0
  ],
  "lam_summaries": [
    {
      "fold_count": 5,
      "lam": 0.1,
      "max_val_rmse": 1.0442612152731081,
      "mean_baseline_val_rmse": 16.77263386702641,
      "mean_test_rmse": 1.1350573860829396,
      "mean_val_rmse": 1.0066360954915585
    },
    {
      "fold_count": 5,
      "lam": 1.0,
      "max_val_rmse": 1.0484761575286676,
      "mean_baseline_val_rmse": 16.77263386702641,
      "mean_test_rmse": 1.1313439457451904,
      "mean_val_rmse": 1.0097130693380856
    }
  ],
  "selection_metric": "rmse",
  "skipped_lam_settings": []
}
