{
  "backend": "pygam",
  "best_holdout_rmse": 0.9428646757139652,
  "best_lam": 0.1,
  "best_max_val_rmse": 0.9206436587200294,
  "best_mean_baseline_val_rmse": 16.73366444581148,
  "best_mean_val_rmse": 0.8750059062639999,
  "best_model_metadata": {
    "backend": "pygam",
    "benchiq_version": "0.1.0a0",
    "cv_folds": 5,
    "feature_names": [
      "theta_b",
      "theta_se_b",
      "sub_b",
      "lin_b"
    ],
    "fit_statistics": {
      "aic": 10989.295814162377,
      "edof": 22.754799353585348,
      "gcv": 0.76701036091706,
      "loglikelihood": -5470.893107727603,
      "pseudo_r2": {
        "McFadden": 0.006909255359321246,
        "McFadden_adj": 0.9930620073364967,
        "explained_deviance": 0.9973016070470915
      },
      "scale": 0.8715906740327699
    },
    "fit_warnings": [],
    "model_hyperparameters": {
      "fit_intercept": true,
      "lam": 0.1,
      "max_iter": 100,
      "terms": "s(0) + s(1) + s(2) + s(3) + intercept",
      "tol": 0.0001
    },
    "n_features": 4,
    "n_splines": 10,
    "pickle_protocol": 5,
    "pygam_version": "0.12.0",
    "python_version": "3.14.4",
    "selected_lam": 0.1,
    "selection_metric": "rmse",
    "skipped_lam_settings": [],
    "target_name": "score_full_b",
    "test_row_count": 463,
    "train_row_count": 4278
  },
  "cv_folds": 5,
  "holdout_row_count": 463,
  "lam_grid": [
    0.1,
    1.0
  ],
  "lam_summaries": [
    {
      "fold_count": 5,
      "lam": 0.1,
      "max_val_rmse": 0.9206436587200294,
      "mean_baseline_val_rmse": 16.73366444581148,
      "mean_test_rmse": 0.9433844654451302,
      "mean_val_rmse": 0.8750059062639999
    },
    {
      "fold_count": 5,
      "lam": 1.0,
      "max_val_rmse": 0.9241351467929532,
      "mean_baseline_val_rmse": 16.73366444581148,
      "mean_test_rmse": 0.9434489703724547,
      "mean_val_rmse": 0.8770217110040608
    }
  ],
  "selection_metric": "rmse",
  "skipped_lam_settings": []
}
