strategy_id,equal_weight_rmse_mean,equal_weight_mae_mean,equal_weight_pearson_mean,equal_weight_spearman_mean,equal_weight_seed_rmse_std_mean,informative_source_count
psychometric_default__deterministic_info,3.1588682844538645,2.6103204669996773,0.9894906622457024,0.9892701947817377,0.0,3
minimal_cleaning__deterministic_info,3.5280700035031654,2.8506581922381393,0.9860210233000002,0.9703017077487326,0.0,3
reconstruction_first__deterministic_info,3.5280700035031654,2.8506581922381393,0.9860210233000002,0.9703017077487326,0.0,3
reconstruction_first_relaxed__deterministic_info,3.5280700035031654,2.8506581922381393,0.9860210233000002,0.9703017077487326,0.0,3
psychometric_default__random_cv,4.344943788246322,3.690015306341565,0.9874547526455683,0.9076668905028793,0.0,3
reconstruction_first__random_cv,4.709319902830566,3.7641978305890103,0.9210041427024936,0.9234639028067395,0.0,3
