{
  "benchmark_id": "b3",
  "generated_at": "2026-04-17T23:35:56.397770+00:00",
  "joint": {
    "available_row_count": 60,
    "benchmark_id": "b3",
    "cv_report": {
      "backend": "pygam",
      "best_holdout_rmse": 13.636125768087261,
      "best_lam": 1.0,
      "best_max_val_rmse": 21.418245521672016,
      "best_mean_baseline_val_rmse": 26.711291521021376,
      "best_mean_val_rmse": 16.862384971921504,
      "best_model_metadata": {
        "backend": "pygam",
        "benchiq_version": "0.1.0a0",
        "cv_folds": 3,
        "feature_names": [
          "theta_b1",
          "theta_b2",
          "theta_b3",
          "theta_se_b",
          "sub_b",
          "grand_sub",
          "lin_b",
          "grand_lin"
        ],
        "fit_statistics": {
          "aic": 400.4657151226356,
          "edof": 10.00705878400166,
          "gcv": 302.3161578591769,
          "loglikelihood": -189.22579877731613,
          "pseudo_r2": {
            "McFadden": 0.7335438284902355,
            "McFadden_adj": 0.22766327825855426,
            "explained_deviance": 0.7834711123259648
          },
          "scale": 13.839209114575775
        },
        "fit_warnings": [],
        "model_hyperparameters": {
          "fit_intercept": true,
          "lam": 1.0,
          "max_iter": 100,
          "terms": "s(0) + s(1) + s(2) + s(3) + s(4) + s(5) + s(6) + s(7) + intercept",
          "tol": 0.0001
        },
        "n_features": 8,
        "n_splines": 5,
        "pickle_protocol": 5,
        "pygam_version": "0.12.0",
        "python_version": "3.14.4",
        "selected_lam": 1.0,
        "selection_metric": "rmse",
        "skipped_lam_settings": [],
        "target_name": "score_full_b",
        "test_row_count": 6,
        "train_row_count": 48
      },
      "cv_folds": 3,
      "holdout_row_count": 6,
      "lam_grid": [
        0.1,
        1.0
      ],
      "lam_summaries": [
        {
          "fold_count": 3,
          "lam": 0.1,
          "max_val_rmse": 21.829565721686507,
          "mean_baseline_val_rmse": 26.711291521021376,
          "mean_test_rmse": 16.064531686269792,
          "mean_val_rmse": 17.747353339800622
        },
        {
          "fold_count": 3,
          "lam": 1.0,
          "max_val_rmse": 21.418245521672016,
          "mean_baseline_val_rmse": 26.711291521021376,
          "mean_test_rmse": 13.984715757322405,
          "mean_val_rmse": 16.862384971921504
        }
      ],
      "selection_metric": "rmse",
      "skipped_lam_settings": []
    },
    "feature_columns": [
      "theta_b1",
      "theta_b2",
      "theta_b3",
      "theta_se_b",
      "sub_b",
      "grand_sub",
      "lin_b",
      "grand_lin"
    ],
    "metrics": {
      "test": {
        "baseline_mae": 15.079365079365083,
        "baseline_rmse": 18.59583256168251,
        "mae": 10.194227404693718,
        "pearson_r": 0.7425983038681566,
        "rmse": 13.636125768087261,
        "row_count": 6,
        "spearman_r": 0.753702346348183
      },
      "train": {
        "baseline_mae": 21.32936507936508,
        "baseline_rmse": 26.45965567963437,
        "mae": 9.399287975426473,
        "pearson_r": 0.8851392357268308,
        "rmse": 12.31238283730375,
        "row_count": 48,
        "spearman_r": 0.856816382317328
      },
      "val": {
        "baseline_mae": 21.42857142857143,
        "baseline_rmse": 22.461859838230012,
        "mae": 11.574445377839941,
        "pearson_r": 0.8859030212862976,
        "rmse": 14.025452813168855,
        "row_count": 6,
        "spearman_r": 0.8827348295047495
      }
    },
    "model_type": "joint",
    "skip_reason": null,
    "skipped": false,
    "split_counts": {
      "test": 6,
      "train": 48,
      "val": 6
    },
    "test_row_count": 6,
    "train_row_count": 48,
    "val_row_count": 6
  },
  "marginal": {
    "available_row_count": 60,
    "benchmark_id": "b3",
    "cv_report": {
      "backend": "pygam",
      "best_holdout_rmse": 11.79990587864567,
      "best_lam": 0.1,
      "best_max_val_rmse": 19.69219319444402,
      "best_mean_baseline_val_rmse": 27.388371458219705,
      "best_mean_val_rmse": 15.634262394403692,
      "best_model_metadata": {
        "backend": "pygam",
        "benchiq_version": "0.1.0a0",
        "cv_folds": 3,
        "feature_names": [
          "theta_b",
          "theta_se_b",
          "sub_b",
          "lin_b"
        ],
        "fit_statistics": {
          "aic": 401.6149720983424,
          "edof": 4.999998542076425,
          "gcv": 267.34103915315063,
          "loglikelihood": -194.80748750709478,
          "pseudo_r2": {
            "McFadden": 0.7777403956393634,
            "McFadden_adj": 0.20229784162721443,
            "explained_deviance": 0.7213990859501564
          },
          "scale": 14.755768749793706
        },
        "fit_warnings": [],
        "model_hyperparameters": {
          "fit_intercept": true,
          "lam": 0.1,
          "max_iter": 100,
          "terms": "s(0) + s(1) + s(2) + s(3) + intercept",
          "tol": 0.0001
        },
        "n_features": 4,
        "n_splines": 5,
        "pickle_protocol": 5,
        "pygam_version": "0.12.0",
        "python_version": "3.14.4",
        "selected_lam": 0.1,
        "selection_metric": "rmse",
        "skipped_lam_settings": [],
        "target_name": "score_full_b",
        "test_row_count": 6,
        "train_row_count": 48
      },
      "cv_folds": 3,
      "holdout_row_count": 6,
      "lam_grid": [
        0.1,
        1.0
      ],
      "lam_summaries": [
        {
          "fold_count": 3,
          "lam": 0.1,
          "max_val_rmse": 19.69219319444402,
          "mean_baseline_val_rmse": 27.388371458219705,
          "mean_test_rmse": 12.564692845926318,
          "mean_val_rmse": 15.634262394403692
        },
        {
          "fold_count": 3,
          "lam": 1.0,
          "max_val_rmse": 19.692197369598713,
          "mean_baseline_val_rmse": 27.388371458219705,
          "mean_test_rmse": 12.564697590440986,
          "mean_val_rmse": 15.634263786102194
        }
      ],
      "selection_metric": "rmse",
      "skipped_lam_settings": []
    },
    "feature_columns": [
      "theta_b",
      "theta_se_b",
      "sub_b",
      "lin_b"
    ],
    "metrics": {
      "test": {
        "baseline_mae": 15.079365079365083,
        "baseline_rmse": 18.59583256168251,
        "mae": 10.443066429657142,
        "pearson_r": 0.7710981078978074,
        "rmse": 11.79990587864567,
        "row_count": 6,
        "spearman_r": 0.7700513795421217
      },
      "train": {
        "baseline_mae": 21.32936507936508,
        "baseline_rmse": 26.45965567963437,
        "mae": 11.22810175246729,
        "pearson_r": 0.8493521566171224,
        "rmse": 13.966109953745589,
        "row_count": 48,
        "spearman_r": 0.8200490395303436
      },
      "val": {
        "baseline_mae": 21.42857142857143,
        "baseline_rmse": 22.461859838230012,
        "mae": 9.757236327287961,
        "pearson_r": 0.9074717717716775,
        "rmse": 10.953019301817823,
        "row_count": 6,
        "spearman_r": 0.909090909090909
      }
    },
    "model_type": "marginal",
    "skip_reason": null,
    "skipped": false,
    "split_counts": {
      "test": 6,
      "train": 48,
      "val": 6
    },
    "test_row_count": 6,
    "train_row_count": 48,
    "val_row_count": 6
  },
  "summary_rows": [
    {
      "baseline_mae": 21.32936507936508,
      "baseline_rmse": 26.45965567963437,
      "benchmark_id": "b3",
      "mae": 11.22810175246729,
      "model_type": "marginal",
      "pearson_r": 0.8493521566171224,
      "rmse": 13.966109953745589,
      "row_count": 48,
      "skip_reason": null,
      "skipped": false,
      "spearman_r": 0.8200490395303436,
      "split": "train"
    },
    {
      "baseline_mae": 21.42857142857143,
      "baseline_rmse": 22.461859838230012,
      "benchmark_id": "b3",
      "mae": 9.757236327287961,
      "model_type": "marginal",