{
  "backend": "pygam",
  "best_holdout_rmse": 0.8474929970703167,
  "best_lam": 0.1,
  "best_max_val_rmse": 0.8353905145285156,
  "best_mean_baseline_val_rmse": 15.516635187131163,
  "best_mean_val_rmse": 0.8070869994905344,
  "best_model_metadata": {
    "backend": "pygam",
    "benchiq_version": "0.1.0a0",
    "cv_folds": 5,
    "feature_names": [
      "theta_b",
      "theta_se_b",
      "sub_b",
      "lin_b"
    ],
    "fit_statistics": {
      "aic": 10310.777920559087,
      "edof": 20.245624683562056,
      "gcv": 0.6553109212725794,
      "loglikelihood": -5134.143335595982,
      "pseudo_r2": {
        "McFadden": 0.006463647933441263,
        "McFadden_adj": 0.9935108637656693,
        "explained_deviance": 0.9973115541700124
      },
      "scale": 0.8060565137842169
    },
    "fit_warnings": [],
    "model_hyperparameters": {
      "fit_intercept": true,
      "lam": 0.1,
      "max_iter": 100,
      "terms": "s(0) + s(1) + s(2) + s(3) + intercept",
      "tol": 0.0001
    },
    "n_features": 4,
    "n_splines": 10,
    "pickle_protocol": 5,
    "pygam_version": "0.12.0",
    "python_version": "3.14.4",
    "selected_lam": 0.1,
    "selection_metric": "rmse",
    "skipped_lam_settings": [],
    "target_name": "score_full_b",
    "test_row_count": 461,
    "train_row_count": 4275
  },
  "cv_folds": 5,
  "holdout_row_count": 461,
  "lam_grid": [
    0.1,
    1.0
  ],
  "lam_summaries": [
    {
      "fold_count": 5,
      "lam": 0.1,
      "max_val_rmse": 0.8353905145285156,
      "mean_baseline_val_rmse": 15.516635187131163,
      "mean_test_rmse": 0.8482201428035612,
      "mean_val_rmse": 0.8070869994905344
    },
    {
      "fold_count": 5,
      "lam": 1.0,
      "max_val_rmse": 0.8344294556095666,
      "mean_baseline_val_rmse": 15.516635187131163,
      "mean_test_rmse": 0.8526908560360196,
      "mean_val_rmse": 0.8079099417121227
    }
  ],
  "selection_metric": "rmse",
  "skipped_lam_settings": []
}
