{
  "backend": "pygam",
  "best_holdout_rmse": 13.778706354256952,
  "best_lam": 1.0,
  "best_max_val_rmse": 19.702487880660524,
  "best_mean_baseline_val_rmse": 26.973526906147033,
  "best_mean_val_rmse": 15.571882840063855,
  "best_model_metadata": {
    "backend": "pygam",
    "benchiq_version": "0.1.0a0",
    "cv_folds": 3,
    "feature_names": [
      "theta_b",
      "theta_se_b",
      "sub_b",
      "lin_b"
    ],
    "fit_statistics": {
      "aic": 386.2209967550386,
      "edof": 5.582002351508265,
      "gcv": 196.8046671443777,
      "loglikelihood": -186.52849602601103,
      "pseudo_r2": {
        "McFadden": 0.701574696160116,
        "McFadden_adj": 0.2774301653642145,
        "explained_deviance": 0.7890736671759555
      },
      "scale": 12.493614309019096
    },
    "fit_warnings": [],
    "model_hyperparameters": {
      "fit_intercept": true,
      "lam": 1.0,
      "max_iter": 100,
      "terms": "s(0) + s(1) + s(2) + s(3) + intercept",
      "tol": 0.0001
    },
    "n_features": 4,
    "n_splines": 5,
    "pickle_protocol": 5,
    "pygam_version": "0.12.0",
    "python_version": "3.14.4",
    "selected_lam": 1.0,
    "selection_metric": "rmse",
    "skipped_lam_settings": [],
    "target_name": "score_full_b",
    "test_row_count": 6,
    "train_row_count": 48
  },
  "cv_folds": 3,
  "holdout_row_count": 6,
  "lam_grid": [
    0.1,
    1.0
  ],
  "lam_summaries": [
    {
      "fold_count": 3,
      "lam": 0.1,
      "max_val_rmse": 19.985542861617734,
      "mean_baseline_val_rmse": 26.973526906147033,
      "mean_test_rmse": 13.877514943469171,
      "mean_val_rmse": 16.171182380441394
    },
    {
      "fold_count": 3,
      "lam": 1.0,
      "max_val_rmse": 19.702487880660524,
      "mean_baseline_val_rmse": 26.973526906147033,
      "mean_test_rmse": 13.716103305975794,
      "mean_val_rmse": 15.571882840063855
    }
  ],
  "selection_metric": "rmse",
  "skipped_lam_settings": []
}
