item_id,benchiq_discrimination,benchiq_difficulty,r_discrimination_aligned,r_difficulty_aligned,icc_rmse
i1,1.3011125956895673,-1.000281600355369,0.8058925725723669,-1.363288773314181,0.08852938607837779
i2,1.1218230567955394,-0.6341663628542505,1.0345585293275146,-0.6374969157766058,0.012536730181338343
i3,1.0579816921205405,-0.116655093941426,1.5572159216479768,-0.25737176766794345,0.059566901934426035
i4,1.0372120081808907,0.08668734211978547,2.418928328623958,0.20733795603339222,0.10895817290331013
i5,1.1434010521863844,0.6781286180939682,3.929768536312103,0.46167953059191885,0.13791904467115726
i6,1.7171245060785318,1.1040096077326051,2.9916877502076544,0.9030500599170908,0.07280979176737963
