{
  "backend": "pygam",
  "best_holdout_rmse": 9.281949041294665,
  "best_lam": 1.0,
  "best_max_val_rmse": 9.022362282927816,
  "best_mean_baseline_val_rmse": 14.488608196186041,
  "best_mean_val_rmse": 7.8917156667196675,
  "best_model_metadata": {
    "backend": "pygam",
    "benchiq_version": "0.1.0a0",
    "cv_folds": 5,
    "feature_names": [
      "theta_b",
      "theta_se_b",
      "sub_b",
      "lin_b"
    ],
    "fit_statistics": {
      "aic": 1425.2575428749997,
      "edof": 10.261578213989054,
      "gcv": 65.56310111929858,
      "loglikelihood": -701.3671932235108,
      "pseudo_r2": {
        "McFadden": 0.7323662939345128,
        "McFadden_adj": 0.2569185855421591,
        "explained_deviance": 0.7257187140826113
      },
      "scale": 7.723648610869329
    },
    "fit_warnings": [],
    "model_hyperparameters": {
      "fit_intercept": true,
      "lam": 1.0,
      "max_iter": 100,
      "terms": "s(0) + s(1) + s(2) + s(3) + intercept",
      "tol": 0.0001
    },
    "n_features": 4,
    "n_splines": 8,
    "pickle_protocol": 5,
    "pygam_version": "0.12.0",
    "python_version": "3.14.4",
    "selected_lam": 1.0,
    "selection_metric": "rmse",
    "skipped_lam_settings": [],
    "target_name": "score_full_b",
    "test_row_count": 27,
    "train_row_count": 204
  },
  "cv_folds": 5,
  "holdout_row_count": 27,
  "lam_grid": [
    0.1,
    1.0
  ],
  "lam_summaries": [
    {
      "fold_count": 5,
      "lam": 0.1,
      "max_val_rmse": 9.224693179517061,
      "mean_baseline_val_rmse": 14.488608196186041,
      "mean_test_rmse": 9.288301365104724,
      "mean_val_rmse": 8.05856811926645
    },
    {
      "fold_count": 5,
      "lam": 1.0,
      "max_val_rmse": 9.022362282927816,
      "mean_baseline_val_rmse": 14.488608196186041,
      "mean_test_rmse": 9.32037398083707,
      "mean_val_rmse": 7.8917156667196675
    }
  ],
  "selection_metric": "rmse",
  "skipped_lam_settings": []
}
