{
  "backend": "pygam",
  "best_holdout_rmse": 0.653889346698016,
  "best_lam": 0.1,
  "best_max_val_rmse": 0.6951857987208002,
  "best_mean_baseline_val_rmse": 21.520265890691928,
  "best_mean_val_rmse": 0.6445546087808929,
  "best_model_metadata": {
    "backend": "pygam",
    "benchiq_version": "0.1.0a0",
    "cv_folds": 5,
    "feature_names": [
      "theta_b",
      "theta_se_b",
      "sub_b",
      "lin_b"
    ],
    "fit_statistics": {
      "aic": 8323.744715270477,
      "edof": 24.451829128267914,
      "gcv": 0.4114718592648789,
      "loglikelihood": -4136.420528506971,
      "pseudo_r2": {
        "McFadden": 0.0016990856000741739,
        "McFadden_adj": 0.9982908705104129,
        "explained_deviance": 0.9991256796501444
      },
      "scale": 0.6381541207204622
    },
    "fit_warnings": [],
    "model_hyperparameters": {
      "fit_intercept": true,
      "lam": 0.1,
      "max_iter": 100,
      "terms": "s(0) + s(1) + s(2) + s(3) + intercept",
      "tol": 0.0001
    },
    "n_features": 4,
    "n_splines": 10,
    "pickle_protocol": 5,
    "pygam_version": "0.12.0",
    "python_version": "3.14.4",
    "selected_lam": 0.1,
    "selection_metric": "rmse",
    "skipped_lam_settings": [],
    "target_name": "score_full_b",
    "test_row_count": 462,
    "train_row_count": 4278
  },
  "cv_folds": 5,
  "holdout_row_count": 462,
  "lam_grid": [
    0.1,
    1.0
  ],
  "lam_summaries": [
    {
      "fold_count": 5,
      "lam": 0.1,
      "max_val_rmse": 0.6951857987208002,
      "mean_baseline_val_rmse": 21.520265890691928,
      "mean_test_rmse": 0.654425201252597,
      "mean_val_rmse": 0.6445546087808929
    },
    {
      "fold_count": 5,
      "lam": 1.0,
      "max_val_rmse": 0.69991140706701,
      "mean_baseline_val_rmse": 21.520265890691928,
      "mean_test_rmse": 0.6625163542905093,
      "mean_val_rmse": 0.6541442882313895
    }
  ],
  "selection_metric": "rmse",
  "skipped_lam_settings": []
}
