{
  "backend": "pygam",
  "best_holdout_rmse": 13.636125768087261,
  "best_lam": 1.0,
  "best_max_val_rmse": 21.418245521672016,
  "best_mean_baseline_val_rmse": 26.711291521021376,
  "best_mean_val_rmse": 16.862384971921504,
  "best_model_metadata": {
    "backend": "pygam",
    "benchiq_version": "0.1.0a0",
    "cv_folds": 3,
    "feature_names": [
      "theta_b1",
      "theta_b2",
      "theta_b3",
      "theta_se_b",
      "sub_b",
      "grand_sub",
      "lin_b",
      "grand_lin"
    ],
    "fit_statistics": {
      "aic": 400.4657151226356,
      "edof": 10.00705878400166,
      "gcv": 302.3161578591769,
      "loglikelihood": -189.22579877731613,
      "pseudo_r2": {
        "McFadden": 0.7335438284902355,
        "McFadden_adj": 0.22766327825855426,
        "explained_deviance": 0.7834711123259648
      },
      "scale": 13.839209114575775
    },
    "fit_warnings": [],
    "model_hyperparameters": {
      "fit_intercept": true,
      "lam": 1.0,
      "max_iter": 100,
      "terms": "s(0) + s(1) + s(2) + s(3) + s(4) + s(5) + s(6) + s(7) + intercept",
      "tol": 0.0001
    },
    "n_features": 8,
    "n_splines": 5,
    "pickle_protocol": 5,
    "pygam_version": "0.12.0",
    "python_version": "3.14.4",
    "selected_lam": 1.0,
    "selection_metric": "rmse",
    "skipped_lam_settings": [],
    "target_name": "score_full_b",
    "test_row_count": 6,
    "train_row_count": 48
  },
  "cv_folds": 3,
  "holdout_row_count": 6,
  "lam_grid": [
    0.1,
    1.0
  ],
  "lam_summaries": [
    {
      "fold_count": 3,
      "lam": 0.1,
      "max_val_rmse": 21.829565721686507,
      "mean_baseline_val_rmse": 26.711291521021376,
      "mean_test_rmse": 16.064531686269792,
      "mean_val_rmse": 17.747353339800622
    },
    {
      "fold_count": 3,
      "lam": 1.0,
      "max_val_rmse": 21.418245521672016,
      "mean_baseline_val_rmse": 26.711291521021376,
      "mean_test_rmse": 13.984715757322405,
      "mean_val_rmse": 16.862384971921504
    }
  ],
  "selection_metric": "rmse",
  "skipped_lam_settings": []
}
