{
  "backend": "pygam",
  "best_holdout_rmse": 1.1036265684924658,
  "best_lam": 0.1,
  "best_max_val_rmse": 1.0777049672114987,
  "best_mean_baseline_val_rmse": 16.726605691095195,
  "best_mean_val_rmse": 1.0168262429649146,
  "best_model_metadata": {
    "backend": "pygam",
    "benchiq_version": "0.1.0a0",
    "cv_folds": 5,
    "feature_names": [
      "theta_b",
      "theta_se_b",
      "sub_b",
      "lin_b"
    ],
    "fit_statistics": {
      "aic": 12272.61633971226,
      "edof": 23.91797564632944,
      "gcv": 1.0376560679429843,
      "loglikelihood": -6111.390194209801,
      "pseudo_r2": {
        "McFadden": 0.01042033826697882,
        "McFadden_adj": 0.9895388799486847,
        "explained_deviance": 0.996351008119168
      },
      "scale": 1.0135143529313786
    },
    "fit_warnings": [],
    "model_hyperparameters": {
      "fit_intercept": true,
      "lam": 0.1,
      "max_iter": 100,
      "terms": "s(0) + s(1) + s(2) + s(3) + intercept",
      "tol": 0.0001
    },
    "n_features": 4,
    "n_splines": 10,
    "pickle_protocol": 5,
    "pygam_version": "0.12.0",
    "python_version": "3.14.4",
    "selected_lam": 0.1,
    "selection_metric": "rmse",
    "skipped_lam_settings": [],
    "target_name": "score_full_b",
    "test_row_count": 461,
    "train_row_count": 4275
  },
  "cv_folds": 5,
  "holdout_row_count": 461,
  "lam_grid": [
    0.1,
    1.0
  ],
  "lam_summaries": [
    {
      "fold_count": 5,
      "lam": 0.1,
      "max_val_rmse": 1.0777049672114987,
      "mean_baseline_val_rmse": 16.726605691095195,
      "mean_test_rmse": 1.1033142206875302,
      "mean_val_rmse": 1.0168262429649146
    },
    {
      "fold_count": 5,
      "lam": 1.0,
      "max_val_rmse": 1.077841898738745,
      "mean_baseline_val_rmse": 16.726605691095195,
      "mean_test_rmse": 1.1029510020400946,
      "mean_val_rmse": 1.0196034816545283
    }
  ],
  "selection_metric": "rmse",
  "skipped_lam_settings": []
}
