{
  "backend": "pygam",
  "best_holdout_rmse": 0.9785983878556553,
  "best_lam": 0.1,
  "best_max_val_rmse": 0.9284045384493754,
  "best_mean_baseline_val_rmse": 16.642599847549587,
  "best_mean_val_rmse": 0.8811730137249641,
  "best_model_metadata": {
    "backend": "pygam",
    "benchiq_version": "0.1.0a0",
    "cv_folds": 5,
    "feature_names": [
      "theta_b",
      "theta_se_b",
      "sub_b",
      "lin_b"
    ],
    "fit_statistics": {
      "aic": 11042.123586733773,
      "edof": 22.836240480960065,
      "gcv": 0.7789052328844018,
      "loglikelihood": -5497.225552885926,
      "pseudo_r2": {
        "McFadden": 0.0071357773220352035,
        "McFadden_adj": 0.9928345796652529,
        "explained_deviance": 0.9972293695704756
      },
      "scale": 0.8783028693980897
    },
    "fit_warnings": [],
    "model_hyperparameters": {
      "fit_intercept": true,
      "lam": 0.1,
      "max_iter": 100,
      "terms": "s(0) + s(1) + s(2) + s(3) + intercept",
      "tol": 0.0001
    },
    "n_features": 4,
    "n_splines": 10,
    "pickle_protocol": 5,
    "pygam_version": "0.12.0",
    "python_version": "3.14.4",
    "selected_lam": 0.1,
    "selection_metric": "rmse",
    "skipped_lam_settings": [],
    "target_name": "score_full_b",
    "test_row_count": 461,
    "train_row_count": 4273
  },
  "cv_folds": 5,
  "holdout_row_count": 461,
  "lam_grid": [
    0.1,
    1.0
  ],
  "lam_summaries": [
    {
      "fold_count": 5,
      "lam": 0.1,
      "max_val_rmse": 0.9284045384493754,
      "mean_baseline_val_rmse": 16.642599847549587,
      "mean_test_rmse": 0.9789078537078524,
      "mean_val_rmse": 0.8811730137249641
    },
    {
      "fold_count": 5,
      "lam": 1.0,
      "max_val_rmse": 0.9291713177376981,
      "mean_baseline_val_rmse": 16.642599847549587,
      "mean_test_rmse": 0.9801037542855836,
      "mean_val_rmse": 0.8830985472136728
    }
  ],
  "selection_metric": "rmse",
  "skipped_lam_settings": []
}
