strategy_id,equal_weight_rmse_mean,equal_weight_mae_mean,equal_weight_pearson_mean,equal_weight_spearman_mean,equal_weight_seed_rmse_std_mean,informative_source_count
reconstruction_first__random_cv,6.134665267399797,5.1638625708082015,0.8999947893077619,0.8698869926885794,0.0,3
psychometric_default__random_cv,6.3391769367645034,5.099397405396055,0.8457591940680013,0.8897568249415772,0.0,3
minimal_cleaning__deterministic_info,6.996490014988428,5.775401850494801,0.8787522583797719,0.877881409548094,0.0,3
reconstruction_first__deterministic_info,6.996490014988428,5.775401850494801,0.8787522583797719,0.877881409548094,0.0,3
reconstruction_first_relaxed__deterministic_info,6.996490014988428,5.775401850494801,0.8787522583797719,0.877881409548094,0.0,3
psychometric_default__deterministic_info,7.693439122466411,6.423108145213676,0.8642508292366798,0.7918357696108123,0.0,3
