{
  "benchmarks": {
    "arc": {
      "diagnostics": {
        "test": {
          "count": 462,
          "score_max": 77.14285714285715,
          "score_mean": 57.053184910327765,
          "score_min": 11.714285714285715
        },
        "train": {
          "count": 4278,
          "score_max": 87.71428571428571,
          "score_mean": 53.898083216456286,
          "score_min": 10.571428571428571
        },
        "val": {
          "count": 476,
          "score_max": 76.85714285714286,
          "score_mean": 53.845738295318135,
          "score_min": 11.142857142857142
        }
      },
      "effective_bins": 10,
      "fallback_reason": null,
      "strategy": "global_plus_local_val",
      "stratification_used": true,
      "test_model_count": 462,
      "train_model_count": 4278,
      "val_model_count": 476,
      "val_split_method": "stratified",
      "valid_model_count": 5216,
      "warnings": []
    },
    "gsm8k": {
      "diagnostics": {
        "test": {
          "count": 462,
          "score_max": 85.42857142857143,
          "score_mean": 46.129251700680264,
          "score_min": 0.0
        },
        "train": {
          "count": 5040,
          "score_max": 88.28571428571429,
          "score_mean": 36.40283446712018,
          "score_min": 0.0
        },
        "val": {
          "count": 560,
          "score_max": 84.28571428571429,
          "score_mean": 36.54132653061224,
          "score_min": 0.0
        }
      },
      "effective_bins": 10,
      "fallback_reason": null,
      "strategy": "global_plus_local_val",
      "stratification_used": true,
      "test_model_count": 462,
      "train_model_count": 5040,
      "val_model_count": 560,
      "val_split_method": "stratified",
      "valid_model_count": 6062,
      "warnings": []
    },
    "hellaswag": {
      "diagnostics": {
        "test": {
          "count": 462,
          "score_max": 90.28571428571428,
          "score_mean": 74.43970315398887,
          "score_min": 3.7142857142857144
        },
        "train": {
          "count": 4278,
          "score_max": 91.71428571428571,
          "score_mean": 69.79823682628732,
          "score_min": 3.7142857142857144
        },
        "val": {
          "count": 476,
          "score_max": 89.71428571428571,
          "score_mean": 69.68787515006002,
          "score_min": 4.0
        }
      },
      "effective_bins": 10,
      "fallback_reason": null,
      "strategy": "global_plus_local_val",
      "stratification_used": true,
      "test_model_count": 462,
      "train_model_count": 4278,
      "val_model_count": 476,
      "val_split_method": "stratified",
      "valid_model_count": 5216,
      "warnings": []
    },
    "mmlu": {
      "diagnostics": {
        "test": {
          "count": 462,
          "score_max": 87.42857142857143,
          "score_mean": 61.95238095238095,
          "score_min": 20.57142857142857
        },
        "train": {
          "count": 4276,
          "score_max": 92.0,
          "score_mean": 59.37251102498998,
          "score_min": 18.571428571428573
        },
        "val": {
          "count": 476,
          "score_max": 87.71428571428571,
          "score_mean": 59.37995198079232,
          "score_min": 20.0
        }
      },
      "effective_bins": 10,
      "fallback_reason": null,
      "strategy": "global_plus_local_val",
      "stratification_used": true,
      "test_model_count": 462,
      "train_model_count": 4276,
      "val_model_count": 476,
      "val_split_method": "stratified",
      "valid_model_count": 5214,
      "warnings": []
    },
    "truthfulqa": {
      "diagnostics": {
        "test": {
          "count": 462,
          "score_max": 62.0,
          "score_mean": 31.159554730983302,
          "score_min": 8.285714285714285
        },
        "train": {
          "count": 4279,
          "score_max": 100.0,
          "score_mean": 29.53680766534237,
          "score_min": 7.428571428571429
        },
        "val": {
          "count": 476,
          "score_max": 100.0,
          "score_mean": 29.620048019207683,
          "score_min": 7.428571428571429
        }
      },
      "effective_bins": 10,
      "fallback_reason": null,
      "strategy": "global_plus_local_val",
      "stratification_used": true,
      "test_model_count": 462,
      "train_model_count": 4279,
      "val_model_count": 476,
      "val_split_method": "stratified",
      "valid_model_count": 5217,
      "warnings": []
    },
    "winogrande": {
      "diagnostics": {
        "test": {
          "count": 462,
          "score_max": 90.28571428571428,
          "score_mean": 77.23438466295609,
          "score_min": 46.0
        },
        "train": {
          "count": 5473,
          "score_max": 93.42857142857143,
          "score_mean": 73.97368901881966,
          "score_min": 43.42857142857143
        },
        "val": {
          "count": 609,
          "score_max": 92.85714285714286,
          "score_mean": 74.03237156931739,
          "score_min": 44.57142857142857
        }
      },
      "effective_bins": 10,
      "fallback_reason": null,
      "strategy": "global_plus_local_val",
      "stratification_used": true,
      "test_model_count": 462,
      "train_model_count": 5473,
      "val_model_count": 609,
      "val_split_method": "stratified",
      "valid_model_count": 6544,
      "warnings": []
    }
  },
  "counts": {
    "benchmark_count": 6,
    "global_test_enabled": true,
    "global_test_model_count": 462
  },
  "generated_at": "2026-04-20T00:18:55.909976+00:00",
  "global_test": {
    "assigned_test_count": 462,
    "assigned_train_pool_count": 4158,
    "diagnostics": {
      "benchmark_local_only": {
        "count": 2212,
        "score_max": null,
        "score_mean": null,
        "score_min": null
      },
      "test": {
        "count": 462,
        "score_max": 75.42857142857143,
        "score_mean": 57.99474335188621,
        "score_min": 16.428571428571427
      },
      "train_pool": {
        "count": 4158,
        "score_max": 79.57142857142857,
        "score_mean": 57.942978538216636,
        "score_min": 16.047619047619047
      }
    },
    "effective_bins": 10,
    "eligible_model_count": 4620,
    "enabled": true,
    "fallback_reason": null,
    "skip_reason": null,
    "split_method": "stratified",
    "stratification_used": true,
    "test_model_count": 462,
    "train_val_pool_count": 4158,
    "warnings": []
  },
  "warnings": []
}
