{
  "artifacts": {
    "expected_test_information_plot": "/Users/jeremykalfus/CodingProjects/BenchIQ/reports/preprocessing_variation_followup/real_exploration/workdir/real_exploration_seed7__large_release_default_subset__relaxed_ceiling_092__deterministic_info__seed-7/artifacts/06_select/per_benchmark/truthfulqa/plots/expected_test_information.png",
    "plots_reason": null,
    "plots_written": true
  },
  "benchmark_id": "truthfulqa",
  "counts": {
    "candidate_item_count": 350,
    "info_grid_row_count": 87850,
    "selected_item_count": 250
  },
  "expected_test_information": {
    "full_sum_max": 245.93174745814778,
    "reduced_sum_max": 179.22153705369132
  },
  "generated_at": "2026-04-19T23:45:14.966626+00:00",
  "parameters": {
    "effective_k_final": 250,
    "info_min": 0.0,
    "n_bins": 250,
    "requested_k_final": 250,
    "theta_grid_size": 251,
    "theta_grid_type": "difficulty_range"
  },
  "selected_item_ids": [
    "725",
    "99",
    "805",
    "371",
    "533",
    "781",
    "68",
    "71",
    "474",
    "682",
    "169",
    "104",
    "159",
    "223",
    "155",
    "197",
    "497",
    "654",
    "753",
    "486",
    "405",
    "182",
    "343",
    "97",
    "312",
    "564",
    "87",
    "73",
    "461",
    "360",
    "232",
    "568",
    "652",
    "448",
    "55",
    "444",
    "139",
    "700",
    "429",
    "113",
    "202",
    "242",
    "389",
    "276",
    "572",
    "33",
    "291",
    "300",
    "21",
    "442",
    "752",
    "644",
    "671",
    "601",
    "656",
    "463",
    "124",
    "657",
    "20",
    "789",
    "695",
    "301",
    "500",
    "430",
    "468",
    "192",
    "714",
    "646",
    "416",
    "198",
    "35",
    "617",
    "210",
    "105",
    "336",
    "584",
    "56",
    "101",
    "571",
    "707",
    "375",
    "398",
    "765",
    "127",
    "172",
    "793",
    "13",
    "514",
    "511",
    "720",
    "693",
    "527",
    "302",
    "376",
    "477",
    "369",
    "53",
    "221",
    "729",
    "151",
    "668",
    "122",
    "521",
    "457",
    "802",
    "186",
    "315",
    "119",
    "40",
    "585",
    "437",
    "196",
    "501",
    "212",
    "303",
    "798",
    "327",
    "45",
    "236",
    "712",
    "788",
    "132",
    "29",
    "574",
    "342",
    "589",
    "27",
    "76",
    "229",
    "536",
    "431",
    "58",
    "684",
    "663",
    "46",
    "67",
    "811",
    "744",
    "42",
    "335",
    "509",
    "362",
    "226",
    "613",
    "320",
    "201",
    "346",
    "310",
    "137",
    "392",
    "78",
    "775",
    "516",
    "106",
    "203",
    "624",
    "459",
    "251",
    "490",
    "794",
    "708",
    "424",
    "407",
    "324",
    "75",
    "628",
    "491",
    "555",
    "184",
    "164",
    "217",
    "374",
    "179",
    "730",
    "388",
    "595",
    "341",
    "279",
    "206",
    "363",
    "594",
    "715",
    "393",
    "250",
    "384",
    "669",
    "153",
    "289",
    "731",
    "505",
    "711",
    "175",
    "377",
    "529",
    "607",
    "558",
    "143",
    "258",
    "233",
    "81",
    "188",
    "749",
    "718",
    "345",
    "225",
    "450",
    "728",
    "443",
    "321",
    "22",
    "764",
    "154",
    "472",
    "383",
    "185",
    "773",
    "701",
    "606",
    "17",
    "685",
    "479",
    "636",
    "610",
    "263",
    "244",
    "746",
    "23",
    "530",
    "39",
    "608",
    "570",
    "230",
    "59",
    "596",
    "713",
    "412",
    "598",
    "348",
    "171",
    "174",
    "768",
    "676",
    "467",
    "353",
    "428",
    "432",
    "390",
    "690",
    "215",
    "163"
  ],
  "skipped": false,
  "skipped_reason": null,
  "theta_grid": {
    "grid_size": 251,
    "max_theta": 6.997270228848859,
    "min_theta": -4.731029104731413
  },
  "warnings": []
}
