{
  "benchmarks": {
    "arc": {
      "diagnostics": {
        "test": {
          "count": 464,
          "score_max": 74.85714285714286,
          "score_mean": 57.06650246305419,
          "score_min": 9.714285714285714
        },
        "train": {
          "count": 4281,
          "score_max": 87.71428571428571,
          "score_mean": 53.84749891547369,
          "score_min": 9.428571428571429
        },
        "val": {
          "count": 476,
          "score_max": 75.14285714285714,
          "score_mean": 53.81332533013206,
          "score_min": 11.142857142857142
        }
      },
      "effective_bins": 10,
      "fallback_reason": null,
      "strategy": "global_plus_local_val",
      "stratification_used": true,
      "test_model_count": 464,
      "train_model_count": 4281,
      "val_model_count": 476,
      "val_split_method": "stratified",
      "valid_model_count": 5221,
      "warnings": []
    },
    "gsm8k": {
      "diagnostics": {
        "test": {
          "count": 464,
          "score_max": 84.28571428571429,
          "score_mean": 45.8152709359606,
          "score_min": 0.0
        },
        "train": {
          "count": 5043,
          "score_max": 88.28571428571429,
          "score_mean": 36.390357213676666,
          "score_min": 0.0
        },
        "val": {
          "count": 561,
          "score_max": 88.28571428571429,
          "score_mean": 36.48892284186402,
          "score_min": 0.0
        }
      },
      "effective_bins": 10,
      "fallback_reason": null,
      "strategy": "global_plus_local_val",
      "stratification_used": true,
      "test_model_count": 464,
      "train_model_count": 5043,
      "val_model_count": 561,
      "val_split_method": "stratified",
      "valid_model_count": 6068,
      "warnings": []
    },
    "hellaswag": {
      "diagnostics": {
        "test": {
          "count": 464,
          "score_max": 90.28571428571428,
          "score_mean": 74.00800492610838,
          "score_min": 5.142857142857142
        },
        "train": {
          "count": 4281,
          "score_max": 91.71428571428571,
          "score_mean": 69.78216037641405,
          "score_min": 2.571428571428571
        },
        "val": {
          "count": 476,
          "score_max": 89.71428571428571,
          "score_mean": 69.53481392557022,
          "score_min": 4.0
        }
      },
      "effective_bins": 10,
      "fallback_reason": null,
      "strategy": "global_plus_local_val",
      "stratification_used": true,
      "test_model_count": 464,
      "train_model_count": 4281,
      "val_model_count": 476,
      "val_split_method": "stratified",
      "valid_model_count": 5221,
      "warnings": []
    },
    "mmlu": {
      "diagnostics": {
        "test": {
          "count": 464,
          "score_max": 87.71428571428571,
          "score_mean": 62.53263546798029,
          "score_min": 19.714285714285715
        },
        "train": {
          "count": 4279,
          "score_max": 92.0,
          "score_mean": 59.26491503355256,
          "score_min": 17.42857142857143
        },
        "val": {
          "count": 476,
          "score_max": 89.14285714285714,
          "score_mean": 59.3343337334934,
          "score_min": 19.428571428571427
        }
      },
      "effective_bins": 10,
      "fallback_reason": null,
      "strategy": "global_plus_local_val",
      "stratification_used": true,
      "test_model_count": 464,
      "train_model_count": 4279,
      "val_model_count": 476,
      "val_split_method": "stratified",
      "valid_model_count": 5219,
      "warnings": []
    },
    "truthfulqa": {
      "diagnostics": {
        "test": {
          "count": 464,
          "score_max": 62.0,
          "score_mean": 30.937807881773402,
          "score_min": 7.7142857142857135
        },
        "train": {
          "count": 4282,
          "score_max": 100.0,
          "score_mean": 29.541469273370257,
          "score_min": 6.571428571428571
        },
        "val": {
          "count": 476,
          "score_max": 100.0,
          "score_mean": 29.550420168067227,
          "score_min": 6.857142857142858
        }
      },
      "effective_bins": 10,
      "fallback_reason": null,
      "strategy": "global_plus_local_val",
      "stratification_used": true,
      "test_model_count": 464,
      "train_model_count": 4282,
      "val_model_count": 476,
      "val_split_method": "stratified",
      "valid_model_count": 5222,
      "warnings": []
    },
    "winogrande": {
      "diagnostics": {
        "test": {
          "count": 464,
          "score_max": 90.28571428571428,
          "score_mean": 77.43472906403942,
          "score_min": 47.42857142857143
        },
        "train": {
          "count": 5477,
          "score_max": 93.42857142857143,
          "score_mean": 73.93593990453584,
          "score_min": 42.57142857142857
        },
        "val": {
          "count": 609,
          "score_max": 92.85714285714286,
          "score_mean": 73.90335444522637,
          "score_min": 43.142857142857146
        }
      },
      "effective_bins": 10,
      "fallback_reason": null,
      "strategy": "global_plus_local_val",
      "stratification_used": true,
      "test_model_count": 464,
      "train_model_count": 5477,
      "val_model_count": 609,
      "val_split_method": "stratified",
      "valid_model_count": 6550,
      "warnings": []
    }
  },
  "counts": {
    "benchmark_count": 6,
    "global_test_enabled": true,
    "global_test_model_count": 464
  },
  "generated_at": "2026-04-20T00:05:10.914385+00:00",
  "global_test": {
    "assigned_test_count": 464,
    "assigned_train_pool_count": 4170,
    "diagnostics": {
      "benchmark_local_only": {
        "count": 2198,
        "score_max": null,
        "score_mean": null,
        "score_min": null
      },
      "test": {
        "count": 464,
        "score_max": 75.42857142857143,
        "score_mean": 57.965825123152705,
        "score_min": 16.714285714285715
      },
      "train_pool": {
        "count": 4170,
        "score_max": 79.57142857142857,
        "score_mean": 57.83248829507822,
        "score_min": 15.904761904761905
      }
    },
    "effective_bins": 10,
    "eligible_model_count": 4634,
    "enabled": true,
    "fallback_reason": null,
    "skip_reason": null,
    "split_method": "stratified",
    "stratification_used": true,
    "test_model_count": 464,
    "train_val_pool_count": 4170,
    "warnings": []
  },
  "warnings": []
}
