{
  "backend": "pygam",
  "best_holdout_rmse": 5.937431209047222,
  "best_lam": 0.1,
  "best_max_val_rmse": 4.185143223346993,
  "best_mean_baseline_val_rmse": 15.697347900868085,
  "best_mean_val_rmse": 3.5933220843284976,
  "best_model_metadata": {
    "backend": "pygam",
    "benchiq_version": "0.1.0a0",
    "cv_folds": 5,
    "feature_names": [
      "theta_b",
      "theta_se_b",
      "sub_b",
      "lin_b"
    ],
    "fit_statistics": {
      "aic": 653.7246924420676,
      "edof": 12.352055528388739,
      "gcv": 14.77332491159303,
      "loglikelihood": -313.51029069264507,
      "pseudo_r2": {
        "McFadden": 0.2126160967645081,
        "McFadden_adj": 0.7790069985167911,
        "explained_deviance": 0.9556949876224832
      },
      "scale": 3.473331155363718
    },
    "fit_warnings": [],
    "model_hyperparameters": {
      "fit_intercept": true,
      "lam": 0.1,
      "max_iter": 100,
      "terms": "s(0) + s(1) + s(2) + s(3) + intercept",
      "tol": 0.0001
    },
    "n_features": 4,
    "n_splines": 8,
    "pickle_protocol": 5,
    "pygam_version": "0.12.0",
    "python_version": "3.14.4",
    "selected_lam": 0.1,
    "selection_metric": "rmse",
    "skipped_lam_settings": [],
    "target_name": "score_full_b",
    "test_row_count": 13,
    "train_row_count": 120
  },
  "cv_folds": 5,
  "holdout_row_count": 13,
  "lam_grid": [
    0.1,
    1.0
  ],
  "lam_summaries": [
    {
      "fold_count": 5,
      "lam": 0.1,
      "max_val_rmse": 4.185143223346993,
      "mean_baseline_val_rmse": 15.697347900868085,
      "mean_test_rmse": 5.951380048886756,
      "mean_val_rmse": 3.5933220843284976
    },
    {
      "fold_count": 5,
      "lam": 1.0,
      "max_val_rmse": 4.173171690176734,
      "mean_baseline_val_rmse": 15.697347900868085,
      "mean_test_rmse": 5.844302076690366,
      "mean_val_rmse": 3.610001017999701
    }
  ],
  "selection_metric": "rmse",
  "skipped_lam_settings": []
}
