{
  "benchmark_id": "gsm8k",
  "best_iteration": {
    "best_lam": 1.0,
    "iteration_id": 0,
    "max_rmse_val": 0.6903223594257679,
    "mean_rmse_test": 0.7829701177498751,
    "mean_rmse_val": 0.6696181888401183,
    "sampled_item_ids": [
      "10",
      "1004",
      "1006",
      "1008",
      "1011",
      "1014",
      "1015",
      "1018",
      "1030",
      "1031",
      "1032",
      "1033",
      "1039",
      "1045",
      "1049",
      "1052",
      "1071",
      "1076",
      "1082",
      "1085",
      "1087",
      "1092",
      "1094",
      "1096",
      "1097",
      "1098",
      "1099",
      "1106",
      "1123",
      "1124",
      "1128",
      "1129",
      "1132",
      "1136",
      "1138",
      "1140",
      "1142",
      "1145",
      "115",
      "1151",
      "1153",
      "116",
      "1163",
      "1165",
      "1167",
      "1174",
      "1176",
      "1180",
      "1189",
      "119",
      "1191",
      "1192",
      "12",
      "1210",
      "1218",
      "1221",
      "1222",
      "1226",
      "1231",
      "1238",
      "1240",
      "1243",
      "1245",
      "1258",
      "126",
      "1260",
      "1263",
      "1266",
      "1267",
      "127",
      "1270",
      "1273",
      "1274",
      "1275",
      "1277",
      "128",
      "1281",
      "1288",
      "1292",
      "1295",
      "1298",
      "1306",
      "1308",
      "1311",
      "1315",
      "134",
      "142",
      "146",
      "155",
      "16",
      "168",
      "169",
      "179",
      "181",
      "188",
      "198",
      "20",
      "207",
      "210",
      "211",
      "215",
      "217",
      "221",
      "233",
      "236",
      "237",
      "247",
      "25",
      "250",
      "253",
      "256",
      "259",
      "270",
      "275",
      "284",
      "285",
      "288",
      "29",
      "3",
      "300",
      "301",
      "306",
      "309",
      "31",
      "32",
      "324",
      "325",
      "326",
      "33",
      "337",
      "338",
      "340",
      "342",
      "344",
      "348",
      "349",
      "356",
      "363",
      "37",
      "383",
      "387",
      "389",
      "394",
      "398",
      "4",
      "401",
      "402",
      "412",
      "422",
      "425",
      "451",
      "454",
      "462",
      "463",
      "464",
      "471",
      "477",
      "481",
      "488",
      "489",
      "498",
      "499",
      "500",
      "508",
      "509",
      "51",
      "517",
      "523",
      "53",
      "536",
      "539",
      "542",
      "543",
      "551",
      "558",
      "561",
      "562",
      "573",
      "574",
      "579",
      "58",
      "582",
      "583",
      "585",
      "592",
      "597",
      "598",
      "60",
      "604",
      "608",
      "612",
      "616",
      "620",
      "621",
      "622",
      "625",
      "627",
      "631",
      "64",
      "643",
      "646",
      "649",
      "650",
      "652",
      "653",
      "657",
      "658",
      "660",
      "663",
      "668",
      "669",
      "67",
      "671",
      "676",
      "679",
      "684",
      "685",
      "686",
      "692",
      "693",
      "698",
      "699",
      "7",
      "707",
      "708",
      "71",
      "710",
      "711",
      "715",
      "717",
      "719",
      "726",
      "727",
      "730",
      "739",
      "740",
      "748",
      "751",
      "754",
      "756",
      "757",
      "76",
      "763",
      "765",
      "770",
      "772",
      "775",
      "779",
      "78",
      "782",
      "784",
      "795",
      "8",
      "80",
      "801",
      "802",
      "811",
      "816",
      "817",
      "82",
      "824",
      "825",
      "835",
      "837",
      "839",
      "840",
      "841",
      "843",
      "849",
      "857",
      "858",
      "860",
      "861",
      "862",
      "874",
      "877",
      "879",
      "889",
      "892",
      "893",
      "894",
      "9",
      "911",
      "914",
      "922",
      "927",
      "929",
      "932",
      "933",
      "942",
      "949",
      "950",
      "96",
      "962",
      "968",
      "969",
      "977",
      "989",
      "992",
      "995"
    ],
    "subset_seed": 7,
    "valid_pool_model_count": 5604,
    "valid_test_model_count": 464
  },
  "counts": {
    "candidate_item_count": 350,
    "completed_iterations": 1,
    "cv_rows": 5,
    "failed_iterations": 0,
    "pool_model_count": 5604,
    "test_model_count": 464,
    "valid_iterations": 1
  },
  "generated_at": "2026-04-19T17:04:25.017459+00:00",
  "method": "deterministic_info",
  "parameters": {
    "checkpoint_interval": 1,
    "cv_folds": 5,
    "effective_k_preselect": 300,
    "lam_grid": [
      0.1,
      1.0
    ],
    "min_item_coverage": 0.7,
    "n_iter": 1,
    "requested_k_preselect": 300
  },
  "selection_rule": "top_k_information_proxy",
  "skipped": false,
  "skipped_reason": null,
  "warnings": []
}
