{
  "backend": "pygam",
  "best_holdout_rmse": 1.1114173796343163,
  "best_lam": 0.1,
  "best_max_val_rmse": 1.0768728284685156,
  "best_mean_baseline_val_rmse": 16.843264297351645,
  "best_mean_val_rmse": 1.0314160026312857,
  "best_model_metadata": {
    "backend": "pygam",
    "benchiq_version": "0.1.0a0",
    "cv_folds": 5,
    "feature_names": [
      "theta_b",
      "theta_se_b",
      "sub_b",
      "lin_b"
    ],
    "fit_statistics": {
      "aic": 12409.933740065315,
      "edof": 24.64461217136827,
      "gcv": 1.0680430374916248,
      "loglikelihood": -6179.3222578612895,
      "pseudo_r2": {
        "McFadden": 0.010684611151401872,
        "McFadden_adj": 0.9892727760689048,
        "explained_deviance": 0.9962950961185347
      },
      "scale": 1.0280948126159213
    },
    "fit_warnings": [],
    "model_hyperparameters": {
      "fit_intercept": true,
      "lam": 0.1,
      "max_iter": 100,
      "terms": "s(0) + s(1) + s(2) + s(3) + intercept",
      "tol": 0.0001
    },
    "n_features": 4,
    "n_splines": 10,
    "pickle_protocol": 5,
    "pygam_version": "0.12.0",
    "python_version": "3.14.4",
    "selected_lam": 0.1,
    "selection_metric": "rmse",
    "skipped_lam_settings": [],
    "target_name": "score_full_b",
    "test_row_count": 463,
    "train_row_count": 4280
  },
  "cv_folds": 5,
  "holdout_row_count": 463,
  "lam_grid": [
    0.1,
    1.0
  ],
  "lam_summaries": [
    {
      "fold_count": 5,
      "lam": 0.1,
      "max_val_rmse": 1.0768728284685156,
      "mean_baseline_val_rmse": 16.843264297351645,
      "mean_test_rmse": 1.1123504814555776,
      "mean_val_rmse": 1.0314160026312857
    },
    {
      "fold_count": 5,
      "lam": 1.0,
      "max_val_rmse": 1.0754626773682994,
      "mean_baseline_val_rmse": 16.843264297351645,
      "mean_test_rmse": 1.119751141665803,
      "mean_val_rmse": 1.0341943502335726
    }
  ],
  "selection_metric": "rmse",
  "skipped_lam_settings": []
}
