{
  "backend": "pygam",
  "best_holdout_rmse": 9.43528234151773,
  "best_lam": 1.0,
  "best_max_val_rmse": 9.245709923324155,
  "best_mean_baseline_val_rmse": 14.63726560517008,
  "best_mean_val_rmse": 8.964859778312018,
  "best_model_metadata": {
    "backend": "pygam",
    "benchiq_version": "0.1.0a0",
    "cv_folds": 5,
    "feature_names": [
      "theta_b",
      "theta_se_b",
      "sub_b",
      "lin_b"
    ],
    "fit_statistics": {
      "aic": 1655.3822327540056,
      "edof": 9.869813517285294,
      "gcv": 83.05061879855573,
      "loglikelihood": -816.8213028597175,
      "pseudo_r2": {
        "McFadden": 0.7960730452016841,
        "McFadden_adj": 0.1943078465860667,
        "explained_deviance": 0.6563278836392211
      },
      "scale": 8.754050702109032
    },
    "fit_warnings": [],
    "model_hyperparameters": {
      "fit_intercept": true,
      "lam": 1.0,
      "max_iter": 100,
      "terms": "s(0) + s(1) + s(2) + s(3) + intercept",
      "tol": 0.0001
    },
    "n_features": 4,
    "n_splines": 8,
    "pickle_protocol": 5,
    "pygam_version": "0.12.0",
    "python_version": "3.14.4",
    "selected_lam": 1.0,
    "selection_metric": "rmse",
    "skipped_lam_settings": [],
    "target_name": "score_full_b",
    "test_row_count": 30,
    "train_row_count": 229
  },
  "cv_folds": 5,
  "holdout_row_count": 30,
  "lam_grid": [
    0.1,
    1.0
  ],
  "lam_summaries": [
    {
      "fold_count": 5,
      "lam": 0.1,
      "max_val_rmse": 9.506133809021708,
      "mean_baseline_val_rmse": 14.63726560517008,
      "mean_test_rmse": 9.539185019404608,
      "mean_val_rmse": 9.115245914993324
    },
    {
      "fold_count": 5,
      "lam": 1.0,
      "max_val_rmse": 9.245709923324155,
      "mean_baseline_val_rmse": 14.63726560517008,
      "mean_test_rmse": 9.46157986094951,
      "mean_val_rmse": 8.964859778312018
    }
  ],
  "selection_metric": "rmse",
  "skipped_lam_settings": []
}
