{
  "backend": "pygam",
  "best_holdout_rmse": 11.79990587864567,
  "best_lam": 0.1,
  "best_max_val_rmse": 19.69219319444402,
  "best_mean_baseline_val_rmse": 27.388371458219705,
  "best_mean_val_rmse": 15.634262394403692,
  "best_model_metadata": {
    "backend": "pygam",
    "benchiq_version": "0.1.0a0",
    "cv_folds": 3,
    "feature_names": [
      "theta_b",
      "theta_se_b",
      "sub_b",
      "lin_b"
    ],
    "fit_statistics": {
      "aic": 401.6149720983424,
      "edof": 4.999998542076425,
      "gcv": 267.34103915315063,
      "loglikelihood": -194.80748750709478,
      "pseudo_r2": {
        "McFadden": 0.7777403956393634,
        "McFadden_adj": 0.20229784162721443,
        "explained_deviance": 0.7213990859501564
      },
      "scale": 14.755768749793706
    },
    "fit_warnings": [],
    "model_hyperparameters": {
      "fit_intercept": true,
      "lam": 0.1,
      "max_iter": 100,
      "terms": "s(0) + s(1) + s(2) + s(3) + intercept",
      "tol": 0.0001
    },
    "n_features": 4,
    "n_splines": 5,
    "pickle_protocol": 5,
    "pygam_version": "0.12.0",
    "python_version": "3.14.4",
    "selected_lam": 0.1,
    "selection_metric": "rmse",
    "skipped_lam_settings": [],
    "target_name": "score_full_b",
    "test_row_count": 6,
    "train_row_count": 48
  },
  "cv_folds": 3,
  "holdout_row_count": 6,
  "lam_grid": [
    0.1,
    1.0
  ],
  "lam_summaries": [
    {
      "fold_count": 3,
      "lam": 0.1,
      "max_val_rmse": 19.69219319444402,
      "mean_baseline_val_rmse": 27.388371458219705,
      "mean_test_rmse": 12.564692845926318,
      "mean_val_rmse": 15.634262394403692
    },
    {
      "fold_count": 3,
      "lam": 1.0,
      "max_val_rmse": 19.692197369598713,
      "mean_baseline_val_rmse": 27.388371458219705,
      "mean_test_rmse": 12.564697590440986,
      "mean_val_rmse": 15.634263786102194
    }
  ],
  "selection_metric": "rmse",
  "skipped_lam_settings": []
}
