{
  "backend": "pygam",
  "best_holdout_rmse": 0.8305302861789885,
  "best_lam": 0.1,
  "best_max_val_rmse": 0.8519380972426778,
  "best_mean_baseline_val_rmse": 16.63611472749955,
  "best_mean_val_rmse": 0.8361767028467397,
  "best_model_metadata": {
    "backend": "pygam",
    "benchiq_version": "0.1.0a0",
    "cv_folds": 5,
    "feature_names": [
      "theta_b",
      "theta_se_b",
      "sub_b",
      "lin_b"
    ],
    "fit_statistics": {
      "aic": 10600.811033892898,
      "edof": 22.881173261266706,
      "gcv": 0.7024812004395102,
      "loglikelihood": -5276.524343685182,
      "pseudo_r2": {
        "McFadden": 0.006185306440788159,
        "McFadden_adj": 0.9937878715341197,
        "explained_deviance": 0.9974997023494787
      },
      "scale": 0.8340943854772828
    },
    "fit_warnings": [],
    "model_hyperparameters": {
      "fit_intercept": true,
      "lam": 0.1,
      "max_iter": 100,
      "terms": "s(0) + s(1) + s(2) + s(3) + intercept",
      "tol": 0.0001
    },
    "n_features": 4,
    "n_splines": 10,
    "pickle_protocol": 5,
    "pygam_version": "0.12.0",
    "python_version": "3.14.4",
    "selected_lam": 0.1,
    "selection_metric": "rmse",
    "skipped_lam_settings": [],
    "target_name": "score_full_b",
    "test_row_count": 461,
    "train_row_count": 4273
  },
  "cv_folds": 5,
  "holdout_row_count": 461,
  "lam_grid": [
    0.1,
    1.0
  ],
  "lam_summaries": [
    {
      "fold_count": 5,
      "lam": 0.1,
      "max_val_rmse": 0.8519380972426778,
      "mean_baseline_val_rmse": 16.63611472749955,
      "mean_test_rmse": 0.8306347146996858,
      "mean_val_rmse": 0.8361767028467397
    },
    {
      "fold_count": 5,
      "lam": 1.0,
      "max_val_rmse": 0.8563781230858101,
      "mean_baseline_val_rmse": 16.63611472749955,
      "mean_test_rmse": 0.8309072550623491,
      "mean_val_rmse": 0.8392673035917758
    }
  ],
  "selection_metric": "rmse",
  "skipped_lam_settings": []
}
