{
  "benchmark_id": "b3",
  "generated_at": "2026-04-17T23:35:50.329513+00:00",
  "joint": {
    "available_row_count": 60,
    "benchmark_id": "b3",
    "cv_report": {
      "backend": "pygam",
      "best_holdout_rmse": 10.292536984608915,
      "best_lam": 1.0,
      "best_max_val_rmse": 16.993370333585908,
      "best_mean_baseline_val_rmse": 26.711291521021376,
      "best_mean_val_rmse": 15.923461929586049,
      "best_model_metadata": {
        "backend": "pygam",
        "benchiq_version": "0.1.0a0",
        "cv_folds": 3,
        "feature_names": [
          "theta_b1",
          "theta_b2",
          "theta_b3",
          "theta_se_b",
          "sub_b",
          "grand_sub",
          "lin_b",
          "grand_lin"
        ],
        "fit_statistics": {
          "aic": 392.03827687081315,
          "edof": 10.08038579377698,
          "gcv": 254.29417929973974,
          "loglikelihood": -184.9387526416296,
          "pseudo_r2": {
            "McFadden": 0.6831650221915463,
            "McFadden_adj": 0.2795979634664697,
            "explained_deviance": 0.8189645603856135
          },
          "scale": 12.666442398430323
        },
        "fit_warnings": [],
        "model_hyperparameters": {
          "fit_intercept": true,
          "lam": 1.0,
          "max_iter": 100,
          "terms": "s(0) + s(1) + s(2) + s(3) + s(4) + s(5) + s(6) + s(7) + intercept",
          "tol": 0.0001
        },
        "n_features": 8,
        "n_splines": 5,
        "pickle_protocol": 5,
        "pygam_version": "0.12.0",
        "python_version": "3.14.4",
        "selected_lam": 1.0,
        "selection_metric": "rmse",
        "skipped_lam_settings": [],
        "target_name": "score_full_b",
        "test_row_count": 6,
        "train_row_count": 48
      },
      "cv_folds": 3,
      "holdout_row_count": 6,
      "lam_grid": [
        0.1,
        1.0
      ],
      "lam_summaries": [
        {
          "fold_count": 3,
          "lam": 0.1,
          "max_val_rmse": 18.41587112625165,
          "mean_baseline_val_rmse": 26.711291521021376,
          "mean_test_rmse": 12.742519369378144,
          "mean_val_rmse": 16.58225630366275
        },
        {
          "fold_count": 3,
          "lam": 1.0,
          "max_val_rmse": 16.993370333585908,
          "mean_baseline_val_rmse": 26.711291521021376,
          "mean_test_rmse": 10.73488627438721,
          "mean_val_rmse": 15.923461929586049
        }
      ],
      "selection_metric": "rmse",
      "skipped_lam_settings": []
    },
    "feature_columns": [
      "theta_b1",
      "theta_b2",
      "theta_b3",
      "theta_se_b",
      "sub_b",
      "grand_sub",
      "lin_b",
      "grand_lin"
    ],
    "metrics": {
      "test": {
        "baseline_mae": 15.079365079365083,
        "baseline_rmse": 18.59583256168251,
        "mae": 8.770701052163963,
        "pearson_r": 0.8415268270400633,
        "rmse": 10.292536984608915,
        "row_count": 6,
        "spearman_r": 0.7826908981308054
      },
      "train": {
        "baseline_mae": 21.32936507936508,
        "baseline_rmse": 26.45965567963437,
        "mae": 8.69724579148811,
        "pearson_r": 0.9050190543020663,
        "rmse": 11.258122991427902,
        "row_count": 48,
        "spearman_r": 0.8869750987932945
      },
      "val": {
        "baseline_mae": 21.42857142857143,
        "baseline_rmse": 22.461859838230012,
        "mae": 10.82832958145555,
        "pearson_r": 0.8723215433311862,
        "rmse": 13.422146726998664,
        "row_count": 6,
        "spearman_r": 0.8827348295047495
      }
    },
    "model_type": "joint",
    "skip_reason": null,
    "skipped": false,
    "split_counts": {
      "test": 6,
      "train": 48,
      "val": 6
    },
    "test_row_count": 6,
    "train_row_count": 48,
    "val_row_count": 6
  },
  "marginal": {
    "available_row_count": 60,
    "benchmark_id": "b3",
    "cv_report": {
      "backend": "pygam",
      "best_holdout_rmse": 10.555510280169827,
      "best_lam": 1.0,
      "best_max_val_rmse": 14.457267290006717,
      "best_mean_baseline_val_rmse": 27.388371458219705,
      "best_mean_val_rmse": 14.130311764068404,
      "best_model_metadata": {
        "backend": "pygam",
        "benchiq_version": "0.1.0a0",
        "cv_folds": 3,
        "feature_names": [
          "theta_b",
          "theta_se_b",
          "sub_b",
          "lin_b"
        ],
        "fit_statistics": {
          "aic": 398.867150817739,
          "edof": 5.087345311058308,
          "gcv": 253.00261251271692,
          "loglikelihood": -193.3462300978112,
          "pseudo_r2": {
            "McFadden": 0.7619353691325047,
            "McFadden_adj": 0.21801651135916666,
            "explained_deviance": 0.7379118349167268
          },
          "scale": 14.326358717469258
        },
        "fit_warnings": [],
        "model_hyperparameters": {
          "fit_intercept": true,
          "lam": 1.0,
          "max_iter": 100,
          "terms": "s(0) + s(1) + s(2) + s(3) + intercept",
          "tol": 0.0001
        },
        "n_features": 4,
        "n_splines": 5,
        "pickle_protocol": 5,
        "pygam_version": "0.12.0",
        "python_version": "3.14.4",
        "selected_lam": 1.0,
        "selection_metric": "rmse",
        "skipped_lam_settings": [],
        "target_name": "score_full_b",
        "test_row_count": 6,
        "train_row_count": 48
      },
      "cv_folds": 3,
      "holdout_row_count": 6,
      "lam_grid": [
        0.1,
        1.0
      ],
      "lam_summaries": [
        {
          "fold_count": 3,
          "lam": 0.1,
          "max_val_rmse": 14.248963494637696,
          "mean_baseline_val_rmse": 27.388371458219705,
          "mean_test_rmse": 10.739230011941956,
          "mean_val_rmse": 14.19589627208083
        },
        {
          "fold_count": 3,
          "lam": 1.0,
          "max_val_rmse": 14.457267290006717,
          "mean_baseline_val_rmse": 27.388371458219705,
          "mean_test_rmse": 10.665132499126589,
          "mean_val_rmse": 14.130311764068404
        }
      ],
      "selection_metric": "rmse",
      "skipped_lam_settings": []
    },
    "feature_columns": [
      "theta_b",
      "theta_se_b",
      "sub_b",
      "lin_b"
    ],
    "metrics": {
      "test": {
        "baseline_mae": 15.079365079365083,
        "baseline_rmse": 18.59583256168251,
        "mae": 9.304872556245245,
        "pearson_r": 0.8378264706615667,
        "rmse": 10.555510280169827,
        "row_count": 6,
        "spearman_r": 0.8008534347238067
      },
      "train": {
        "baseline_mae": 21.32936507936508,
        "baseline_rmse": 26.45965567963437,
        "mae": 10.855501174663573,
        "pearson_r": 0.8590185054426634,
        "rmse": 13.545900884391259,
        "row_count": 48,
        "spearman_r": 0.816655102999258
      },
      "val": {
        "baseline_mae": 21.42857142857143,
        "baseline_rmse": 22.461859838230012,
        "mae": 12.222212216501939,
        "pearson_r": 0.8484687648354564,
        "rmse": 14.390953396157393,
        "row_count": 6,
        "spearman_r": 0.8441622892989753
      }
    },
    "model_type": "marginal",
    "skip_reason": null,
    "skipped": false,
    "split_counts": {
      "test": 6,
      "train": 48,
      "val": 6
    },
    "test_row_count": 6,
    "train_row_count": 48,
    "val_row_count": 6
  },
  "summary_rows": [
    {
      "baseline_mae": 21.32936507936508,
      "baseline_rmse": 26.45965567963437,
      "benchmark_id": "b3",
      "mae": 10.855501174663573,
      "model_type": "marginal",
      "pearson_r": 0.8590185054426634,
      "rmse": 13.545900884391259,
      "row_count": 48,
      "skip_reason": null,
      "skipped": false,
      "spearman_r": 0.816655102999258,
      "split": "train"
    },
    {
      "baseline_mae": 21.42857142857143,
      "baseline_rmse": 22.461859838230012,
      "benchmark_id": "b3",
      "mae": 12.222212216501939,
      "model_type": "marginal",