{
  "backend": "pygam",
  "best_holdout_rmse": 1.3419403678383959,
  "best_lam": 0.1,
  "best_max_val_rmse": 1.212675743222125,
  "best_mean_baseline_val_rmse": 26.567239305604595,
  "best_mean_val_rmse": 1.1639839135378283,
  "best_model_metadata": {
    "backend": "pygam",
    "benchiq_version": "0.1.0a0",
    "cv_folds": 5,
    "feature_names": [
      "theta_b",
      "theta_se_b",
      "sub_b",
      "lin_b"
    ],
    "fit_statistics": {
      "aic": 15843.801118213156,
      "edof": 24.997951764345352,
      "gcv": 1.3616771509113963,
      "loglikelihood": -7895.902607342233,
      "pseudo_r2": {
        "McFadden": 0.005966524225491333,
        "McFadden_adj": 0.9940145861184165,
        "explained_deviance": 0.9980970862140952
      },
      "scale": 1.1616919174956801
    },
    "fit_warnings": [],
    "model_hyperparameters": {
      "fit_intercept": true,
      "lam": 0.1,
      "max_iter": 100,
      "terms": "s(0) + s(1) + s(2) + s(3) + intercept",
      "tol": 0.0001
    },
    "n_features": 4,
    "n_splines": 10,
    "pickle_protocol": 5,
    "pygam_version": "0.12.0",
    "python_version": "3.14.4",
    "selected_lam": 0.1,
    "selection_metric": "rmse",
    "skipped_lam_settings": [],
    "target_name": "score_full_b",
    "test_row_count": 463,
    "train_row_count": 5041
  },
  "cv_folds": 5,
  "holdout_row_count": 463,
  "lam_grid": [
    0.1,
    1.0
  ],
  "lam_summaries": [
    {
      "fold_count": 5,
      "lam": 0.1,
      "max_val_rmse": 1.212675743222125,
      "mean_baseline_val_rmse": 26.567239305604595,
      "mean_test_rmse": 1.3426009425970817,
      "mean_val_rmse": 1.1639839135378283
    },
    {
      "fold_count": 5,
      "lam": 1.0,
      "max_val_rmse": 1.2181460962919055,
      "mean_baseline_val_rmse": 26.567239305604595,
      "mean_test_rmse": 1.3502631458382006,
      "mean_val_rmse": 1.171120927777464
    }
  ],
  "selection_metric": "rmse",
  "skipped_lam_settings": []
}
