{
  "backend": "pygam",
  "best_holdout_rmse": 14.156900614188125,
  "best_lam": 0.1,
  "best_max_val_rmse": 19.35503417333726,
  "best_mean_baseline_val_rmse": 27.173452168255086,
  "best_mean_val_rmse": 18.202125820501095,
  "best_model_metadata": {
    "backend": "pygam",
    "benchiq_version": "0.1.0a0",
    "cv_folds": 3,
    "feature_names": [
      "theta_b",
      "theta_se_b",
      "sub_b",
      "lin_b"
    ],
    "fit_statistics": {
      "aic": 409.0562368860862,
      "edof": 6.284318357282285,
      "gcv": 322.5192518968503,
      "loglikelihood": -197.24380008576082,
      "pseudo_r2": {
        "McFadden": 0.8086579942500455,
        "McFadden_adj": 0.16557762544588894,
        "explained_deviance": 0.6911277553517086
      },
      "scale": 15.733134269331629
    },
    "fit_warnings": [],
    "model_hyperparameters": {
      "fit_intercept": true,
      "lam": 0.1,
      "max_iter": 100,
      "terms": "s(0) + s(1) + s(2) + s(3) + intercept",
      "tol": 0.0001
    },
    "n_features": 4,
    "n_splines": 5,
    "pickle_protocol": 5,
    "pygam_version": "0.12.0",
    "python_version": "3.14.4",
    "selected_lam": 0.1,
    "selection_metric": "rmse",
    "skipped_lam_settings": [],
    "target_name": "score_full_b",
    "test_row_count": 6,
    "train_row_count": 48
  },
  "cv_folds": 3,
  "holdout_row_count": 6,
  "lam_grid": [
    0.1,
    1.0
  ],
  "lam_summaries": [
    {
      "fold_count": 3,
      "lam": 0.1,
      "max_val_rmse": 19.35503417333726,
      "mean_baseline_val_rmse": 27.173452168255086,
      "mean_test_rmse": 14.758203713641818,
      "mean_val_rmse": 18.202125820501095
    },
    {
      "fold_count": 3,
      "lam": 1.0,
      "max_val_rmse": 19.359801529916687,
      "mean_baseline_val_rmse": 27.173452168255086,
      "mean_test_rmse": 14.28251642993479,
      "mean_val_rmse": 18.346644770312434
    }
  ],
  "selection_metric": "rmse",
  "skipped_lam_settings": []
}
