{
  "backend": "pygam",
  "best_holdout_rmse": 0.8779084167568866,
  "best_lam": 0.1,
  "best_max_val_rmse": 0.808170326438598,
  "best_mean_baseline_val_rmse": 15.573226728651226,
  "best_mean_val_rmse": 0.790155783831364,
  "best_model_metadata": {
    "backend": "pygam",
    "benchiq_version": "0.1.0a0",
    "cv_folds": 5,
    "feature_names": [
      "theta_b",
      "theta_se_b",
      "sub_b",
      "lin_b"
    ],
    "fit_statistics": {
      "aic": 10133.526650728574,
      "edof": 19.93964456510954,
      "gcv": 0.6265711766391687,
      "loglikelihood": -5045.823680799178,
      "pseudo_r2": {
        "McFadden": 0.006016968572058234,
        "McFadden_adj": 0.9939592540979604,
        "explained_deviance": 0.9974505542906513
      },
      "scale": 0.7882387129147195
    },
    "fit_warnings": [],
    "model_hyperparameters": {
      "fit_intercept": true,
      "lam": 0.1,
      "max_iter": 100,
      "terms": "s(0) + s(1) + s(2) + s(3) + intercept",
      "tol": 0.0001
    },
    "n_features": 4,
    "n_splines": 10,
    "pickle_protocol": 5,
    "pygam_version": "0.12.0",
    "python_version": "3.14.4",
    "selected_lam": 0.1,
    "selection_metric": "rmse",
    "skipped_lam_settings": [],
    "target_name": "score_full_b",
    "test_row_count": 463,
    "train_row_count": 4281
  },
  "cv_folds": 5,
  "holdout_row_count": 463,
  "lam_grid": [
    0.1,
    1.0
  ],
  "lam_summaries": [
    {
      "fold_count": 5,
      "lam": 0.1,
      "max_val_rmse": 0.808170326438598,
      "mean_baseline_val_rmse": 15.573226728651226,
      "mean_test_rmse": 0.8784523418060667,
      "mean_val_rmse": 0.790155783831364
    },
    {
      "fold_count": 5,
      "lam": 1.0,
      "max_val_rmse": 0.8100182493943869,
      "mean_baseline_val_rmse": 15.573226728651226,
      "mean_test_rmse": 0.8815019398054259,
      "mean_val_rmse": 0.7905837047223563
    }
  ],
  "selection_metric": "rmse",
  "skipped_lam_settings": []
}
