{
  "backend": "pygam",
  "best_holdout_rmse": 6.220380170336077,
  "best_lam": 0.1,
  "best_max_val_rmse": 15.284880808310946,
  "best_mean_baseline_val_rmse": 26.70381093479756,
  "best_mean_val_rmse": 14.707730085116397,
  "best_model_metadata": {
    "backend": "pygam",
    "benchiq_version": "0.1.0a0",
    "cv_folds": 3,
    "feature_names": [
      "theta_b1",
      "theta_b2",
      "theta_b3",
      "theta_se_b",
      "sub_b",
      "grand_sub",
      "lin_b",
      "grand_lin"
    ],
    "fit_statistics": {
      "aic": 386.7279007833183,
      "edof": 12.703010194767165,
      "gcv": 252.37376826582602,
      "loglikelihood": -179.660940196892,
      "pseudo_r2": {
        "McFadden": 0.6337242824905551,
        "McFadden_adj": 0.321467947872223,
        "explained_deviance": 0.8547302180755256
      },
      "scale": 11.661825665592039
    },
    "fit_warnings": [],
    "model_hyperparameters": {
      "fit_intercept": true,
      "lam": 0.1,
      "max_iter": 100,
      "terms": "s(0) + s(1) + s(2) + s(3) + s(4) + s(5) + s(6) + s(7) + intercept",
      "tol": 0.0001
    },
    "n_features": 8,
    "n_splines": 5,
    "pickle_protocol": 5,
    "pygam_version": "0.12.0",
    "python_version": "3.14.4",
    "selected_lam": 0.1,
    "selection_metric": "rmse",
    "skipped_lam_settings": [],
    "target_name": "score_full_b",
    "test_row_count": 6,
    "train_row_count": 48
  },
  "cv_folds": 3,
  "holdout_row_count": 6,
  "lam_grid": [
    0.1,
    1.0
  ],
  "lam_summaries": [
    {
      "fold_count": 3,
      "lam": 0.1,
      "max_val_rmse": 15.284880808310946,
      "mean_baseline_val_rmse": 26.70381093479756,
      "mean_test_rmse": 6.612769840560863,
      "mean_val_rmse": 14.707730085116397
    },
    {
      "fold_count": 3,
      "lam": 1.0,
      "max_val_rmse": 16.197889651648392,
      "mean_baseline_val_rmse": 26.70381093479756,
      "mean_test_rmse": 6.846871018936515,
      "mean_val_rmse": 14.87568197519935
    }
  ],
  "selection_metric": "rmse",
  "skipped_lam_settings": []
}
