{
  "backend": "pygam",
  "best_holdout_rmse": 0.8706332361300421,
  "best_lam": 0.1,
  "best_max_val_rmse": 0.9001249659718775,
  "best_mean_baseline_val_rmse": 11.422471107470438,
  "best_mean_val_rmse": 0.8636636554013709,
  "best_model_metadata": {
    "backend": "pygam",
    "benchiq_version": "0.1.0a0",
    "cv_folds": 5,
    "feature_names": [
      "theta_b",
      "theta_se_b",
      "sub_b",
      "lin_b"
    ],
    "fit_statistics": {
      "aic": 13916.255423924838,
      "edof": 24.177223817905578,
      "gcv": 0.7467915495229372,
      "loglikelihood": -6932.950488144514,
      "pseudo_r2": {
        "McFadden": 0.01426114868399724,
        "McFadden_adj": 0.9856891185241383,
        "explained_deviance": 0.9943469196953035
      },
      "scale": 0.8607297590484255
    },
    "fit_warnings": [],
    "model_hyperparameters": {
      "fit_intercept": true,
      "lam": 0.1,
      "max_iter": 100,
      "terms": "s(0) + s(1) + s(2) + s(3) + intercept",
      "tol": 0.0001
    },
    "n_features": 4,
    "n_splines": 10,
    "pickle_protocol": 5,
    "pygam_version": "0.12.0",
    "python_version": "3.14.4",
    "selected_lam": 0.1,
    "selection_metric": "rmse",
    "skipped_lam_settings": [],
    "target_name": "score_full_b",
    "test_row_count": 462,
    "train_row_count": 5473
  },
  "cv_folds": 5,
  "holdout_row_count": 462,
  "lam_grid": [
    0.1,
    1.0
  ],
  "lam_summaries": [
    {
      "fold_count": 5,
      "lam": 0.1,
      "max_val_rmse": 0.9001249659718775,
      "mean_baseline_val_rmse": 11.422471107470438,
      "mean_test_rmse": 0.8708510889144746,
      "mean_val_rmse": 0.8636636554013709
    },
    {
      "fold_count": 5,
      "lam": 1.0,
      "max_val_rmse": 0.9001753411107865,
      "mean_baseline_val_rmse": 11.422471107470438,
      "mean_test_rmse": 0.8707608828122371,
      "mean_val_rmse": 0.8647934498874068
    }
  ],
  "selection_metric": "rmse",
  "skipped_lam_settings": []
}
