{
  "backend": "pygam",
  "best_holdout_rmse": 8.056742747808661,
  "best_lam": 1.0,
  "best_max_val_rmse": 14.70269831038955,
  "best_mean_baseline_val_rmse": 26.804495469300207,
  "best_mean_val_rmse": 14.45504698963729,
  "best_model_metadata": {
    "backend": "pygam",
    "benchiq_version": "0.1.0a0",
    "cv_folds": 3,
    "feature_names": [
      "theta_b",
      "theta_se_b",
      "sub_b",
      "lin_b"
    ],
    "fit_statistics": {
      "aic": 391.7387585753337,
      "edof": 5.516407880697509,
      "gcv": 220.4148765586608,
      "loglikelihood": -189.35297140696935,
      "pseudo_r2": {
        "McFadden": 0.721791513680751,
        "McFadden_adj": 0.25718058079073547,
        "explained_deviance": 0.7745661925913278
      },
      "scale": 13.241788439046978
    },
    "fit_warnings": [],
    "model_hyperparameters": {
      "fit_intercept": true,
      "lam": 1.0,
      "max_iter": 100,
      "terms": "s(0) + s(1) + s(2) + s(3) + intercept",
      "tol": 0.0001
    },
    "n_features": 4,
    "n_splines": 5,
    "pickle_protocol": 5,
    "pygam_version": "0.12.0",
    "python_version": "3.14.4",
    "selected_lam": 1.0,
    "selection_metric": "rmse",
    "skipped_lam_settings": [],
    "target_name": "score_full_b",
    "test_row_count": 6,
    "train_row_count": 48
  },
  "cv_folds": 3,
  "holdout_row_count": 6,
  "lam_grid": [
    0.1,
    1.0
  ],
  "lam_summaries": [
    {
      "fold_count": 3,
      "lam": 0.1,
      "max_val_rmse": 15.388202921035118,
      "mean_baseline_val_rmse": 26.804495469300207,
      "mean_test_rmse": 8.50343804597174,
      "mean_val_rmse": 14.672913643335548
    },
    {
      "fold_count": 3,
      "lam": 1.0,
      "max_val_rmse": 14.70269831038955,
      "mean_baseline_val_rmse": 26.804495469300207,
      "mean_test_rmse": 8.232873286066441,
      "mean_val_rmse": 14.45504698963729
    }
  ],
  "selection_metric": "rmse",
  "skipped_lam_settings": []
}
