{
  "backend": "pygam",
  "best_holdout_rmse": 3.024082503557523,
  "best_lam": 1.0,
  "best_max_val_rmse": 4.416898138436519,
  "best_mean_baseline_val_rmse": 16.73864160603262,
  "best_mean_val_rmse": 3.727113961912392,
  "best_model_metadata": {
    "backend": "pygam",
    "benchiq_version": "0.1.0a0",
    "cv_folds": 5,
    "feature_names": [
      "theta_b",
      "theta_se_b",
      "sub_b",
      "lin_b"
    ],
    "fit_statistics": {
      "aic": 528.1929627765287,
      "edof": 9.247025352520755,
      "gcv": 14.552698216672308,
      "loglikelihood": -253.84945603574357,
      "pseudo_r2": {
        "McFadden": 0.19022784349511707,
        "McFadden_adj": 0.8028426884688867,
        "explained_deviance": 0.9609805229404589
      },
      "scale": 3.475475302395978
    },
    "fit_warnings": [],
    "model_hyperparameters": {
      "fit_intercept": true,
      "lam": 1.0,
      "max_iter": 100,
      "terms": "s(0) + s(1) + s(2) + s(3) + intercept",
      "tol": 0.0001
    },
    "n_features": 4,
    "n_splines": 8,
    "pickle_protocol": 5,
    "pygam_version": "0.12.0",
    "python_version": "3.14.4",
    "selected_lam": 1.0,
    "selection_metric": "rmse",
    "skipped_lam_settings": [],
    "target_name": "score_full_b",
    "test_row_count": 9,
    "train_row_count": 97
  },
  "cv_folds": 5,
  "holdout_row_count": 9,
  "lam_grid": [
    0.1,
    1.0
  ],
  "lam_summaries": [
    {
      "fold_count": 5,
      "lam": 0.1,
      "max_val_rmse": 4.46426227717533,
      "mean_baseline_val_rmse": 16.73864160603262,
      "mean_test_rmse": 3.1948172853162733,
      "mean_val_rmse": 3.761807859023294
    },
    {
      "fold_count": 5,
      "lam": 1.0,
      "max_val_rmse": 4.416898138436519,
      "mean_baseline_val_rmse": 16.73864160603262,
      "mean_test_rmse": 3.029087102471567,
      "mean_val_rmse": 3.727113961912392
    }
  ],
  "selection_metric": "rmse",
  "skipped_lam_settings": []
}
