{
  "backend": "pygam",
  "best_holdout_rmse": 7.150277465632351,
  "best_lam": 1.0,
  "best_max_val_rmse": 6.507881039988711,
  "best_mean_baseline_val_rmse": 14.237617121376365,
  "best_mean_val_rmse": 5.843442754286688,
  "best_model_metadata": {
    "backend": "pygam",
    "benchiq_version": "0.1.0a0",
    "cv_folds": 5,
    "feature_names": [
      "theta_b",
      "theta_se_b",
      "sub_b",
      "lin_b"
    ],
    "fit_statistics": {
      "aic": 1016.0033583043887,
      "edof": 9.538882814785747,
      "gcv": 32.26223802676416,
      "loglikelihood": -497.46279633740863,
      "pseudo_r2": {
        "McFadden": 0.5037803594392668,
        "McFadden_adj": 0.48655961804555714,
        "explained_deviance": 0.8653711355468359
      },
      "scale": 5.372323331925167
    },
    "fit_warnings": [],
    "model_hyperparameters": {
      "fit_intercept": true,
      "lam": 1.0,
      "max_iter": 100,
      "terms": "s(0) + s(1) + s(2) + s(3) + intercept",
      "tol": 0.0001
    },
    "n_features": 4,
    "n_splines": 8,
    "pickle_protocol": 5,
    "pygam_version": "0.12.0",
    "python_version": "3.14.4",
    "selected_lam": 1.0,
    "selection_metric": "rmse",
    "skipped_lam_settings": [],
    "target_name": "score_full_b",
    "test_row_count": 22,
    "train_row_count": 162
  },
  "cv_folds": 5,
  "holdout_row_count": 22,
  "lam_grid": [
    0.1,
    1.0
  ],
  "lam_summaries": [
    {
      "fold_count": 5,
      "lam": 0.1,
      "max_val_rmse": 7.230206451749217,
      "mean_baseline_val_rmse": 14.237617121376365,
      "mean_test_rmse": 7.226032839857299,
      "mean_val_rmse": 6.280294576956948
    },
    {
      "fold_count": 5,
      "lam": 1.0,
      "max_val_rmse": 6.507881039988711,
      "mean_baseline_val_rmse": 14.237617121376365,
      "mean_test_rmse": 7.163046193380512,
      "mean_val_rmse": 5.843442754286688
    }
  ],
  "selection_metric": "rmse",
  "skipped_lam_settings": []
}
