{
  "backend": "pygam",
  "best_holdout_rmse": 0.9247499369900313,
  "best_lam": 0.1,
  "best_max_val_rmse": 0.8249136110845185,
  "best_mean_baseline_val_rmse": 15.563449166346022,
  "best_mean_val_rmse": 0.8036279331595676,
  "best_model_metadata": {
    "backend": "pygam",
    "benchiq_version": "0.1.0a0",
    "cv_folds": 5,
    "feature_names": [
      "theta_b",
      "theta_se_b",
      "sub_b",
      "lin_b"
    ],
    "fit_statistics": {
      "aic": 10290.225597725228,
      "edof": 20.600816018238245,
      "gcv": 0.6496470918338255,
      "loglikelihood": -5123.511982844376,
      "pseudo_r2": {
        "McFadden": 0.006339213815678408,
        "McFadden_adj": 0.9936352972271465,
        "explained_deviance": 0.9973539318838747
      },
      "scale": 0.8025108499679404
    },
    "fit_warnings": [],
    "model_hyperparameters": {
      "fit_intercept": true,
      "lam": 0.1,
      "max_iter": 100,
      "terms": "s(0) + s(1) + s(2) + s(3) + intercept",
      "tol": 0.0001
    },
    "n_features": 4,
    "n_splines": 10,
    "pickle_protocol": 5,
    "pygam_version": "0.12.0",
    "python_version": "3.14.4",
    "selected_lam": 0.1,
    "selection_metric": "rmse",
    "skipped_lam_settings": [],
    "target_name": "score_full_b",
    "test_row_count": 464,
    "train_row_count": 4282
  },
  "cv_folds": 5,
  "holdout_row_count": 464,
  "lam_grid": [
    0.1,
    1.0
  ],
  "lam_summaries": [
    {
      "fold_count": 5,
      "lam": 0.1,
      "max_val_rmse": 0.8249136110845185,
      "mean_baseline_val_rmse": 15.563449166346022,
      "mean_test_rmse": 0.9251460282535545,
      "mean_val_rmse": 0.8036279331595676
    },
    {
      "fold_count": 5,
      "lam": 1.0,
      "max_val_rmse": 0.8258685801229257,
      "mean_baseline_val_rmse": 15.563449166346022,
      "mean_test_rmse": 0.928041471015231,
      "mean_val_rmse": 0.8050380115316738
    }
  ],
  "selection_metric": "rmse",
  "skipped_lam_settings": []
}
