{
  "backend": "pygam",
  "best_holdout_rmse": 5.437947793480156,
  "best_lam": 0.1,
  "best_max_val_rmse": 6.465293705521522,
  "best_mean_baseline_val_rmse": 14.945856711858983,
  "best_mean_val_rmse": 5.791949672662919,
  "best_model_metadata": {
    "backend": "pygam",
    "benchiq_version": "0.1.0a0",
    "cv_folds": 5,
    "feature_names": [
      "theta_b",
      "theta_se_b",
      "sub_b",
      "lin_b"
    ],
    "fit_statistics": {
      "aic": 1118.4553004036622,
      "edof": 14.193944040203977,
      "gcv": 37.23454334048789,
      "loglikelihood": -544.0337061616272,
      "pseudo_r2": {
        "McFadden": 0.5076534115123401,
        "McFadden_adj": 0.47910181333271007,
        "explained_deviance": 0.8677653479933632
      },
      "scale": 5.642795664162003
    },
    "fit_warnings": [],
    "model_hyperparameters": {
      "fit_intercept": true,
      "lam": 0.1,
      "max_iter": 100,
      "terms": "s(0) + s(1) + s(2) + s(3) + intercept",
      "tol": 0.0001
    },
    "n_features": 4,
    "n_splines": 8,
    "pickle_protocol": 5,
    "pygam_version": "0.12.0",
    "python_version": "3.14.4",
    "selected_lam": 0.1,
    "selection_metric": "rmse",
    "skipped_lam_settings": [],
    "target_name": "score_full_b",
    "test_row_count": 20,
    "train_row_count": 175
  },
  "cv_folds": 5,
  "holdout_row_count": 20,
  "lam_grid": [
    0.1,
    1.0
  ],
  "lam_summaries": [
    {
      "fold_count": 5,
      "lam": 0.1,
      "max_val_rmse": 6.465293705521522,
      "mean_baseline_val_rmse": 14.945856711858983,
      "mean_test_rmse": 5.4741639208828206,
      "mean_val_rmse": 5.791949672662919
    },
    {
      "fold_count": 5,
      "lam": 1.0,
      "max_val_rmse": 6.478194700165979,
      "mean_baseline_val_rmse": 14.945856711858983,
      "mean_test_rmse": 5.526072850244716,
      "mean_val_rmse": 5.813405901340491
    }
  ],
  "selection_metric": "rmse",
  "skipped_lam_settings": []
}
