{
  "backend": "pygam",
  "best_holdout_rmse": 1.2937189877861728,
  "best_lam": 0.1,
  "best_max_val_rmse": 1.1993897312917414,
  "best_mean_baseline_val_rmse": 26.524180728581932,
  "best_mean_val_rmse": 1.1513382175834659,
  "best_model_metadata": {
    "backend": "pygam",
    "benchiq_version": "0.1.0a0",
    "cv_folds": 5,
    "feature_names": [
      "theta_b",
      "theta_se_b",
      "sub_b",
      "lin_b"
    ],
    "fit_statistics": {
      "aic": 15726.174794312561,
      "edof": 24.99076506971172,
      "gcv": 1.335230521820752,
      "loglikelihood": -7837.096632086569,
      "pseudo_r2": {
        "McFadden": 0.005834972265585942,
        "McFadden_adj": 0.9941464213004343,
        "explained_deviance": 0.9981275093024932
      },
      "scale": 1.150350676711077
    },
    "fit_warnings": [],
    "model_hyperparameters": {
      "fit_intercept": true,
      "lam": 0.1,
      "max_iter": 100,
      "terms": "s(0) + s(1) + s(2) + s(3) + intercept",
      "tol": 0.0001
    },
    "n_features": 4,
    "n_splines": 10,
    "pickle_protocol": 5,
    "pygam_version": "0.12.0",
    "python_version": "3.14.4",
    "selected_lam": 0.1,
    "selection_metric": "rmse",
    "skipped_lam_settings": [],
    "target_name": "score_full_b",
    "test_row_count": 461,
    "train_row_count": 5035
  },
  "cv_folds": 5,
  "holdout_row_count": 461,
  "lam_grid": [
    0.1,
    1.0
  ],
  "lam_summaries": [
    {
      "fold_count": 5,
      "lam": 0.1,
      "max_val_rmse": 1.1993897312917414,
      "mean_baseline_val_rmse": 26.524180728581932,
      "mean_test_rmse": 1.2945600361983864,
      "mean_val_rmse": 1.1513382175834659
    },
    {
      "fold_count": 5,
      "lam": 1.0,
      "max_val_rmse": 1.2043585584293466,
      "mean_baseline_val_rmse": 26.524180728581932,
      "mean_test_rmse": 1.3058652571768052,
      "mean_val_rmse": 1.1587844038803168
    }
  ],
  "selection_metric": "rmse",
  "skipped_lam_settings": []
}
