{
  "artifacts": {
    "expected_test_information_plot": "reports/budget_overlap_tuning/workdir_seed7_followup/budget_followup__large_release_default_subset__kp-300__kf-200__seed-7/artifacts/06_select/per_benchmark/truthfulqa/plots/expected_test_information.png",
    "plots_reason": null,
    "plots_written": true
  },
  "benchmark_id": "truthfulqa",
  "counts": {
    "candidate_item_count": 300,
    "info_grid_row_count": 75300,
    "selected_item_count": 200
  },
  "expected_test_information": {
    "full_sum_max": 207.0983428484702,
    "reduced_sum_max": 123.13412382051453
  },
  "generated_at": "2026-04-19T17:06:59.735194+00:00",
  "parameters": {
    "effective_k_final": 200,
    "info_min": 0.0,
    "n_bins": 200,
    "requested_k_final": 200,
    "theta_grid_size": 251,
    "theta_grid_type": "difficulty_range"
  },
  "selected_item_ids": [
    "725",
    "99",
    "805",
    "371",
    "533",
    "781",
    "474",
    "71",
    "68",
    "682",
    "169",
    "104",
    "159",
    "155",
    "197",
    "497",
    "654",
    "486",
    "312",
    "343",
    "753",
    "568",
    "232",
    "97",
    "139",
    "444",
    "429",
    "389",
    "242",
    "644",
    "21",
    "656",
    "463",
    "601",
    "657",
    "752",
    "572",
    "300",
    "468",
    "714",
    "646",
    "430",
    "210",
    "584",
    "56",
    "105",
    "398",
    "765",
    "793",
    "693",
    "527",
    "369",
    "376",
    "729",
    "151",
    "477",
    "457",
    "521",
    "802",
    "186",
    "585",
    "40",
    "119",
    "196",
    "501",
    "212",
    "303",
    "327",
    "798",
    "45",
    "236",
    "712",
    "788",
    "132",
    "29",
    "342",
    "574",
    "76",
    "27",
    "536",
    "431",
    "58",
    "684",
    "663",
    "811",
    "67",
    "46",
    "744",
    "42",
    "509",
    "335",
    "362",
    "226",
    "613",
    "320",
    "346",
    "201",
    "392",
    "625",
    "689",
    "249",
    "421",
    "260",
    "216",
    "662",
    "540",
    "815",
    "809",
    "388",
    "439",
    "480",
    "583",
    "563",
    "401",
    "595",
    "341",
    "206",
    "250",
    "594",
    "669",
    "363",
    "289",
    "505",
    "731",
    "153",
    "418",
    "117",
    "143",
    "709",
    "739",
    "711",
    "81",
    "529",
    "718",
    "377",
    "258",
    "294",
    "225",
    "609",
    "746",
    "345",
    "443",
    "526",
    "450",
    "691",
    "460",
    "22",
    "764",
    "608",
    "713",
    "17",
    "59",
    "472",
    "773",
    "701",
    "606",
    "39",
    "596",
    "685",
    "244",
    "148",
    "610",
    "171",
    "348",
    "530",
    "23",
    "547",
    "570",
    "768",
    "390",
    "598",
    "174",
    "467",
    "676",
    "353",
    "428",
    "360",
    "223",
    "432",
    "96",
    "690",
    "215",
    "163",
    "134",
    "296",
    "637",
    "503",
    "397",
    "52",
    "317",
    "160",
    "614",
    "140",
    "795",
    "231",
    "26",
    "313",
    "655",
    "44",
    "55"
  ],
  "skipped": false,
  "skipped_reason": null,
  "theta_grid": {
    "grid_size": 251,
    "max_theta": 6.927370973350995,
    "min_theta": -4.677271461573816
  },
  "warnings": []
}
