{
  "backend": "pygam",
  "best_holdout_rmse": 0.8767648648757712,
  "best_lam": 0.1,
  "best_max_val_rmse": 0.94573041303249,
  "best_mean_baseline_val_rmse": 16.659691879756558,
  "best_mean_val_rmse": 0.8895941367624772,
  "best_model_metadata": {
    "backend": "pygam",
    "benchiq_version": "0.1.0a0",
    "cv_folds": 5,
    "feature_names": [
      "theta_b",
      "theta_se_b",
      "sub_b",
      "lin_b"
    ],
    "fit_statistics": {
      "aic": 11143.370587318215,
      "edof": 22.84106311754266,
      "gcv": 0.7961220660463801,
      "loglikelihood": -5547.844230541565,
      "pseudo_r2": {
        "McFadden": 0.007336277173084826,
        "McFadden_adj": 0.9926335185956868,
        "explained_deviance": 0.9971751046374828
      },
      "scale": 0.887958880905531
    },
    "fit_warnings": [],
    "model_hyperparameters": {
      "fit_intercept": true,
      "lam": 0.1,
      "max_iter": 100,
      "terms": "s(0) + s(1) + s(2) + s(3) + intercept",
      "tol": 0.0001
    },
    "n_features": 4,
    "n_splines": 10,
    "pickle_protocol": 5,
    "pygam_version": "0.12.0",
    "python_version": "3.14.4",
    "selected_lam": 0.1,
    "selection_metric": "rmse",
    "skipped_lam_settings": [],
    "target_name": "score_full_b",
    "test_row_count": 462,
    "train_row_count": 4276
  },
  "cv_folds": 5,
  "holdout_row_count": 462,
  "lam_grid": [
    0.1,
    1.0
  ],
  "lam_summaries": [
    {
      "fold_count": 5,
      "lam": 0.1,
      "max_val_rmse": 0.94573041303249,
      "mean_baseline_val_rmse": 16.659691879756558,
      "mean_test_rmse": 0.877025057378431,
      "mean_val_rmse": 0.8895941367624772
    },
    {
      "fold_count": 5,
      "lam": 1.0,
      "max_val_rmse": 0.9480250715176134,
      "mean_baseline_val_rmse": 16.659691879756558,
      "mean_test_rmse": 0.8800159459543782,
      "mean_val_rmse": 0.891034509681428
    }
  ],
  "selection_metric": "rmse",
  "skipped_lam_settings": []
}
