benchmark_id,published_primary_target_rmse,public_release_default_subset_rmse,benchiq_marginal_rmse,benchiq_joint_rmse,absolute_delta,kept_item_count,within_strong_band
arc,1.166,1.375054572446307,2.5569754382054626,1.8754860517696772,0.7094860517696773,100,False
gsm8k,1.555,1.348073294893001,1.79347355114836,1.7736947725508494,0.21869477255084946,237,False
hellaswag,0.999,1.646384376872494,2.6762309082983613,1.8051147630401094,0.8061147630401094,58,False
mmlu,1.43,1.329090824876857,2.231926850388856,2.095942682375143,0.6659426823751431,102,False
truthfulqa,1.104,1.0862103026169,1.7243300258356329,1.6351906082421104,0.5311906082421103,136,False
winogrande,1.195,1.280301429647948,1.9014556667114824,1.548421623300213,0.353421623300213,106,False
