{
  "backend": "pygam",
  "best_holdout_rmse": 0.9065115530998391,
  "best_lam": 0.1,
  "best_max_val_rmse": 0.8772642828709084,
  "best_mean_baseline_val_rmse": 16.72880827169302,
  "best_mean_val_rmse": 0.8538876991603359,
  "best_model_metadata": {
    "backend": "pygam",
    "benchiq_version": "0.1.0a0",
    "cv_folds": 5,
    "feature_names": [
      "theta_b",
      "theta_se_b",
      "sub_b",
      "lin_b"
    ],
    "fit_statistics": {
      "aic": 10746.044530289944,
      "edof": 23.094170585917595,
      "gcv": 0.7255142991633285,
      "loglikelihood": -5348.928094559054,
      "pseudo_r2": {
        "McFadden": 0.006400946366962613,
        "McFadden_adj": 0.9935714173394292,
        "explained_deviance": 0.9974454689143144
      },
      "scale": 0.8476228837516799
    },
    "fit_warnings": [],
    "model_hyperparameters": {
      "fit_intercept": true,
      "lam": 0.1,
      "max_iter": 100,
      "terms": "s(0) + s(1) + s(2) + s(3) + intercept",
      "tol": 0.0001
    },
    "n_features": 4,
    "n_splines": 10,
    "pickle_protocol": 5,
    "pygam_version": "0.12.0",
    "python_version": "3.14.4",
    "selected_lam": 0.1,
    "selection_metric": "rmse",
    "skipped_lam_settings": [],
    "target_name": "score_full_b",
    "test_row_count": 462,
    "train_row_count": 4276
  },
  "cv_folds": 5,
  "holdout_row_count": 462,
  "lam_grid": [
    0.1,
    1.0
  ],
  "lam_summaries": [
    {
      "fold_count": 5,
      "lam": 0.1,
      "max_val_rmse": 0.8772642828709084,
      "mean_baseline_val_rmse": 16.72880827169302,
      "mean_test_rmse": 0.9073589485125242,
      "mean_val_rmse": 0.8538876991603359
    },
    {
      "fold_count": 5,
      "lam": 1.0,
      "max_val_rmse": 0.8780977623810899,
      "mean_baseline_val_rmse": 16.72880827169302,
      "mean_test_rmse": 0.9116309659643136,
      "mean_val_rmse": 0.8545759491424869
    }
  ],
  "selection_metric": "rmse",
  "skipped_lam_settings": []
}
