{
  "backend": "pygam",
  "best_holdout_rmse": 0.8962621852137518,
  "best_lam": 0.1,
  "best_max_val_rmse": 0.8267952774201711,
  "best_mean_baseline_val_rmse": 15.53231719989795,
  "best_mean_val_rmse": 0.7968263448052829,
  "best_model_metadata": {
    "backend": "pygam",
    "benchiq_version": "0.1.0a0",
    "cv_folds": 5,
    "feature_names": [
      "theta_b",
      "theta_se_b",
      "sub_b",
      "lin_b"
    ],
    "fit_statistics": {
      "aic": 10202.097152753016,
      "edof": 19.91939996948597,
      "gcv": 0.6373961409119613,
      "loglikelihood": -5080.129176407022,
      "pseudo_r2": {
        "McFadden": 0.006196217377502597,
        "McFadden_adj": 0.993779486993793,
        "explained_deviance": 0.9973932251546334
      },
      "scale": 0.7950204043888086
    },
    "fit_warnings": [],
    "model_hyperparameters": {
      "fit_intercept": true,
      "lam": 0.1,
      "max_iter": 100,
      "terms": "s(0) + s(1) + s(2) + s(3) + intercept",
      "tol": 0.0001
    },
    "n_features": 4,
    "n_splines": 10,
    "pickle_protocol": 5,
    "pygam_version": "0.12.0",
    "python_version": "3.14.4",
    "selected_lam": 0.1,
    "selection_metric": "rmse",
    "skipped_lam_settings": [],
    "target_name": "score_full_b",
    "test_row_count": 462,
    "train_row_count": 4279
  },
  "cv_folds": 5,
  "holdout_row_count": 462,
  "lam_grid": [
    0.1,
    1.0
  ],
  "lam_summaries": [
    {
      "fold_count": 5,
      "lam": 0.1,
      "max_val_rmse": 0.8267952774201711,
      "mean_baseline_val_rmse": 15.53231719989795,
      "mean_test_rmse": 0.8969011245645369,
      "mean_val_rmse": 0.7968263448052829
    },
    {
      "fold_count": 5,
      "lam": 1.0,
      "max_val_rmse": 0.827715008891437,
      "mean_baseline_val_rmse": 15.53231719989795,
      "mean_test_rmse": 0.9014136406868506,
      "mean_val_rmse": 0.7971273228225583
    }
  ],
  "selection_metric": "rmse",
  "skipped_lam_settings": []
}
