{
  "backend": "pygam",
  "best_holdout_rmse": 15.111163426022681,
  "best_lam": 1.0,
  "best_max_val_rmse": 18.20257589961763,
  "best_mean_baseline_val_rmse": 26.096649370280897,
  "best_mean_val_rmse": 16.682925213897807,
  "best_model_metadata": {
    "backend": "pygam",
    "benchiq_version": "0.1.0a0",
    "cv_folds": 3,
    "feature_names": [
      "theta_b1",
      "theta_b2",
      "theta_b3",
      "theta_se_b",
      "sub_b",
      "grand_sub",
      "lin_b",
      "grand_lin"
    ],
    "fit_statistics": {
      "aic": 387.2023703093079,
      "edof": 10.52511406598959,
      "gcv": 233.63711739510967,
      "loglikelihood": -182.07607108866438,
      "pseudo_r2": {
        "McFadden": 0.6680671240417232,
        "McFadden_adj": 0.29331449715520685,
        "explained_deviance": 0.8284163363260364
      },
      "scale": 11.988520328959103
    },
    "fit_warnings": [],
    "model_hyperparameters": {
      "fit_intercept": true,
      "lam": 1.0,
      "max_iter": 100,
      "terms": "s(0) + s(1) + s(2) + s(3) + s(4) + s(5) + s(6) + s(7) + intercept",
      "tol": 0.0001
    },
    "n_features": 8,
    "n_splines": 5,
    "pickle_protocol": 5,
    "pygam_version": "0.12.0",
    "python_version": "3.14.4",
    "selected_lam": 1.0,
    "selection_metric": "rmse",
    "skipped_lam_settings": [],
    "target_name": "score_full_b",
    "test_row_count": 6,
    "train_row_count": 48
  },
  "cv_folds": 3,
  "holdout_row_count": 6,
  "lam_grid": [
    0.1,
    1.0
  ],
  "lam_summaries": [
    {
      "fold_count": 3,
      "lam": 0.1,
      "max_val_rmse": 19.968408183958466,
      "mean_baseline_val_rmse": 26.096649370280897,
      "mean_test_rmse": 18.149893090159797,
      "mean_val_rmse": 17.57425784819504
    },
    {
      "fold_count": 3,
      "lam": 1.0,
      "max_val_rmse": 18.20257589961763,
      "mean_baseline_val_rmse": 26.096649370280897,
      "mean_test_rmse": 16.947350765278255,
      "mean_val_rmse": 16.682925213897807
    }
  ],
  "selection_metric": "rmse",
  "skipped_lam_settings": []
}
