{
  "backend": "pygam",
  "best_holdout_rmse": 0.5325465468608774,
  "best_lam": 0.1,
  "best_max_val_rmse": 0.6729480846806821,
  "best_mean_baseline_val_rmse": 21.44528763160364,
  "best_mean_val_rmse": 0.6119871609700395,
  "best_model_metadata": {
    "backend": "pygam",
    "benchiq_version": "0.1.0a0",
    "cv_folds": 5,
    "feature_names": [
      "theta_b",
      "theta_se_b",
      "sub_b",
      "lin_b"
    ],
    "fit_statistics": {
      "aic": 7875.022430865808,
      "edof": 24.372845959862637,
      "gcv": 0.3709731255440958,
      "loglikelihood": -3912.138369473041,
      "pseudo_r2": {
        "McFadden": 0.0014607567619455955,
        "McFadden_adj": 0.9985301426398185,
        "explained_deviance": 0.9992058974950635
      },
      "scale": 0.6059439302582593
    },
    "fit_warnings": [],
    "model_hyperparameters": {
      "fit_intercept": true,
      "lam": 0.1,
      "max_iter": 100,
      "terms": "s(0) + s(1) + s(2) + s(3) + intercept",
      "tol": 0.0001
    },
    "n_features": 4,
    "n_splines": 10,
    "pickle_protocol": 5,
    "pygam_version": "0.12.0",
    "python_version": "3.14.4",
    "selected_lam": 0.1,
    "selection_metric": "rmse",
    "skipped_lam_settings": [],
    "target_name": "score_full_b",
    "test_row_count": 461,
    "train_row_count": 4275
  },
  "cv_folds": 5,
  "holdout_row_count": 461,
  "lam_grid": [
    0.1,
    1.0
  ],
  "lam_summaries": [
    {
      "fold_count": 5,
      "lam": 0.1,
      "max_val_rmse": 0.6729480846806821,
      "mean_baseline_val_rmse": 21.44528763160364,
      "mean_test_rmse": 0.533212727381625,
      "mean_val_rmse": 0.6119871609700395
    },
    {
      "fold_count": 5,
      "lam": 1.0,
      "max_val_rmse": 0.6872926556013255,
      "mean_baseline_val_rmse": 21.44528763160364,
      "mean_test_rmse": 0.5328865897795672,
      "mean_val_rmse": 0.6204169033769753
    }
  ],
  "selection_metric": "rmse",
  "skipped_lam_settings": []
}
