{
  "artifacts": {
    "expected_test_information_plot": "/Users/jeremykalfus/CodingProjects/BenchIQ/reports/preprocessing_variation_followup/real_confirmation/workdir/real_confirmation_multi_seed__large_release_default_subset__relaxed_low_tail_002__deterministic_info__seed-11/artifacts/06_select/per_benchmark/arc/plots/expected_test_information.png",
    "plots_reason": null,
    "plots_written": true
  },
  "benchmark_id": "arc",
  "counts": {
    "candidate_item_count": 350,
    "info_grid_row_count": 87850,
    "selected_item_count": 250
  },
  "expected_test_information": {
    "full_sum_max": 463.3987805942823,
    "reduced_sum_max": 249.8354140937081
  },
  "generated_at": "2026-04-20T01:03:09.391519+00:00",
  "parameters": {
    "effective_k_final": 250,
    "info_min": 0.0,
    "n_bins": 250,
    "requested_k_final": 250,
    "theta_grid_size": 251,
    "theta_grid_type": "difficulty_range"
  },
  "selected_item_ids": [
    "746",
    "634",
    "774",
    "564",
    "1056",
    "1012",
    "529",
    "887",
    "984",
    "1072",
    "370",
    "458",
    "896",
    "1160",
    "771",
    "1157",
    "842",
    "388",
    "389",
    "498",
    "198",
    "193",
    "872",
    "1022",
    "679",
    "611",
    "821",
    "572",
    "91",
    "1019",
    "555",
    "659",
    "903",
    "452",
    "1088",
    "781",
    "987",
    "683",
    "1028",
    "231",
    "914",
    "1025",
    "421",
    "1147",
    "638",
    "652",
    "1122",
    "1155",
    "866",
    "1014",
    "848",
    "745",
    "189",
    "609",
    "11",
    "760",
    "855",
    "1060",
    "109",
    "291",
    "597",
    "154",
    "1050",
    "54",
    "1162",
    "442",
    "713",
    "212",
    "329",
    "19",
    "403",
    "829",
    "734",
    "891",
    "357",
    "706",
    "1041",
    "908",
    "157",
    "1101",
    "328",
    "1128",
    "906",
    "978",
    "391",
    "528",
    "858",
    "57",
    "876",
    "416",
    "476",
    "274",
    "366",
    "426",
    "432",
    "129",
    "647",
    "854",
    "800",
    "1064",
    "837",
    "180",
    "565",
    "988",
    "425",
    "725",
    "508",
    "1024",
    "617",
    "557",
    "191",
    "59",
    "7",
    "1073",
    "762",
    "338",
    "375",
    "224",
    "223",
    "16",
    "330",
    "280",
    "695",
    "31",
    "1121",
    "1055",
    "156",
    "68",
    "492",
    "582",
    "618",
    "17",
    "558",
    "853",
    "536",
    "509",
    "378",
    "1143",
    "187",
    "515",
    "1086",
    "610",
    "1066",
    "750",
    "105",
    "208",
    "111",
    "755",
    "708",
    "398",
    "141",
    "687",
    "1044",
    "791",
    "844",
    "756",
    "1009",
    "604",
    "36",
    "1042",
    "732",
    "53",
    "1006",
    "495",
    "28",
    "396",
    "963",
    "385",
    "90",
    "1153",
    "1035",
    "954",
    "673",
    "865",
    "645",
    "217",
    "1106",
    "816",
    "933",
    "167",
    "924",
    "350",
    "739",
    "112",
    "1154",
    "72",
    "415",
    "487",
    "592",
    "974",
    "253",
    "577",
    "861",
    "292",
    "410",
    "1146",
    "957",
    "969",
    "769",
    "39",
    "462",
    "928",
    "265",
    "671",
    "1094",
    "925",
    "1079",
    "327",
    "219",
    "124",
    "1030",
    "688",
    "1029",
    "30",
    "1131",
    "960",
    "466",
    "658",
    "636",
    "523",
    "227",
    "197",
    "349",
    "77",
    "907",
    "1129",
    "117",
    "1095",
    "1139",
    "945",
    "1081",
    "409",
    "225",
    "826",
    "285",
    "480",
    "850",
    "593",
    "1070",
    "758",
    "18",
    "559",
    "700",
    "479",
    "229",
    "505",
    "899",
    "1111",
    "749",
    "483"
  ],
  "skipped": false,
  "skipped_reason": null,
  "theta_grid": {
    "grid_size": 251,
    "max_theta": 6.999611403439059,
    "min_theta": -4.069086647748158
  },
  "warnings": []
}
