{
  "backend": "pygam",
  "best_holdout_rmse": 0.5265312718888954,
  "best_lam": 0.1,
  "best_max_val_rmse": 0.6867724566912605,
  "best_mean_baseline_val_rmse": 21.552473324527906,
  "best_mean_val_rmse": 0.6174408419874972,
  "best_model_metadata": {
    "backend": "pygam",
    "benchiq_version": "0.1.0a0",
    "cv_folds": 5,
    "feature_names": [
      "theta_b",
      "theta_se_b",
      "sub_b",
      "lin_b"
    ],
    "fit_statistics": {
      "aic": 7986.74060344434,
      "edof": 24.51254957848171,
      "gcv": 0.37997359712003476,
      "loglikelihood": -3967.8577521436882,
      "pseudo_r2": {
        "McFadden": 0.0014991904907898747,
        "McFadden_adj": 0.9984915478411946,
        "explained_deviance": 0.9991955073245833
      },
      "scale": 0.6132360465759125
    },
    "fit_warnings": [],
    "model_hyperparameters": {
      "fit_intercept": true,
      "lam": 0.1,
      "max_iter": 100,
      "terms": "s(0) + s(1) + s(2) + s(3) + intercept",
      "tol": 0.0001
    },
    "n_features": 4,
    "n_splines": 10,
    "pickle_protocol": 5,
    "pygam_version": "0.12.0",
    "python_version": "3.14.4",
    "selected_lam": 0.1,
    "selection_metric": "rmse",
    "skipped_lam_settings": [],
    "target_name": "score_full_b",
    "test_row_count": 463,
    "train_row_count": 4280
  },
  "cv_folds": 5,
  "holdout_row_count": 463,
  "lam_grid": [
    0.1,
    1.0
  ],
  "lam_summaries": [
    {
      "fold_count": 5,
      "lam": 0.1,
      "max_val_rmse": 0.6867724566912605,
      "mean_baseline_val_rmse": 21.552473324527906,
      "mean_test_rmse": 0.5271929089835673,
      "mean_val_rmse": 0.6174408419874972
    },
    {
      "fold_count": 5,
      "lam": 1.0,
      "max_val_rmse": 0.6944470782608629,
      "mean_baseline_val_rmse": 21.552473324527906,
      "mean_test_rmse": 0.5388519874785462,
      "mean_val_rmse": 0.6258281718410247
    }
  ],
  "selection_metric": "rmse",
  "skipped_lam_settings": []
}
