{
  "backend": "pygam",
  "best_holdout_rmse": 1.3326832844505805,
  "best_lam": 0.1,
  "best_max_val_rmse": 1.1865495667575912,
  "best_mean_baseline_val_rmse": 26.563088890567435,
  "best_mean_val_rmse": 1.156289925943765,
  "best_model_metadata": {
    "backend": "pygam",
    "benchiq_version": "0.1.0a0",
    "cv_folds": 5,
    "feature_names": [
      "theta_b",
      "theta_se_b",
      "sub_b",
      "lin_b"
    ],
    "fit_statistics": {
      "aic": 15775.147244663945,
      "edof": 24.954247204750104,
      "gcv": 1.3440838205616674,
      "loglikelihood": -7861.619375127223,
      "pseudo_r2": {
        "McFadden": 0.0058681327138932265,
        "McFadden_adj": 0.9941132407376331,
        "explained_deviance": 0.9981208046449609
      },
      "scale": 1.1541708422471255
    },
    "fit_warnings": [],
    "model_hyperparameters": {
      "fit_intercept": true,
      "lam": 0.1,
      "max_iter": 100,
      "terms": "s(0) + s(1) + s(2) + s(3) + intercept",
      "tol": 0.0001
    },
    "n_features": 4,
    "n_splines": 10,
    "pickle_protocol": 5,
    "pygam_version": "0.12.0",
    "python_version": "3.14.4",
    "selected_lam": 0.1,
    "selection_metric": "rmse",
    "skipped_lam_settings": [],
    "target_name": "score_full_b",
    "test_row_count": 462,
    "train_row_count": 5040
  },
  "cv_folds": 5,
  "holdout_row_count": 462,
  "lam_grid": [
    0.1,
    1.0
  ],
  "lam_summaries": [
    {
      "fold_count": 5,
      "lam": 0.1,
      "max_val_rmse": 1.1865495667575912,
      "mean_baseline_val_rmse": 26.563088890567435,
      "mean_test_rmse": 1.3330753804796311,
      "mean_val_rmse": 1.156289925943765
    },
    {
      "fold_count": 5,
      "lam": 1.0,
      "max_val_rmse": 1.1937024871448765,
      "mean_baseline_val_rmse": 26.563088890567435,
      "mean_test_rmse": 1.3405613947887953,
      "mean_val_rmse": 1.1644641896817194
    }
  ],
  "selection_metric": "rmse",
  "skipped_lam_settings": []
}
