{
  "backend": "pygam",
  "best_holdout_rmse": 21.052339134335188,
  "best_lam": 1.0,
  "best_max_val_rmse": 16.465511617473457,
  "best_mean_baseline_val_rmse": 28.41858961070122,
  "best_mean_val_rmse": 14.807520034883725,
  "best_model_metadata": {
    "backend": "pygam",
    "benchiq_version": "0.1.0a0",
    "cv_folds": 3,
    "feature_names": [
      "theta_b1",
      "theta_b2",
      "theta_b3",
      "theta_se_b",
      "sub_b",
      "grand_sub",
      "lin_b",
      "grand_lin"
    ],
    "fit_statistics": {
      "aic": 401.47155895623376,
      "edof": 10.157479291285117,
      "gcv": 310.36758671923604,
      "loglikelihood": -189.57830018683177,
      "pseudo_r2": {
        "McFadden": 0.7453349048288574,
        "McFadden_adj": 0.21473054647326928,
        "explained_deviance": 0.7739291055368284
      },
      "scale": 13.963076647936726
    },
    "fit_warnings": [],
    "model_hyperparameters": {
      "fit_intercept": true,
      "lam": 1.0,
      "max_iter": 100,
      "terms": "s(0) + s(1) + s(2) + s(3) + s(4) + s(5) + s(6) + s(7) + intercept",
      "tol": 0.0001
    },
    "n_features": 8,
    "n_splines": 5,
    "pickle_protocol": 5,
    "pygam_version": "0.12.0",
    "python_version": "3.14.4",
    "selected_lam": 1.0,
    "selection_metric": "rmse",
    "skipped_lam_settings": [],
    "target_name": "score_full_b",
    "test_row_count": 6,
    "train_row_count": 48
  },
  "cv_folds": 3,
  "holdout_row_count": 6,
  "lam_grid": [
    0.1,
    1.0
  ],
  "lam_summaries": [
    {
      "fold_count": 3,
      "lam": 0.1,
      "max_val_rmse": 16.3680127638576,
      "mean_baseline_val_rmse": 28.41858961070122,
      "mean_test_rmse": 19.56617734116993,
      "mean_val_rmse": 15.074298184057488
    },
    {
      "fold_count": 3,
      "lam": 1.0,
      "max_val_rmse": 16.465511617473457,
      "mean_baseline_val_rmse": 28.41858961070122,
      "mean_test_rmse": 20.449626863991508,
      "mean_val_rmse": 14.807520034883725
    }
  ],
  "selection_metric": "rmse",
  "skipped_lam_settings": []
}
