{
  "backend": "pygam",
  "best_holdout_rmse": 1.2611652690272683,
  "best_lam": 0.1,
  "best_max_val_rmse": 1.1917882110677998,
  "best_mean_baseline_val_rmse": 26.55228603968237,
  "best_mean_val_rmse": 1.1565429212581653,
  "best_model_metadata": {
    "backend": "pygam",
    "benchiq_version": "0.1.0a0",
    "cv_folds": 5,
    "feature_names": [
      "theta_b",
      "theta_se_b",
      "sub_b",
      "lin_b"
    ],
    "fit_statistics": {
      "aic": 15783.587539414397,
      "edof": 24.995867906072018,
      "gcv": 1.3438368602889685,
      "loglikelihood": -7865.7979018011265,
      "pseudo_r2": {
        "McFadden": 0.005871341592598934,
        "McFadden_adj": 0.9941100005063576,
        "explained_deviance": 0.9981196633927316
      },
      "scale": 1.1540592468569792
    },
    "fit_warnings": [],
    "model_hyperparameters": {
      "fit_intercept": true,
      "lam": 0.1,
      "max_iter": 100,
      "terms": "s(0) + s(1) + s(2) + s(3) + intercept",
      "tol": 0.0001
    },
    "n_features": 4,
    "n_splines": 10,
    "pickle_protocol": 5,
    "pygam_version": "0.12.0",
    "python_version": "3.14.4",
    "selected_lam": 0.1,
    "selection_metric": "rmse",
    "skipped_lam_settings": [],
    "target_name": "score_full_b",
    "test_row_count": 464,
    "train_row_count": 5043
  },
  "cv_folds": 5,
  "holdout_row_count": 464,
  "lam_grid": [
    0.1,
    1.0
  ],
  "lam_summaries": [
    {
      "fold_count": 5,
      "lam": 0.1,
      "max_val_rmse": 1.1917882110677998,
      "mean_baseline_val_rmse": 26.55228603968237,
      "mean_test_rmse": 1.2619501687227292,
      "mean_val_rmse": 1.1565429212581653
    },
    {
      "fold_count": 5,
      "lam": 1.0,
      "max_val_rmse": 1.2006420799193371,
      "mean_baseline_val_rmse": 26.55228603968237,
      "mean_test_rmse": 1.2686966144978815,
      "mean_val_rmse": 1.1632376661027495
    }
  ],
  "selection_metric": "rmse",
  "skipped_lam_settings": []
}
