{
  "backend": "pygam",
  "best_holdout_rmse": 7.828342026483096,
  "best_lam": 1.0,
  "best_max_val_rmse": 14.613500758032819,
  "best_mean_baseline_val_rmse": 26.70381093479756,
  "best_mean_val_rmse": 10.914669843268143,
  "best_model_metadata": {
    "backend": "pygam",
    "benchiq_version": "0.1.0a0",
    "cv_folds": 3,
    "feature_names": [
      "theta_b1",
      "theta_b2",
      "theta_b3",
      "theta_se_b",
      "sub_b",
      "grand_sub",
      "lin_b",
      "grand_lin"
    ],
    "fit_statistics": {
      "aic": 373.0015543603493,
      "edof": 10.591947541410255,
      "gcv": 174.22976564024566,
      "loglikelihood": -174.9088296387644,
      "pseudo_r2": {
        "McFadden": 0.5624930919169514,
        "McFadden_adj": 0.4034440346746865,
        "explained_deviance": 0.879132391478035
      },
      "scale": 10.332850660920801
    },
    "fit_warnings": [],
    "model_hyperparameters": {
      "fit_intercept": true,
      "lam": 1.0,
      "max_iter": 100,
      "terms": "s(0) + s(1) + s(2) + s(3) + s(4) + s(5) + s(6) + s(7) + intercept",
      "tol": 0.0001
    },
    "n_features": 8,
    "n_splines": 5,
    "pickle_protocol": 5,
    "pygam_version": "0.12.0",
    "python_version": "3.14.4",
    "selected_lam": 1.0,
    "selection_metric": "rmse",
    "skipped_lam_settings": [],
    "target_name": "score_full_b",
    "test_row_count": 6,
    "train_row_count": 48
  },
  "cv_folds": 3,
  "holdout_row_count": 6,
  "lam_grid": [
    0.1,
    1.0
  ],
  "lam_summaries": [
    {
      "fold_count": 3,
      "lam": 0.1,
      "max_val_rmse": 15.04350563145919,
      "mean_baseline_val_rmse": 26.70381093479756,
      "mean_test_rmse": 8.046592498530238,
      "mean_val_rmse": 11.513118972397974
    },
    {
      "fold_count": 3,
      "lam": 1.0,
      "max_val_rmse": 14.613500758032819,
      "mean_baseline_val_rmse": 26.70381093479756,
      "mean_test_rmse": 8.230996038677521,
      "mean_val_rmse": 10.914669843268143
    }
  ],
  "selection_metric": "rmse",
  "skipped_lam_settings": []
}
