{
  "backend": "pygam",
  "best_holdout_rmse": 11.196583756258105,
  "best_lam": 1.0,
  "best_max_val_rmse": 15.68182707938012,
  "best_mean_baseline_val_rmse": 26.81700975586632,
  "best_mean_val_rmse": 14.657764031371093,
  "best_model_metadata": {
    "backend": "pygam",
    "benchiq_version": "0.1.0a0",
    "cv_folds": 3,
    "feature_names": [
      "theta_b",
      "theta_se_b",
      "sub_b",
      "lin_b"
    ],
    "fit_statistics": {
      "aic": 402.6566524015064,
      "edof": 5.381872326867415,
      "gcv": 275.77942619135257,
      "loglikelihood": -194.9464538738858,
      "pseudo_r2": {
        "McFadden": 0.7729501608801309,
        "McFadden_adj": 0.2057110612235571,
        "explained_deviance": 0.728800908879069
      },
      "scale": 14.857534236386746
    },
    "fit_warnings": [],
    "model_hyperparameters": {
      "fit_intercept": true,
      "lam": 1.0,
      "max_iter": 100,
      "terms": "s(0) + s(1) + s(2) + s(3) + intercept",
      "tol": 0.0001
    },
    "n_features": 4,
    "n_splines": 5,
    "pickle_protocol": 5,
    "pygam_version": "0.12.0",
    "python_version": "3.14.4",
    "selected_lam": 1.0,
    "selection_metric": "rmse",
    "skipped_lam_settings": [],
    "target_name": "score_full_b",
    "test_row_count": 6,
    "train_row_count": 48
  },
  "cv_folds": 3,
  "holdout_row_count": 6,
  "lam_grid": [
    0.1,
    1.0
  ],
  "lam_summaries": [
    {
      "fold_count": 3,
      "lam": 0.1,
      "max_val_rmse": 15.622679331160079,
      "mean_baseline_val_rmse": 26.81700975586632,
      "mean_test_rmse": 10.973803905431161,
      "mean_val_rmse": 14.785055765494457
    },
    {
      "fold_count": 3,
      "lam": 1.0,
      "max_val_rmse": 15.68182707938012,
      "mean_baseline_val_rmse": 26.81700975586632,
      "mean_test_rmse": 11.479861640202344,
      "mean_val_rmse": 14.657764031371093
    }
  ],
  "selection_metric": "rmse",
  "skipped_lam_settings": []
}
