{
  "artifacts": {
    "expected_test_information_plot": "/Users/jeremykalfus/CodingProjects/BenchIQ/reports/preprocessing_variation_followup/real_confirmation/workdir/real_confirmation_multi_seed__large_release_default_subset__relaxed_low_tail_002__deterministic_info__seed-11/artifacts/06_select/per_benchmark/hellaswag/plots/expected_test_information.png",
    "plots_reason": null,
    "plots_written": true
  },
  "benchmark_id": "hellaswag",
  "counts": {
    "candidate_item_count": 350,
    "info_grid_row_count": 87850,
    "selected_item_count": 250
  },
  "expected_test_information": {
    "full_sum_max": 906.0899355748405,
    "reduced_sum_max": 379.4569100098244
  },
  "generated_at": "2026-04-20T01:03:10.402532+00:00",
  "parameters": {
    "effective_k_final": 250,
    "info_min": 0.0,
    "n_bins": 250,
    "requested_k_final": 250,
    "theta_grid_size": 251,
    "theta_grid_type": "difficulty_range"
  },
  "selected_item_ids": [
    "5213",
    "7039",
    "1544",
    "6678",
    "2403",
    "1996",
    "493",
    "6535",
    "5282",
    "7172",
    "1729",
    "5140",
    "7755",
    "30",
    "6091",
    "1460",
    "4846",
    "8425",
    "5090",
    "5585",
    "5321",
    "3507",
    "9541",
    "856",
    "5639",
    "4360",
    "5314",
    "3994",
    "1355",
    "5010",
    "6850",
    "7336",
    "8739",
    "1626",
    "5671",
    "3299",
    "2458",
    "9204",
    "2749",
    "260",
    "7222",
    "9327",
    "2575",
    "7009",
    "4131",
    "8980",
    "4331",
    "1510",
    "7718",
    "9115",
    "1291",
    "9648",
    "5248",
    "2133",
    "6943",
    "1873",
    "2629",
    "6359",
    "7224",
    "5745",
    "4319",
    "3927",
    "564",
    "1564",
    "5886",
    "2989",
    "914",
    "9048",
    "4485",
    "9140",
    "1436",
    "166",
    "1616",
    "2586",
    "9364",
    "7429",
    "6814",
    "5434",
    "3710",
    "6425",
    "5676",
    "8533",
    "69",
    "5722",
    "307",
    "4508",
    "1266",
    "8627",
    "1350",
    "6806",
    "6863",
    "7987",
    "7846",
    "4158",
    "862",
    "8056",
    "4925",
    "9680",
    "364",
    "7103",
    "5614",
    "8325",
    "9893",
    "5738",
    "689",
    "6177",
    "9401",
    "2024",
    "5474",
    "6684",
    "3057",
    "5906",
    "2595",
    "7857",
    "4727",
    "2785",
    "4440",
    "5063",
    "4505",
    "7811",
    "5917",
    "5391",
    "6547",
    "7788",
    "4450",
    "9804",
    "522",
    "6037",
    "1307",
    "3419",
    "7716",
    "9007",
    "8934",
    "2973",
    "9612",
    "9288",
    "9368",
    "9141",
    "4202",
    "8027",
    "8876",
    "5355",
    "2613",
    "1446",
    "5523",
    "5694",
    "7606",
    "5922",
    "9162",
    "6265",
    "8155",
    "3351",
    "9456",
    "7443",
    "2369",
    "8257",
    "5974",
    "2867",
    "1096",
    "2889",
    "4233",
    "5064",
    "4264",
    "6365",
    "3374",
    "9503",
    "6874",
    "8756",
    "6596",
    "4778",
    "2577",
    "9331",
    "8701",
    "6762",
    "1023",
    "2248",
    "5330",
    "7542",
    "5547",
    "4366",
    "2472",
    "2256",
    "8349",
    "4704",
    "1338",
    "8598",
    "8295",
    "4378",
    "6755",
    "703",
    "9245",
    "5242",
    "562",
    "1047",
    "7277",
    "2238",
    "3849",
    "3101",
    "2013",
    "1598",
    "2366",
    "5086",
    "5503",
    "5062",
    "6632",
    "3677",
    "614",
    "9665",
    "6564",
    "6861",
    "683",
    "1545",
    "4292",
    "5268",
    "4798",
    "8089",
    "3360",
    "1265",
    "10040",
    "5994",
    "3421",
    "6314",
    "3854",
    "5875",
    "3044",
    "435",
    "2126",
    "4046",
    "7440",
    "7099",
    "4680",
    "3006",
    "1650",
    "1916",
    "1985",
    "9352",
    "9477",
    "5109",
    "6080",
    "3233",
    "5439",
    "4557",
    "1997",
    "3610",
    "7888",
    "7936",
    "713",
    "3273",
    "1497",
    "4020"
  ],
  "skipped": false,
  "skipped_reason": null,
  "theta_grid": {
    "grid_size": 251,
    "max_theta": 6.993257774525782,
    "min_theta": -5.3530824157694985
  },
  "warnings": []
}
