{
  "backend": "pygam",
  "best_holdout_rmse": 1.0741776049273517,
  "best_lam": 0.1,
  "best_max_val_rmse": 1.08150916532607,
  "best_mean_baseline_val_rmse": 16.79230788122343,
  "best_mean_val_rmse": 1.0207742485781488,
  "best_model_metadata": {
    "backend": "pygam",
    "benchiq_version": "0.1.0a0",
    "cv_folds": 5,
    "feature_names": [
      "theta_b",
      "theta_se_b",
      "sub_b",
      "lin_b"
    ],
    "fit_statistics": {
      "aic": 12337.565949247995,
      "edof": 24.54242994728954,
      "gcv": 1.0515337216905307,
      "loglikelihood": -6143.240544676708,
      "pseudo_r2": {
        "McFadden": 0.010529564261542662,
        "McFadden_adj": 0.9894283698139041,
        "explained_deviance": 0.9963295006210201
      },
      "scale": 1.020137600801861
    },
    "fit_warnings": [],
    "model_hyperparameters": {
      "fit_intercept": true,
      "lam": 0.1,
      "max_iter": 100,
      "terms": "s(0) + s(1) + s(2) + s(3) + intercept",
      "tol": 0.0001
    },
    "n_features": 4,
    "n_splines": 10,
    "pickle_protocol": 5,
    "pygam_version": "0.12.0",
    "python_version": "3.14.4",
    "selected_lam": 0.1,
    "selection_metric": "rmse",
    "skipped_lam_settings": [],
    "target_name": "score_full_b",
    "test_row_count": 462,
    "train_row_count": 4278
  },
  "cv_folds": 5,
  "holdout_row_count": 462,
  "lam_grid": [
    0.1,
    1.0
  ],
  "lam_summaries": [
    {
      "fold_count": 5,
      "lam": 0.1,
      "max_val_rmse": 1.08150916532607,
      "mean_baseline_val_rmse": 16.79230788122343,
      "mean_test_rmse": 1.0744510841360928,
      "mean_val_rmse": 1.0207742485781488
    },
    {
      "fold_count": 5,
      "lam": 1.0,
      "max_val_rmse": 1.0820663901085779,
      "mean_baseline_val_rmse": 16.79230788122343,
      "mean_test_rmse": 1.0764081658883975,
      "mean_val_rmse": 1.0252571908414267
    }
  ],
  "selection_metric": "rmse",
  "skipped_lam_settings": []
}
