{
  "artifacts": {
    "expected_test_information_plot": "reports/budget_overlap_tuning/workdir_seed7_followup/budget_followup__large_release_default_subset__kp-300__kf-200__seed-7/artifacts/06_select/per_benchmark/gsm8k/plots/expected_test_information.png",
    "plots_reason": null,
    "plots_written": true
  },
  "benchmark_id": "gsm8k",
  "counts": {
    "candidate_item_count": 300,
    "info_grid_row_count": 75300,
    "selected_item_count": 200
  },
  "expected_test_information": {
    "full_sum_max": 354.1793693951186,
    "reduced_sum_max": 207.4493237435718
  },
  "generated_at": "2026-04-19T17:06:58.556804+00:00",
  "parameters": {
    "effective_k_final": 200,
    "info_min": 0.0,
    "n_bins": 200,
    "requested_k_final": 200,
    "theta_grid_size": 251,
    "theta_grid_type": "difficulty_range"
  },
  "selected_item_ids": [
    "1226",
    "1076",
    "1238",
    "693",
    "1315",
    "862",
    "126",
    "561",
    "1085",
    "748",
    "772",
    "10",
    "412",
    "509",
    "115",
    "1258",
    "1071",
    "802",
    "383",
    "1273",
    "1087",
    "20",
    "1153",
    "877",
    "839",
    "543",
    "489",
    "210",
    "932",
    "950",
    "1097",
    "356",
    "592",
    "1191",
    "1180",
    "1231",
    "922",
    "508",
    "337",
    "1176",
    "471",
    "765",
    "29",
    "620",
    "146",
    "857",
    "389",
    "500",
    "679",
    "82",
    "1142",
    "585",
    "119",
    "1189",
    "1308",
    "67",
    "326",
    "1245",
    "60",
    "256",
    "754",
    "621",
    "31",
    "1288",
    "134",
    "1098",
    "968",
    "1218",
    "127",
    "715",
    "698",
    "751",
    "1096",
    "969",
    "542",
    "425",
    "301",
    "1222",
    "349",
    "849",
    "215",
    "649",
    "1039",
    "1106",
    "142",
    "631",
    "454",
    "892",
    "32",
    "1052",
    "608",
    "756",
    "730",
    "652",
    "889",
    "1014",
    "1277",
    "275",
    "992",
    "1033",
    "288",
    "663",
    "717",
    "270",
    "71",
    "1082",
    "562",
    "3",
    "726",
    "78",
    "579",
    "929",
    "782",
    "488",
    "671",
    "247",
    "498",
    "1092",
    "340",
    "477",
    "539",
    "402",
    "962",
    "1140",
    "499",
    "933",
    "236",
    "739",
    "1298",
    "76",
    "451",
    "1132",
    "927",
    "775",
    "858",
    "285",
    "1167",
    "1008",
    "517",
    "422",
    "1145",
    "1174",
    "155",
    "879",
    "669",
    "625",
    "668",
    "616",
    "707",
    "325",
    "598",
    "861",
    "977",
    "1295",
    "710",
    "9",
    "811",
    "1124",
    "843",
    "817",
    "37",
    "1049",
    "1266",
    "1163",
    "1281",
    "53",
    "401",
    "259",
    "221",
    "4",
    "573",
    "949",
    "942",
    "344",
    "676",
    "8",
    "1311",
    "464",
    "824",
    "342",
    "33",
    "860",
    "692",
    "300",
    "387",
    "770",
    "1263",
    "80",
    "128",
    "653",
    "1018",
    "597",
    "622",
    "989",
    "1260",
    "558",
    "719",
    "250",
    "779",
    "1221"
  ],
  "skipped": false,
  "skipped_reason": null,
  "theta_grid": {
    "grid_size": 251,
    "max_theta": 3.0797648463663516,
    "min_theta": -1.9974953493508585
  },
  "warnings": []
}
