{
  "backend": "pygam",
  "best_holdout_rmse": 0.9356282122481442,
  "best_lam": 0.1,
  "best_max_val_rmse": 0.9184334265596892,
  "best_mean_baseline_val_rmse": 16.76805426480582,
  "best_mean_val_rmse": 0.8769406865178322,
  "best_model_metadata": {
    "backend": "pygam",
    "benchiq_version": "0.1.0a0",
    "cv_folds": 5,
    "feature_names": [
      "theta_b",
      "theta_se_b",
      "sub_b",
      "lin_b"
    ],
    "fit_statistics": {
      "aic": 11003.875631355691,
      "edof": 22.934829744181283,
      "gcv": 0.7691920626133889,
      "loglikelihood": -5478.002985933665,
      "pseudo_r2": {
        "McFadden": 0.006909414622556387,
        "McFadden_adj": 0.9930616576370961,
        "explained_deviance": 0.9973045195501112
      },
      "scale": 0.8727970266272322
    },
    "fit_warnings": [],
    "model_hyperparameters": {
      "fit_intercept": true,
      "lam": 0.1,
      "max_iter": 100,
      "terms": "s(0) + s(1) + s(2) + s(3) + intercept",
      "tol": 0.0001
    },
    "n_features": 4,
    "n_splines": 10,
    "pickle_protocol": 5,
    "pygam_version": "0.12.0",
    "python_version": "3.14.4",
    "selected_lam": 0.1,
    "selection_metric": "rmse",
    "skipped_lam_settings": [],
    "target_name": "score_full_b",
    "test_row_count": 464,
    "train_row_count": 4279
  },
  "cv_folds": 5,
  "holdout_row_count": 464,
  "lam_grid": [
    0.1,
    1.0
  ],
  "lam_summaries": [
    {
      "fold_count": 5,
      "lam": 0.1,
      "max_val_rmse": 0.9184334265596892,
      "mean_baseline_val_rmse": 16.76805426480582,
      "mean_test_rmse": 0.9362902319426158,
      "mean_val_rmse": 0.8769406865178322
    },
    {
      "fold_count": 5,
      "lam": 1.0,
      "max_val_rmse": 0.9222465592925642,
      "mean_baseline_val_rmse": 16.76805426480582,
      "mean_test_rmse": 0.9351318394452395,
      "mean_val_rmse": 0.8777362701515496
    }
  ],
  "selection_metric": "rmse",
  "skipped_lam_settings": []
}
