{
  "backend": "pygam",
  "best_holdout_rmse": 1.322308275928508,
  "best_lam": 0.1,
  "best_max_val_rmse": 1.1779635247306481,
  "best_mean_baseline_val_rmse": 26.54251440531392,
  "best_mean_val_rmse": 1.154864359908525,
  "best_model_metadata": {
    "backend": "pygam",
    "benchiq_version": "0.1.0a0",
    "cv_folds": 5,
    "feature_names": [
      "theta_b",
      "theta_se_b",
      "sub_b",
      "lin_b"
    ],
    "fit_statistics": {
      "aic": 15757.500564891885,
      "edof": 24.96782476770715,
      "gcv": 1.33938891413547,
      "loglikelihood": -7852.782457678235,
      "pseudo_r2": {
        "McFadden": 0.005849991578306608,
        "McFadden_adj": 0.9941314084457732,
        "explained_deviance": 0.9981245382360027
      },
      "scale": 1.152150494138037
    },
    "fit_warnings": [],
    "model_hyperparameters": {
      "fit_intercept": true,
      "lam": 0.1,
      "max_iter": 100,
      "terms": "s(0) + s(1) + s(2) + s(3) + intercept",
      "tol": 0.0001
    },
    "n_features": 4,
    "n_splines": 10,
    "pickle_protocol": 5,
    "pygam_version": "0.12.0",
    "python_version": "3.14.4",
    "selected_lam": 0.1,
    "selection_metric": "rmse",
    "skipped_lam_settings": [],
    "target_name": "score_full_b",
    "test_row_count": 462,
    "train_row_count": 5040
  },
  "cv_folds": 5,
  "holdout_row_count": 462,
  "lam_grid": [
    0.1,
    1.0
  ],
  "lam_summaries": [
    {
      "fold_count": 5,
      "lam": 0.1,
      "max_val_rmse": 1.1779635247306481,
      "mean_baseline_val_rmse": 26.54251440531392,
      "mean_test_rmse": 1.3233557810255443,
      "mean_val_rmse": 1.154864359908525
    },
    {
      "fold_count": 5,
      "lam": 1.0,
      "max_val_rmse": 1.1858243810404385,
      "mean_baseline_val_rmse": 26.54251440531392,
      "mean_test_rmse": 1.335779856792952,
      "mean_val_rmse": 1.1636109549827625
    }
  ],
  "selection_metric": "rmse",
  "skipped_lam_settings": []
}
