{
  "backend": "pygam",
  "best_holdout_rmse": 10.107254821002481,
  "best_lam": 1.0,
  "best_max_val_rmse": 16.10611347622653,
  "best_mean_baseline_val_rmse": 26.70381093479756,
  "best_mean_val_rmse": 14.12445066045476,
  "best_model_metadata": {
    "backend": "pygam",
    "benchiq_version": "0.1.0a0",
    "cv_folds": 3,
    "feature_names": [
      "theta_b1",
      "theta_b2",
      "theta_b3",
      "theta_se_b",
      "sub_b",
      "grand_sub",
      "lin_b",
      "grand_lin"
    ],
    "fit_statistics": {
      "aic": 393.3687471611283,
      "edof": 10.236980935533644,
      "gcv": 262.9043393879735,
      "loglikelihood": -185.4473926450305,
      "pseudo_r2": {
        "McFadden": 0.6944067586559015,
        "McFadden_adj": 0.2672609216038422,
        "explained_deviance": 0.8121109252185919
      },
      "scale": 12.822276779707682
    },
    "fit_warnings": [],
    "model_hyperparameters": {
      "fit_intercept": true,
      "lam": 1.0,
      "max_iter": 100,
      "terms": "s(0) + s(1) + s(2) + s(3) + s(4) + s(5) + s(6) + s(7) + intercept",
      "tol": 0.0001
    },
    "n_features": 8,
    "n_splines": 5,
    "pickle_protocol": 5,
    "pygam_version": "0.12.0",
    "python_version": "3.14.4",
    "selected_lam": 1.0,
    "selection_metric": "rmse",
    "skipped_lam_settings": [],
    "target_name": "score_full_b",
    "test_row_count": 6,
    "train_row_count": 48
  },
  "cv_folds": 3,
  "holdout_row_count": 6,
  "lam_grid": [
    0.1,
    1.0
  ],
  "lam_summaries": [
    {
      "fold_count": 3,
      "lam": 0.1,
      "max_val_rmse": 16.381233864168948,
      "mean_baseline_val_rmse": 26.70381093479756,
      "mean_test_rmse": 11.147144589953696,
      "mean_val_rmse": 14.660652526601213
    },
    {
      "fold_count": 3,
      "lam": 1.0,
      "max_val_rmse": 16.10611347622653,
      "mean_baseline_val_rmse": 26.70381093479756,
      "mean_test_rmse": 9.996169768232255,
      "mean_val_rmse": 14.12445066045476
    }
  ],
  "selection_metric": "rmse",
  "skipped_lam_settings": []
}
