{
  "backend": "pygam",
  "best_holdout_rmse": 0.8391001578171826,
  "best_lam": 0.1,
  "best_max_val_rmse": 0.8209025545403247,
  "best_mean_baseline_val_rmse": 15.650318466804162,
  "best_mean_val_rmse": 0.7977317819210089,
  "best_model_metadata": {
    "backend": "pygam",
    "benchiq_version": "0.1.0a0",
    "cv_folds": 5,
    "feature_names": [
      "theta_b",
      "theta_se_b",
      "sub_b",
      "lin_b"
    ],
    "fit_statistics": {
      "aic": 10200.910530165087,
      "edof": 19.826145268776838,
      "gcv": 0.6386330200878502,
      "loglikelihood": -5079.629119813767,
      "pseudo_r2": {
        "McFadden": 0.006118570363238985,
        "McFadden_adj": 0.9938575484316577,
        "explained_deviance": 0.9974281105583515
      },
      "scale": 0.7958040053929394
    },
    "fit_warnings": [],
    "model_hyperparameters": {
      "fit_intercept": true,
      "lam": 0.1,
      "max_iter": 100,
      "terms": "s(0) + s(1) + s(2) + s(3) + intercept",
      "tol": 0.0001
    },
    "n_features": 4,
    "n_splines": 10,
    "pickle_protocol": 5,
    "pygam_version": "0.12.0",
    "python_version": "3.14.4",
    "selected_lam": 0.1,
    "selection_metric": "rmse",
    "skipped_lam_settings": [],
    "target_name": "score_full_b",
    "test_row_count": 461,
    "train_row_count": 4275
  },
  "cv_folds": 5,
  "holdout_row_count": 461,
  "lam_grid": [
    0.1,
    1.0
  ],
  "lam_summaries": [
    {
      "fold_count": 5,
      "lam": 0.1,
      "max_val_rmse": 0.8209025545403247,
      "mean_baseline_val_rmse": 15.650318466804162,
      "mean_test_rmse": 0.8394692038965706,
      "mean_val_rmse": 0.7977317819210089
    },
    {
      "fold_count": 5,
      "lam": 1.0,
      "max_val_rmse": 0.822518966387359,
      "mean_baseline_val_rmse": 15.650318466804162,
      "mean_test_rmse": 0.8406451986787425,
      "mean_val_rmse": 0.7984519065301885
    }
  ],
  "selection_metric": "rmse",
  "skipped_lam_settings": []
}
