{
  "backend": "pygam",
  "best_holdout_rmse": 0.7885115787556786,
  "best_lam": 0.1,
  "best_max_val_rmse": 0.943967392955507,
  "best_mean_baseline_val_rmse": 11.441122253627062,
  "best_mean_val_rmse": 0.8912329825303758,
  "best_model_metadata": {
    "backend": "pygam",
    "benchiq_version": "0.1.0a0",
    "cv_folds": 5,
    "feature_names": [
      "theta_b",
      "theta_se_b",
      "sub_b",
      "lin_b"
    ],
    "fit_statistics": {
      "aic": 14266.209816615408,
      "edof": 23.854553041169567,
      "gcv": 0.7945485641744487,
      "loglikelihood": -7108.250355266535,
      "pseudo_r2": {
        "McFadden": 0.015499382411330618,
        "McFadden_adj": 0.9844486032642776,
        "explained_deviance": 0.9939974190205567
      },
      "scale": 0.8878749579178948
    },
    "fit_warnings": [],
    "model_hyperparameters": {
      "fit_intercept": true,
      "lam": 0.1,
      "max_iter": 100,
      "terms": "s(0) + s(1) + s(2) + s(3) + intercept",
      "tol": 0.0001
    },
    "n_features": 4,
    "n_splines": 10,
    "pickle_protocol": 5,
    "pygam_version": "0.12.0",
    "python_version": "3.14.4",
    "selected_lam": 0.1,
    "selection_metric": "rmse",
    "skipped_lam_settings": [],
    "target_name": "score_full_b",
    "test_row_count": 464,
    "train_row_count": 5477
  },
  "cv_folds": 5,
  "holdout_row_count": 464,
  "lam_grid": [
    0.1,
    1.0
  ],
  "lam_summaries": [
    {
      "fold_count": 5,
      "lam": 0.1,
      "max_val_rmse": 0.943967392955507,
      "mean_baseline_val_rmse": 11.441122253627062,
      "mean_test_rmse": 0.7883072094350303,
      "mean_val_rmse": 0.8912329825303758
    },
    {
      "fold_count": 5,
      "lam": 1.0,
      "max_val_rmse": 0.9480641711852617,
      "mean_baseline_val_rmse": 11.441122253627062,
      "mean_test_rmse": 0.7881739300487137,
      "mean_val_rmse": 0.8928748324448745
    }
  ],
  "selection_metric": "rmse",
  "skipped_lam_settings": []
}
