{
  "backend": "pygam",
  "best_holdout_rmse": 0.8146944277236093,
  "best_lam": 0.1,
  "best_max_val_rmse": 0.8881307121327116,
  "best_mean_baseline_val_rmse": 16.719126540748128,
  "best_mean_val_rmse": 0.8571885377916134,
  "best_model_metadata": {
    "backend": "pygam",
    "benchiq_version": "0.1.0a0",
    "cv_folds": 5,
    "feature_names": [
      "theta_b",
      "theta_se_b",
      "sub_b",
      "lin_b"
    ],
    "fit_statistics": {
      "aic": 10804.692372581943,
      "edof": 23.142252401823892,
      "gcv": 0.7342365282210775,
      "loglikelihood": -5378.203933889148,
      "pseudo_r2": {
        "McFadden": 0.006513699618456797,
        "McFadden_adj": 0.9934582721248068,
        "explained_deviance": 0.9974126180517217
      },
      "scale": 0.8526970108834477
    },
    "fit_warnings": [],
    "model_hyperparameters": {
      "fit_intercept": true,
      "lam": 0.1,
      "max_iter": 100,
      "terms": "s(0) + s(1) + s(2) + s(3) + intercept",
      "tol": 0.0001
    },
    "n_features": 4,
    "n_splines": 10,
    "pickle_protocol": 5,
    "pygam_version": "0.12.0",
    "python_version": "3.14.4",
    "selected_lam": 0.1,
    "selection_metric": "rmse",
    "skipped_lam_settings": [],
    "target_name": "score_full_b",
    "test_row_count": 464,
    "train_row_count": 4279
  },
  "cv_folds": 5,
  "holdout_row_count": 464,
  "lam_grid": [
    0.1,
    1.0
  ],
  "lam_summaries": [
    {
      "fold_count": 5,
      "lam": 0.1,
      "max_val_rmse": 0.8881307121327116,
      "mean_baseline_val_rmse": 16.719126540748128,
      "mean_test_rmse": 0.8149031233578562,
      "mean_val_rmse": 0.8571885377916134
    },
    {
      "fold_count": 5,
      "lam": 1.0,
      "max_val_rmse": 0.8893610051421077,
      "mean_baseline_val_rmse": 16.719126540748128,
      "mean_test_rmse": 0.8157593008483908,
      "mean_val_rmse": 0.8595810976777865
    }
  ],
  "selection_metric": "rmse",
  "skipped_lam_settings": []
}
