{
  "backend": "pygam",
  "best_holdout_rmse": 15.468090743441318,
  "best_lam": 0.1,
  "best_max_val_rmse": 17.052744599594483,
  "best_mean_baseline_val_rmse": 26.096649370280897,
  "best_mean_val_rmse": 15.380924079320659,
  "best_model_metadata": {
    "backend": "pygam",
    "benchiq_version": "0.1.0a0",
    "cv_folds": 3,
    "feature_names": [
      "theta_b1",
      "theta_b2",
      "theta_b3",
      "theta_se_b",
      "sub_b",
      "grand_sub",
      "lin_b",
      "grand_lin"
    ],
    "fit_statistics": {
      "aic": 391.8480428197261,
      "edof": 12.572341366693536,
      "gcv": 279.1993609495268,
      "loglikelihood": -182.35168004316952,
      "pseudo_r2": {
        "McFadden": 0.6801975707087107,
        "McFadden_adj": 0.272905816911732,
        "explained_deviance": 0.8287666767549963
      },
      "scale": 12.317446724814472
    },
    "fit_warnings": [],
    "model_hyperparameters": {
      "fit_intercept": true,
      "lam": 0.1,
      "max_iter": 100,
      "terms": "s(0) + s(1) + s(2) + s(3) + s(4) + s(5) + s(6) + s(7) + intercept",
      "tol": 0.0001
    },
    "n_features": 8,
    "n_splines": 5,
    "pickle_protocol": 5,
    "pygam_version": "0.12.0",
    "python_version": "3.14.4",
    "selected_lam": 0.1,
    "selection_metric": "rmse",
    "skipped_lam_settings": [],
    "target_name": "score_full_b",
    "test_row_count": 6,
    "train_row_count": 48
  },
  "cv_folds": 3,
  "holdout_row_count": 6,
  "lam_grid": [
    0.1,
    1.0
  ],
  "lam_summaries": [
    {
      "fold_count": 3,
      "lam": 0.1,
      "max_val_rmse": 17.052744599594483,
      "mean_baseline_val_rmse": 26.096649370280897,
      "mean_test_rmse": 17.02794509804084,
      "mean_val_rmse": 15.380924079320659
    },
    {
      "fold_count": 3,
      "lam": 1.0,
      "max_val_rmse": 16.988770224622577,
      "mean_baseline_val_rmse": 26.096649370280897,
      "mean_test_rmse": 16.961530821454517,
      "mean_val_rmse": 15.42395383072508
    }
  ],
  "selection_metric": "rmse",
  "skipped_lam_settings": []
}
