{
  "backend": "pygam",
  "best_holdout_rmse": 1.3962126933272894,
  "best_lam": 0.1,
  "best_max_val_rmse": 1.3026496527858356,
  "best_mean_baseline_val_rmse": 26.560436652603293,
  "best_mean_val_rmse": 1.2495442241548347,
  "best_model_metadata": {
    "backend": "pygam",
    "benchiq_version": "0.1.0a0",
    "cv_folds": 5,
    "feature_names": [
      "theta_b",
      "theta_se_b",
      "sub_b",
      "lin_b"
    ],
    "fit_statistics": {
      "aic": 16567.197709859272,
      "edof": 24.177838638744724,
      "gcv": 1.5695398269724805,
      "loglikelihood": -8258.421016290891,
      "pseudo_r2": {
        "McFadden": 0.00719279021326194,
        "McFadden_adj": 0.9927861517514556,
        "explained_deviance": 0.9978033936239762
      },
      "scale": 1.247397612442064
    },
    "fit_warnings": [],
    "model_hyperparameters": {
      "fit_intercept": true,
      "lam": 0.1,
      "max_iter": 100,
      "terms": "s(0) + s(1) + s(2) + s(3) + intercept",
      "tol": 0.0001
    },
    "n_features": 4,
    "n_splines": 10,
    "pickle_protocol": 5,
    "pygam_version": "0.12.0",
    "python_version": "3.14.4",
    "selected_lam": 0.1,
    "selection_metric": "rmse",
    "skipped_lam_settings": [],
    "target_name": "score_full_b",
    "test_row_count": 464,
    "train_row_count": 5043
  },
  "cv_folds": 5,
  "holdout_row_count": 464,
  "lam_grid": [
    0.1,
    1.0
  ],
  "lam_summaries": [
    {
      "fold_count": 5,
      "lam": 0.1,
      "max_val_rmse": 1.3026496527858356,
      "mean_baseline_val_rmse": 26.560436652603293,
      "mean_test_rmse": 1.3972045212533326,
      "mean_val_rmse": 1.2495442241548347
    },
    {
      "fold_count": 5,
      "lam": 1.0,
      "max_val_rmse": 1.3097179319557812,
      "mean_baseline_val_rmse": 26.560436652603293,
      "mean_test_rmse": 1.407592350439785,
      "mean_val_rmse": 1.255649855551252
    }
  ],
  "selection_metric": "rmse",
  "skipped_lam_settings": []
}
