{
  "benchmarks": {
    "arc": {
      "diagnostics": {
        "test": {
          "count": 463,
          "score_max": 75.14285714285714,
          "score_mean": 57.04905893242827,
          "score_min": 12.857142857142856
        },
        "train": {
          "count": 4280,
          "score_max": 87.71428571428571,
          "score_mean": 53.87710280373832,
          "score_min": 10.0
        },
        "val": {
          "count": 476,
          "score_max": 75.14285714285714,
          "score_mean": 53.75690276110445,
          "score_min": 11.714285714285715
        }
      },
      "effective_bins": 10,
      "fallback_reason": null,
      "strategy": "global_plus_local_val",
      "stratification_used": true,
      "test_model_count": 463,
      "train_model_count": 4280,
      "val_model_count": 476,
      "val_split_method": "stratified",
      "valid_model_count": 5219,
      "warnings": []
    },
    "gsm8k": {
      "diagnostics": {
        "test": {
          "count": 463,
          "score_max": 87.42857142857143,
          "score_mean": 45.782783091638386,
          "score_min": 0.0
        },
        "train": {
          "count": 5041,
          "score_max": 88.28571428571429,
          "score_mean": 36.41301329101369,
          "score_min": 0.0
        },
        "val": {
          "count": 561,
          "score_max": 88.28571428571429,
          "score_mean": 36.52355487649605,
          "score_min": 0.0
        }
      },
      "effective_bins": 10,
      "fallback_reason": null,
      "strategy": "global_plus_local_val",
      "stratification_used": true,
      "test_model_count": 463,
      "train_model_count": 5041,
      "val_model_count": 561,
      "val_split_method": "stratified",
      "valid_model_count": 6065,
      "warnings": []
    },
    "hellaswag": {
      "diagnostics": {
        "test": {
          "count": 463,
          "score_max": 90.28571428571428,
          "score_mean": 74.45664918235111,
          "score_min": 10.0
        },
        "train": {
          "count": 4280,
          "score_max": 91.71428571428571,
          "score_mean": 69.72843791722296,
          "score_min": 3.428571428571429
        },
        "val": {
          "count": 476,
          "score_max": 90.57142857142857,
          "score_mean": 69.87154861944778,
          "score_min": 3.428571428571429
        }
      },
      "effective_bins": 10,
      "fallback_reason": null,
      "strategy": "global_plus_local_val",
      "stratification_used": true,
      "test_model_count": 463,
      "train_model_count": 4280,
      "val_model_count": 476,
      "val_split_method": "stratified",
      "valid_model_count": 5219,
      "warnings": []
    },
    "mmlu": {
      "diagnostics": {
        "test": {
          "count": 463,
          "score_max": 88.0,
          "score_mean": 62.827522369639006,
          "score_min": 20.57142857142857
        },
        "train": {
          "count": 4278,
          "score_max": 92.0,
          "score_mean": 59.27656448273559,
          "score_min": 17.71428571428571
        },
        "val": {
          "count": 476,
          "score_max": 88.0,
          "score_mean": 59.125450180072036,
          "score_min": 18.571428571428573
        }
      },
      "effective_bins": 10,
      "fallback_reason": null,
      "strategy": "global_plus_local_val",
      "stratification_used": true,
      "test_model_count": 463,
      "train_model_count": 4278,
      "val_model_count": 476,
      "val_split_method": "stratified",
      "valid_model_count": 5217,
      "warnings": []
    },
    "truthfulqa": {
      "diagnostics": {
        "test": {
          "count": 463,
          "score_max": 62.0,
          "score_mean": 30.421474853440294,
          "score_min": 8.571428571428571
        },
        "train": {
          "count": 4281,
          "score_max": 100.0,
          "score_mean": 29.60443154136217,
          "score_min": 6.857142857142858
        },
        "val": {
          "count": 476,
          "score_max": 100.0,
          "score_mean": 29.585234093637457,
          "score_min": 7.428571428571429
        }
      },
      "effective_bins": 10,
      "fallback_reason": null,
      "strategy": "global_plus_local_val",
      "stratification_used": true,
      "test_model_count": 463,
      "train_model_count": 4281,
      "val_model_count": 476,
      "val_split_method": "stratified",
      "valid_model_count": 5220,
      "warnings": []
    },
    "winogrande": {
      "diagnostics": {
        "test": {
          "count": 463,
          "score_max": 91.14285714285715,
          "score_mean": 77.82412835544585,
          "score_min": 47.14285714285714
        },
        "train": {
          "count": 5475,
          "score_max": 93.42857142857143,
          "score_mean": 73.91384213959556,
          "score_min": 43.142857142857146
        },
        "val": {
          "count": 609,
          "score_max": 92.85714285714286,
          "score_mean": 73.96528266479005,
          "score_min": 43.714285714285715
        }
      },
      "effective_bins": 10,
      "fallback_reason": null,
      "strategy": "global_plus_local_val",
      "stratification_used": true,
      "test_model_count": 463,
      "train_model_count": 5475,
      "val_model_count": 609,
      "val_split_method": "stratified",
      "valid_model_count": 6547,
      "warnings": []
    }
  },
  "counts": {
    "benchmark_count": 6,
    "global_test_enabled": true,
    "global_test_model_count": 463
  },
  "generated_at": "2026-04-20T00:42:50.537805+00:00",
  "global_test": {
    "assigned_test_count": 463,
    "assigned_train_pool_count": 4163,
    "diagnostics": {
      "benchmark_local_only": {
        "count": 2206,
        "score_max": null,
        "score_mean": null,
        "score_min": null
      },
      "test": {
        "count": 463,
        "score_max": 75.42857142857143,
        "score_mean": 58.06026946415715,
        "score_min": 18.761904761904763
      },
      "train_pool": {
        "count": 4163,
        "score_max": 79.57142857142857,
        "score_mean": 57.896857806298115,
        "score_min": 15.95238095238095
      }
    },
    "effective_bins": 10,
    "eligible_model_count": 4626,
    "enabled": true,
    "fallback_reason": null,
    "skip_reason": null,
    "split_method": "stratified",
    "stratification_used": true,
    "test_model_count": 463,
    "train_val_pool_count": 4163,
    "warnings": []
  },
  "warnings": []
}
