{
  "backend": "pygam",
  "best_holdout_rmse": 11.053946629769062,
  "best_lam": 1.0,
  "best_max_val_rmse": 10.097597600105516,
  "best_mean_baseline_val_rmse": 13.877972461003674,
  "best_mean_val_rmse": 9.075049271469052,
  "best_model_metadata": {
    "backend": "pygam",
    "benchiq_version": "0.1.0a0",
    "cv_folds": 5,
    "feature_names": [
      "theta_b",
      "theta_se_b",
      "sub_b",
      "lin_b"
    ],
    "fit_statistics": {
      "aic": 1686.4514490334752,
      "edof": 9.677939628745591,
      "gcv": 86.37655483932393,
      "loglikelihood": -832.5477848879921,
      "pseudo_r2": {
        "McFadden": 0.8303474797626346,
        "McFadden_adj": 0.1600001580235797,
        "explained_deviance": 0.6047791984485188
      },
      "scale": 8.939566817703293
    },
    "fit_warnings": [],
    "model_hyperparameters": {
      "fit_intercept": true,
      "lam": 1.0,
      "max_iter": 100,
      "terms": "s(0) + s(1) + s(2) + s(3) + intercept",
      "tol": 0.0001
    },
    "n_features": 4,
    "n_splines": 8,
    "pickle_protocol": 5,
    "pygam_version": "0.12.0",
    "python_version": "3.14.4",
    "selected_lam": 1.0,
    "selection_metric": "rmse",
    "skipped_lam_settings": [],
    "target_name": "score_full_b",
    "test_row_count": 30,
    "train_row_count": 232
  },
  "cv_folds": 5,
  "holdout_row_count": 30,
  "lam_grid": [
    0.1,
    1.0
  ],
  "lam_summaries": [
    {
      "fold_count": 5,
      "lam": 0.1,
      "max_val_rmse": 10.280938765840835,
      "mean_baseline_val_rmse": 13.877972461003674,
      "mean_test_rmse": 11.331657463980635,
      "mean_val_rmse": 9.14243798745802
    },
    {
      "fold_count": 5,
      "lam": 1.0,
      "max_val_rmse": 10.097597600105516,
      "mean_baseline_val_rmse": 13.877972461003674,
      "mean_test_rmse": 11.058178883249507,
      "mean_val_rmse": 9.075049271469052
    }
  ],
  "selection_metric": "rmse",
  "skipped_lam_settings": []
}
