{
  "benchmark_id": "b2",
  "generated_at": "2026-04-17T23:35:44.388466+00:00",
  "joint": {
    "available_row_count": 60,
    "benchmark_id": "b2",
    "cv_report": {
      "backend": "pygam",
      "best_holdout_rmse": 12.106360947887838,
      "best_lam": 0.1,
      "best_max_val_rmse": 16.18490767892087,
      "best_mean_baseline_val_rmse": 27.863495366455325,
      "best_mean_val_rmse": 15.403853214172917,
      "best_model_metadata": {
        "backend": "pygam",
        "benchiq_version": "0.1.0a0",
        "cv_folds": 3,
        "feature_names": [
          "theta_b1",
          "theta_b2",
          "theta_b3",
          "theta_se_b",
          "sub_b",
          "grand_sub",
          "lin_b",
          "grand_lin"
        ],
        "fit_statistics": {
          "aic": 410.57131804322955,
          "edof": 13.178671759278021,
          "gcv": 423.58018742042594,
          "loglikelihood": -191.10698726233676,
          "pseudo_r2": {
            "McFadden": 0.7451791748321818,
            "McFadden_adj": 0.20343352694474381,
            "explained_deviance": 0.7896283185866761
          },
          "scale": 14.875787118877271
        },
        "fit_warnings": [],
        "model_hyperparameters": {
          "fit_intercept": true,
          "lam": 0.1,
          "max_iter": 100,
          "terms": "s(0) + s(1) + s(2) + s(3) + s(4) + s(5) + s(6) + s(7) + intercept",
          "tol": 0.0001
        },
        "n_features": 8,
        "n_splines": 5,
        "pickle_protocol": 5,
        "pygam_version": "0.12.0",
        "python_version": "3.14.4",
        "selected_lam": 0.1,
        "selection_metric": "rmse",
        "skipped_lam_settings": [],
        "target_name": "score_full_b",
        "test_row_count": 6,
        "train_row_count": 48
      },
      "cv_folds": 3,
      "holdout_row_count": 6,
      "lam_grid": [
        0.1,
        1.0
      ],
      "lam_summaries": [
        {
          "fold_count": 3,
          "lam": 0.1,
          "max_val_rmse": 16.18490767892087,
          "mean_baseline_val_rmse": 27.863495366455325,
          "mean_test_rmse": 12.534686710722854,
          "mean_val_rmse": 15.403853214172917
        },
        {
          "fold_count": 3,
          "lam": 1.0,
          "max_val_rmse": 16.512869150242945,
          "mean_baseline_val_rmse": 27.863495366455325,
          "mean_test_rmse": 12.662320897323726,
          "mean_val_rmse": 15.678415125618821
        }
      ],
      "selection_metric": "rmse",
      "skipped_lam_settings": []
    },
    "feature_columns": [
      "theta_b1",
      "theta_b2",
      "theta_b3",
      "theta_se_b",
      "sub_b",
      "grand_sub",
      "lin_b",
      "grand_lin"
    ],
    "metrics": {
      "test": {
        "baseline_mae": 17.162698412698415,
        "baseline_rmse": 18.2326588005912,
        "mae": 9.884826170582263,
        "pearson_r": 0.9193620311490935,
        "rmse": 12.106360947887838,
        "row_count": 6,
        "spearman_r": 0.7882407813680822
      },
      "train": {
        "baseline_mae": 23.98313492063492,
        "baseline_rmse": 27.62411437514944,
        "mae": 9.993404875316246,
        "pearson_r": 0.8886488530027599,
        "rmse": 12.670157179454346,
        "row_count": 48,
        "spearman_r": 0.8819317241442489
      },
      "val": {
        "baseline_mae": 23.809523809523807,
        "baseline_rmse": 26.95219428254388,
        "mae": 7.959509904291103,
        "pearson_r": 0.9609006127109042,
        "rmse": 8.45676316968302,
        "row_count": 6,
        "spearman_r": 0.9276336570439174
      }
    },
    "model_type": "joint",
    "skip_reason": null,
    "skipped": false,
    "split_counts": {
      "test": 6,
      "train": 48,
      "val": 6
    },
    "test_row_count": 6,
    "train_row_count": 48,
    "val_row_count": 6
  },
  "marginal": {
    "available_row_count": 60,
    "benchmark_id": "b2",
    "cv_report": {
      "backend": "pygam",
      "best_holdout_rmse": 13.324390677098927,
      "best_lam": 1.0,
      "best_max_val_rmse": 16.951856917914235,
      "best_mean_baseline_val_rmse": 28.181694337867555,
      "best_mean_val_rmse": 15.63355469403976,
      "best_model_metadata": {
        "backend": "pygam",
        "benchiq_version": "0.1.0a0",
        "cv_folds": 3,
        "feature_names": [
          "theta_b",
          "theta_se_b",
          "sub_b",
          "lin_b"
        ],
        "fit_statistics": {
          "aic": 403.0457229735167,
          "edof": 5.428922393686426,
          "gcv": 278.3503218878048,
          "loglikelihood": -195.09393909307192,
          "pseudo_r2": {
            "McFadden": 0.7615375735355017,
            "McFadden_adj": 0.21727095118946083,
            "explained_deviance": 0.7416046509617007
          },
          "scale": 14.910561780496561
        },
        "fit_warnings": [],
        "model_hyperparameters": {
          "fit_intercept": true,
          "lam": 1.0,
          "max_iter": 100,
          "terms": "s(0) + s(1) + s(2) + s(3) + intercept",
          "tol": 0.0001
        },
        "n_features": 4,
        "n_splines": 5,
        "pickle_protocol": 5,
        "pygam_version": "0.12.0",
        "python_version": "3.14.4",
        "selected_lam": 1.0,
        "selection_metric": "rmse",
        "skipped_lam_settings": [],
        "target_name": "score_full_b",
        "test_row_count": 6,
        "train_row_count": 48
      },
      "cv_folds": 3,
      "holdout_row_count": 6,
      "lam_grid": [
        0.1,
        1.0
      ],
      "lam_summaries": [
        {
          "fold_count": 3,
          "lam": 0.1,
          "max_val_rmse": 17.24566017237399,
          "mean_baseline_val_rmse": 28.181694337867555,
          "mean_test_rmse": 13.856049041956306,
          "mean_val_rmse": 15.777885985306716
        },
        {
          "fold_count": 3,
          "lam": 1.0,
          "max_val_rmse": 16.951856917914235,
          "mean_baseline_val_rmse": 28.181694337867555,
          "mean_test_rmse": 13.83826015845014,
          "mean_val_rmse": 15.63355469403976
        }
      ],
      "selection_metric": "rmse",
      "skipped_lam_settings": []
    },
    "feature_columns": [
      "theta_b",
      "theta_se_b",
      "sub_b",
      "lin_b"
    ],
    "metrics": {
      "test": {
        "baseline_mae": 17.162698412698415,
        "baseline_rmse": 18.2326588005912,
        "mae": 10.662843875758274,
        "pearson_r": 0.8590599149687971,
        "rmse": 13.324390677098927,
        "row_count": 6,
        "spearman_r": 0.8485281374238571
      },
      "train": {
        "baseline_mae": 23.98313492063492,
        "baseline_rmse": 27.62411437514944,
        "mae": 10.968204995047671,
        "pearson_r": 0.8611650424716574,
        "rmse": 14.042056291038078,
        "row_count": 48,
        "spearman_r": 0.8595945826881175
      },
      "val": {
        "baseline_mae": 23.809523809523807,
        "baseline_rmse": 26.95219428254388,
        "mae": 10.167113355455774,
        "pearson_r": 0.9144755902918669,
        "rmse": 12.2820494255906,
        "row_count": 6,
        "spearman_r": 0.9240616554505461
      }
    },
    "model_type": "marginal",
    "skip_reason": null,
    "skipped": false,
    "split_counts": {
      "test": 6,
      "train": 48,
      "val": 6
    },
    "test_row_count": 6,
    "train_row_count": 48,
    "val_row_count": 6
  },
  "summary_rows": [
    {
      "baseline_mae": 23.98313492063492,
      "baseline_rmse": 27.62411437514944,
      "benchmark_id": "b2",
      "mae": 10.968204995047671,
      "model_type": "marginal",
      "pearson_r": 0.8611650424716574,
      "rmse": 14.042056291038078,
      "row_count": 48,
      "skip_reason": null,
      "skipped": false,
      "spearman_r": 0.8595945826881175,
      "split": "train"
    },
    {
      "baseline_mae": 23.809523809523807,
      "baseline_rmse": 26.95219428254388,
      "benchmark_id": "b2",
      "mae": 10.167113355455774,
      "model_type": "marginal",