{
  "benchmark_id": "truthfulqa",
  "best_iteration": {
    "best_lam": 1.0,
    "iteration_id": 0,
    "max_rmse_val": 3.075128067850207e-08,
    "mean_rmse_test": 3.2993935808055246e-09,
    "mean_rmse_val": 1.9568662372169766e-08,
    "sampled_item_ids": [
      "101",
      "104",
      "105",
      "106",
      "108",
      "111",
      "113",
      "117",
      "119",
      "121",
      "122",
      "123",
      "124",
      "125",
      "127",
      "13",
      "132",
      "134",
      "137",
      "139",
      "140",
      "142",
      "143",
      "148",
      "151",
      "153",
      "154",
      "155",
      "159",
      "160",
      "163",
      "164",
      "166",
      "169",
      "17",
      "171",
      "172",
      "174",
      "175",
      "178",
      "179",
      "181",
      "182",
      "183",
      "184",
      "185",
      "186",
      "188",
      "189",
      "192",
      "196",
      "197",
      "198",
      "20",
      "200",
      "201",
      "202",
      "203",
      "206",
      "209",
      "21",
      "210",
      "212",
      "215",
      "216",
      "217",
      "22",
      "221",
      "223",
      "225",
      "226",
      "229",
      "23",
      "230",
      "231",
      "232",
      "233",
      "234",
      "236",
      "242",
      "244",
      "246",
      "247",
      "249",
      "25",
      "250",
      "251",
      "258",
      "26",
      "260",
      "263",
      "27",
      "276",
      "279",
      "289",
      "29",
      "291",
      "292",
      "294",
      "296",
      "30",
      "300",
      "301",
      "302",
      "303",
      "310",
      "312",
      "313",
      "315",
      "317",
      "320",
      "321",
      "324",
      "325",
      "327",
      "33",
      "331",
      "335",
      "336",
      "341",
      "342",
      "343",
      "345",
      "346",
      "348",
      "35",
      "352",
      "353",
      "358",
      "360",
      "362",
      "363",
      "369",
      "371",
      "374",
      "375",
      "376",
      "377",
      "383",
      "384",
      "388",
      "389",
      "39",
      "390",
      "392",
      "393",
      "397",
      "398",
      "40",
      "401",
      "405",
      "406",
      "407",
      "412",
      "413",
      "416",
      "418",
      "42",
      "421",
      "424",
      "425",
      "428",
      "429",
      "43",
      "430",
      "431",
      "432",
      "437",
      "438",
      "439",
      "44",
      "440",
      "442",
      "443",
      "444",
      "448",
      "45",
      "450",
      "457",
      "459",
      "46",
      "460",
      "461",
      "463",
      "467",
      "468",
      "472",
      "474",
      "476",
      "477",
      "479",
      "480",
      "486",
      "490",
      "491",
      "497",
      "499",
      "50",
      "500",
      "501",
      "503",
      "505",
      "509",
      "511",
      "512",
      "514",
      "516",
      "52",
      "521",
      "526",
      "527",
      "529",
      "53",
      "530",
      "533",
      "536",
      "540",
      "541",
      "547",
      "549",
      "55",
      "554",
      "555",
      "558",
      "56",
      "563",
      "564",
      "568",
      "570",
      "571",
      "572",
      "574",
      "58",
      "581",
      "583",
      "584",
      "585",
      "589",
      "59",
      "594",
      "595",
      "596",
      "598",
      "599",
      "601",
      "606",
      "607",
      "608",
      "609",
      "610",
      "613",
      "614",
      "617",
      "624",
      "625",
      "628",
      "631",
      "636",
      "637",
      "644",
      "646",
      "650",
      "652",
      "653",
      "654",
      "655",
      "656",
      "657",
      "662",
      "663",
      "665",
      "668",
      "669",
      "67",
      "670",
      "671",
      "676",
      "677",
      "68",
      "681",
      "682",
      "684",
      "685",
      "686",
      "689",
      "69",
      "690",
      "691",
      "693",
      "695",
      "700",
      "701",
      "707",
      "708",
      "709",
      "71",
      "711",
      "712",
      "713",
      "714",
      "715",
      "718",
      "720",
      "725",
      "727",
      "728",
      "729",
      "73",
      "730",
      "731",
      "739",
      "744",
      "746",
      "749",
      "75",
      "752",
      "753",
      "76",
      "764",
      "765",
      "768",
      "773",
      "775",
      "78",
      "781",
      "782",
      "784",
      "787",
      "788",
      "789",
      "79",
      "793",
      "794",
      "795",
      "798",
      "802",
      "805",
      "809",
      "81",
      "811",
      "815",
      "83",
      "86",
      "87",
      "88",
      "90",
      "92",
      "96",
      "97",
      "99"
    ],
    "subset_seed": 7,
    "valid_pool_model_count": 4757,
    "valid_test_model_count": 463
  },
  "counts": {
    "candidate_item_count": 350,
    "completed_iterations": 1,
    "cv_rows": 5,
    "failed_iterations": 0,
    "pool_model_count": 4757,
    "test_model_count": 463,
    "valid_iterations": 1
  },
  "generated_at": "2026-04-20T00:42:55.267591+00:00",
  "method": "deterministic_info",
  "parameters": {
    "checkpoint_interval": 1,
    "cv_folds": 5,
    "effective_k_preselect": 350,
    "lam_grid": [
      0.1,
      1.0
    ],
    "min_item_coverage": 0.7,
    "n_iter": 1,
    "requested_k_preselect": 350
  },
  "selection_rule": "top_k_information_proxy",
  "skipped": false,
  "skipped_reason": null,
  "warnings": []
}
