{
  "backend": "pygam",
  "best_holdout_rmse": 1.3093385827804798,
  "best_lam": 0.1,
  "best_max_val_rmse": 1.1708234893426475,
  "best_mean_baseline_val_rmse": 26.58199566695371,
  "best_mean_val_rmse": 1.1470585967012925,
  "best_model_metadata": {
    "backend": "pygam",
    "benchiq_version": "0.1.0a0",
    "cv_folds": 5,
    "feature_names": [
      "theta_b",
      "theta_se_b",
      "sub_b",
      "lin_b"
    ],
    "fit_statistics": {
      "aic": 15701.768022412889,
      "edof": 24.884127551831128,
      "gcv": 1.3221860017866833,
      "loglikelihood": -7824.999883654614,
      "pseudo_r2": {
        "McFadden": 0.005737240486648561,
        "McFadden_adj": 0.9942445146282156,
        "explained_deviance": 0.9981531763624684
      },
      "scale": 1.1447478553230213
    },
    "fit_warnings": [],
    "model_hyperparameters": {
      "fit_intercept": true,
      "lam": 0.1,
      "max_iter": 100,
      "terms": "s(0) + s(1) + s(2) + s(3) + intercept",
      "tol": 0.0001
    },
    "n_features": 4,
    "n_splines": 10,
    "pickle_protocol": 5,
    "pygam_version": "0.12.0",
    "python_version": "3.14.4",
    "selected_lam": 0.1,
    "selection_metric": "rmse",
    "skipped_lam_settings": [],
    "target_name": "score_full_b",
    "test_row_count": 464,
    "train_row_count": 5043
  },
  "cv_folds": 5,
  "holdout_row_count": 464,
  "lam_grid": [
    0.1,
    1.0
  ],
  "lam_summaries": [
    {
      "fold_count": 5,
      "lam": 0.1,
      "max_val_rmse": 1.1708234893426475,
      "mean_baseline_val_rmse": 26.58199566695371,
      "mean_test_rmse": 1.3098452026887006,
      "mean_val_rmse": 1.1470585967012925
    },
    {
      "fold_count": 5,
      "lam": 1.0,
      "max_val_rmse": 1.176948453256777,
      "mean_baseline_val_rmse": 26.58199566695371,
      "mean_test_rmse": 1.3113656064800927,
      "mean_val_rmse": 1.154245136198431
    }
  ],
  "selection_metric": "rmse",
  "skipped_lam_settings": []
}
