{
  "benchmarks": {
    "arc": {
      "diagnostics": {
        "test": {
          "count": 463,
          "score_max": 74.85714285714286,
          "score_mean": 57.03609996914532,
          "score_min": 11.428571428571429
        },
        "train": {
          "count": 4280,
          "score_max": 87.71428571428571,
          "score_mean": 53.87022696929239,
          "score_min": 10.0
        },
        "val": {
          "count": 476,
          "score_max": 75.14285714285714,
          "score_mean": 53.83133253301322,
          "score_min": 10.571428571428571
        }
      },
      "effective_bins": 10,
      "fallback_reason": null,
      "strategy": "global_plus_local_val",
      "stratification_used": true,
      "test_model_count": 463,
      "train_model_count": 4280,
      "val_model_count": 476,
      "val_split_method": "stratified",
      "valid_model_count": 5219,
      "warnings": []
    },
    "gsm8k": {
      "diagnostics": {
        "test": {
          "count": 463,
          "score_max": 76.57142857142857,
          "score_mean": 46.63190373341561,
          "score_min": 0.0
        },
        "train": {
          "count": 5041,
          "score_max": 88.28571428571429,
          "score_mean": 36.334570805112364,
          "score_min": 0.0
        },
        "val": {
          "count": 561,
          "score_max": 88.0,
          "score_mean": 36.52762923351159,
          "score_min": 0.0
        }
      },
      "effective_bins": 10,
      "fallback_reason": null,
      "strategy": "global_plus_local_val",
      "stratification_used": true,
      "test_model_count": 463,
      "train_model_count": 5041,
      "val_model_count": 561,
      "val_split_method": "stratified",
      "valid_model_count": 6065,
      "warnings": []
    },
    "hellaswag": {
      "diagnostics": {
        "test": {
          "count": 463,
          "score_max": 90.28571428571428,
          "score_mean": 73.88028386300526,
          "score_min": 4.285714285714286
        },
        "train": {
          "count": 4280,
          "score_max": 91.71428571428571,
          "score_mean": 69.84299065420561,
          "score_min": 3.428571428571429
        },
        "val": {
          "count": 476,
          "score_max": 89.71428571428571,
          "score_mean": 69.40216086434575,
          "score_min": 4.0
        }
      },
      "effective_bins": 10,
      "fallback_reason": null,
      "strategy": "global_plus_local_val",
      "stratification_used": true,
      "test_model_count": 463,
      "train_model_count": 4280,
      "val_model_count": 476,
      "val_split_method": "stratified",
      "valid_model_count": 5219,
      "warnings": []
    },
    "mmlu": {
      "diagnostics": {
        "test": {
          "count": 463,
          "score_max": 87.71428571428571,
          "score_mean": 62.220919469299595,
          "score_min": 20.57142857142857
        },
        "train": {
          "count": 4278,
          "score_max": 92.0,
          "score_mean": 59.32765644827356,
          "score_min": 17.71428571428571
        },
        "val": {
          "count": 476,
          "score_max": 84.0,
          "score_mean": 59.2563025210084,
          "score_min": 19.142857142857142
        }
      },
      "effective_bins": 10,
      "fallback_reason": null,
      "strategy": "global_plus_local_val",
      "stratification_used": true,
      "test_model_count": 463,
      "train_model_count": 4278,
      "val_model_count": 476,
      "val_split_method": "stratified",
      "valid_model_count": 5217,
      "warnings": []
    },
    "truthfulqa": {
      "diagnostics": {
        "test": {
          "count": 463,
          "score_max": 62.0,
          "score_mean": 30.991052144399873,
          "score_min": 8.285714285714285
        },
        "train": {
          "count": 4281,
          "score_max": 100.0,
          "score_mean": 29.559381986852205,
          "score_min": 6.857142857142858
        },
        "val": {
          "count": 476,
          "score_max": 100.0,
          "score_mean": 29.43637454981993,
          "score_min": 7.428571428571429
        }
      },
      "effective_bins": 10,
      "fallback_reason": null,
      "strategy": "global_plus_local_val",
      "stratification_used": true,
      "test_model_count": 463,
      "train_model_count": 4281,
      "val_model_count": 476,
      "val_split_method": "stratified",
      "valid_model_count": 5220,
      "warnings": []
    },
    "winogrande": {
      "diagnostics": {
        "test": {
          "count": 463,
          "score_max": 90.28571428571428,
          "score_mean": 77.37858685590868,
          "score_min": 46.285714285714285
        },
        "train": {
          "count": 5475,
          "score_max": 93.42857142857143,
          "score_mean": 73.9599217221135,
          "score_min": 43.142857142857146
        },
        "val": {
          "count": 609,
          "score_max": 92.85714285714286,
          "score_mean": 73.8897490030495,
          "score_min": 43.142857142857146
        }
      },
      "effective_bins": 10,
      "fallback_reason": null,
      "strategy": "global_plus_local_val",
      "stratification_used": true,
      "test_model_count": 463,
      "train_model_count": 5475,
      "val_model_count": 609,
      "val_split_method": "stratified",
      "valid_model_count": 6547,
      "warnings": []
    }
  },
  "counts": {
    "benchmark_count": 6,
    "global_test_enabled": true,
    "global_test_model_count": 463
  },
  "generated_at": "2026-04-20T00:47:15.007196+00:00",
  "global_test": {
    "assigned_test_count": 463,
    "assigned_train_pool_count": 4163,
    "diagnostics": {
      "benchmark_local_only": {
        "count": 2206,
        "score_max": null,
        "score_mean": null,
        "score_min": null
      },
      "test": {
        "count": 463,
        "score_max": 75.42857142857143,
        "score_mean": 58.02314100586238,
        "score_min": 16.761904761904763
      },
      "train_pool": {
        "count": 4163,
        "score_max": 79.57142857142857,
        "score_mean": 57.90098715441017,
        "score_min": 15.95238095238095
      }
    },
    "effective_bins": 10,
    "eligible_model_count": 4626,
    "enabled": true,
    "fallback_reason": null,
    "skip_reason": null,
    "split_method": "stratified",
    "stratification_used": true,
    "test_model_count": 463,
    "train_val_pool_count": 4163,
    "warnings": []
  },
  "warnings": []
}
