{
  "backend": "pygam",
  "best_holdout_rmse": 1.1940466414939188,
  "best_lam": 0.1,
  "best_max_val_rmse": 1.2328591571603864,
  "best_mean_baseline_val_rmse": 11.421998672207149,
  "best_mean_val_rmse": 1.1967093631864756,
  "best_model_metadata": {
    "backend": "pygam",
    "benchiq_version": "0.1.0a0",
    "cv_folds": 5,
    "feature_names": [
      "theta_b",
      "theta_se_b",
      "sub_b",
      "lin_b"
    ],
    "fit_statistics": {
      "aic": 17487.116345726656,
      "edof": 25.877556382131246,
      "gcv": 1.431034857521321,
      "loglikelihood": -8716.680616481197,
      "pseudo_r2": {
        "McFadden": 0.03381260018557794,
        "McFadden_adj": 0.9660870190036265,
        "explained_deviance": 0.9891758078251733
      },
      "scale": 1.1911631451059708
    },
    "fit_warnings": [],
    "model_hyperparameters": {
      "fit_intercept": true,
      "lam": 0.1,
      "max_iter": 100,
      "terms": "s(0) + s(1) + s(2) + s(3) + intercept",
      "tol": 0.0001
    },
    "n_features": 4,
    "n_splines": 10,
    "pickle_protocol": 5,
    "pygam_version": "0.12.0",
    "python_version": "3.14.4",
    "selected_lam": 0.1,
    "selection_metric": "rmse",
    "skipped_lam_settings": [],
    "target_name": "score_full_b",
    "test_row_count": 464,
    "train_row_count": 5477
  },
  "cv_folds": 5,
  "holdout_row_count": 464,
  "lam_grid": [
    0.1,
    1.0
  ],
  "lam_summaries": [
    {
      "fold_count": 5,
      "lam": 0.1,
      "max_val_rmse": 1.2328591571603864,
      "mean_baseline_val_rmse": 11.421998672207149,
      "mean_test_rmse": 1.194966825289485,
      "mean_val_rmse": 1.1967093631864756
    },
    {
      "fold_count": 5,
      "lam": 1.0,
      "max_val_rmse": 1.233761591327782,
      "mean_baseline_val_rmse": 11.421998672207149,
      "mean_test_rmse": 1.1974579019331106,
      "mean_val_rmse": 1.1983898347661852
    }
  ],
  "selection_metric": "rmse",
  "skipped_lam_settings": []
}
