{
  "benchmark_id": "arc",
  "best_iteration": {
    "best_lam": 0.1,
    "iteration_id": 0,
    "max_rmse_val": 1.7587696814540825,
    "mean_rmse_test": 1.5804278897574118,
    "mean_rmse_val": 1.6486288762563626,
    "sampled_item_ids": [
      "10",
      "1003",
      "1012",
      "1014",
      "1017",
      "1019",
      "1022",
      "1024",
      "1025",
      "1028",
      "1032",
      "1033",
      "1041",
      "1050",
      "1055",
      "1056",
      "1060",
      "1064",
      "1065",
      "1066",
      "1072",
      "1078",
      "1080",
      "1086",
      "1088",
      "1089",
      "109",
      "11",
      "1101",
      "111",
      "1111",
      "1117",
      "1122",
      "1128",
      "1139",
      "1147",
      "115",
      "1155",
      "1157",
      "116",
      "1160",
      "1162",
      "1167",
      "1169",
      "118",
      "129",
      "140",
      "141",
      "145",
      "154",
      "156",
      "157",
      "16",
      "169",
      "18",
      "180",
      "189",
      "19",
      "191",
      "193",
      "196",
      "198",
      "208",
      "210",
      "211",
      "212",
      "213",
      "214",
      "228",
      "229",
      "230",
      "231",
      "232",
      "234",
      "241",
      "252",
      "264",
      "266",
      "269",
      "274",
      "290",
      "291",
      "3",
      "304",
      "31",
      "316",
      "32",
      "328",
      "329",
      "330",
      "338",
      "344",
      "348",
      "357",
      "364",
      "366",
      "370",
      "375",
      "377",
      "378",
      "380",
      "388",
      "389",
      "391",
      "398",
      "401",
      "403",
      "41",
      "412",
      "416",
      "421",
      "425",
      "426",
      "427",
      "431",
      "432",
      "437",
      "442",
      "447",
      "452",
      "458",
      "462",
      "465",
      "466",
      "476",
      "479",
      "483",
      "484",
      "489",
      "492",
      "498",
      "5",
      "505",
      "507",
      "508",
      "523",
      "528",
      "529",
      "533",
      "534",
      "54",
      "544",
      "548",
      "55",
      "555",
      "559",
      "56",
      "561",
      "564",
      "565",
      "57",
      "572",
      "582",
      "59",
      "590",
      "597",
      "603",
      "609",
      "610",
      "611",
      "616",
      "617",
      "618",
      "623",
      "635",
      "636",
      "638",
      "647",
      "652",
      "658",
      "659",
      "665",
      "675",
      "678",
      "679",
      "68",
      "682",
      "683",
      "685",
      "687",
      "695",
      "7",
      "700",
      "706",
      "707",
      "708",
      "709",
      "713",
      "725",
      "727",
      "730",
      "734",
      "745",
      "749",
      "755",
      "757",
      "758",
      "76",
      "760",
      "762",
      "771",
      "774",
      "78",
      "781",
      "782",
      "797",
      "8",
      "800",
      "804",
      "808",
      "812",
      "814",
      "82",
      "821",
      "822",
      "824",
      "829",
      "834",
      "835",
      "836",
      "837",
      "838",
      "842",
      "848",
      "85",
      "852",
      "853",
      "854",
      "855",
      "858",
      "866",
      "872",
      "876",
      "884",
      "891",
      "896",
      "899",
      "903",
      "906",
      "908",
      "91",
      "914",
      "915",
      "940",
      "958",
      "976",
      "978",
      "987",
      "988",
      "999"
    ],
    "subset_seed": 7,
    "valid_pool_model_count": 4757,
    "valid_test_model_count": 464
  },
  "candidate_item_count": 350,
  "completed_iterations": 1,
  "effective_k_preselect": 250,
  "failed_iterations": 0,
  "n_iter": 1,
  "requested_k_preselect": 250,
  "updated_at": "2026-04-19T17:09:00.373550+00:00",
  "valid_iterations": 1
}
