{
  "artifacts": {
    "expected_test_information_plot": "reports/budget_overlap_tuning/workdir_seed7_followup/budget_followup__large_release_default_subset__kp-300__kf-200__seed-7/artifacts/06_select/per_benchmark/arc/plots/expected_test_information.png",
    "plots_reason": null,
    "plots_written": true
  },
  "benchmark_id": "arc",
  "counts": {
    "candidate_item_count": 300,
    "info_grid_row_count": 75300,
    "selected_item_count": 200
  },
  "expected_test_information": {
    "full_sum_max": 455.67402753171785,
    "reduced_sum_max": 136.93855370537537
  },
  "generated_at": "2026-04-19T17:06:58.176853+00:00",
  "parameters": {
    "effective_k_final": 200,
    "info_min": 0.0,
    "n_bins": 200,
    "requested_k_final": 200,
    "theta_grid_size": 251,
    "theta_grid_type": "difficulty_range"
  },
  "selected_item_ids": [
    "746",
    "984",
    "1056",
    "634",
    "887",
    "774",
    "1012",
    "529",
    "564",
    "1072",
    "479",
    "370",
    "896",
    "458",
    "771",
    "1160",
    "1157",
    "389",
    "842",
    "198",
    "388",
    "193",
    "611",
    "1019",
    "91",
    "572",
    "659",
    "1028",
    "914",
    "231",
    "421",
    "1025",
    "638",
    "1155",
    "1014",
    "745",
    "760",
    "597",
    "1162",
    "212",
    "403",
    "829",
    "734",
    "357",
    "908",
    "157",
    "1101",
    "1128",
    "858",
    "391",
    "528",
    "978",
    "476",
    "426",
    "432",
    "129",
    "366",
    "854",
    "647",
    "837",
    "565",
    "800",
    "725",
    "425",
    "988",
    "508",
    "180",
    "617",
    "557",
    "59",
    "191",
    "7",
    "1024",
    "1073",
    "762",
    "338",
    "224",
    "375",
    "223",
    "16",
    "330",
    "280",
    "695",
    "1121",
    "31",
    "68",
    "156",
    "1055",
    "492",
    "582",
    "558",
    "536",
    "17",
    "853",
    "509",
    "187",
    "378",
    "618",
    "515",
    "1066",
    "1086",
    "750",
    "610",
    "208",
    "755",
    "111",
    "708",
    "398",
    "687",
    "141",
    "112",
    "415",
    "592",
    "253",
    "577",
    "861",
    "1044",
    "1146",
    "969",
    "462",
    "124",
    "928",
    "39",
    "688",
    "671",
    "523",
    "30",
    "1030",
    "758",
    "700",
    "960",
    "593",
    "18",
    "466",
    "658",
    "636",
    "197",
    "349",
    "826",
    "1129",
    "409",
    "1081",
    "225",
    "945",
    "1139",
    "907",
    "1095",
    "117",
    "285",
    "480",
    "850",
    "229",
    "1070",
    "559",
    "899",
    "505",
    "483",
    "533",
    "230",
    "749",
    "836",
    "1111",
    "266",
    "214",
    "709",
    "808",
    "590",
    "169",
    "82",
    "603",
    "534",
    "635",
    "377",
    "41",
    "675",
    "940",
    "616",
    "872",
    "252",
    "140",
    "210",
    "76",
    "498",
    "274",
    "561",
    "1064",
    "707",
    "1022",
    "822",
    "544",
    "3",
    "364",
    "290",
    "452",
    "1003",
    "884",
    "876",
    "1017",
    "903",
    "834"
  ],
  "skipped": false,
  "skipped_reason": null,
  "theta_grid": {
    "grid_size": 251,
    "max_theta": 6.994188727688372,
    "min_theta": -4.694031505587752
  },
  "warnings": []
}
