{
  "benchmark_id": "winogrande",
  "best_iteration": {
    "best_lam": 0.1,
    "iteration_id": 0,
    "max_rmse_val": 1.0903803214850585,
    "mean_rmse_test": 1.1215162004162618,
    "mean_rmse_val": 1.0601190688401225,
    "sampled_item_ids": [
      "1005",
      "1006",
      "1009",
      "1010",
      "1019",
      "1022",
      "1027",
      "1032",
      "1038",
      "104",
      "1042",
      "1043",
      "1044",
      "1048",
      "1049",
      "1051",
      "1053",
      "1055",
      "106",
      "1060",
      "1063",
      "1066",
      "1067",
      "1068",
      "108",
      "1080",
      "1086",
      "1087",
      "1089",
      "1097",
      "1098",
      "11",
      "1103",
      "1105",
      "111",
      "1117",
      "1122",
      "1127",
      "1135",
      "1136",
      "1139",
      "1141",
      "1152",
      "1153",
      "1162",
      "117",
      "1173",
      "1177",
      "1183",
      "1192",
      "1207",
      "1208",
      "1210",
      "1214",
      "1216",
      "1221",
      "1222",
      "1224",
      "1226",
      "123",
      "1233",
      "1244",
      "1245",
      "1247",
      "1250",
      "1256",
      "1260",
      "1266",
      "128",
      "13",
      "132",
      "14",
      "143",
      "152",
      "154",
      "160",
      "161",
      "166",
      "167",
      "168",
      "169",
      "175",
      "18",
      "180",
      "185",
      "186",
      "19",
      "190",
      "191",
      "192",
      "194",
      "195",
      "196",
      "197",
      "2",
      "200",
      "205",
      "207",
      "211",
      "215",
      "222",
      "23",
      "233",
      "237",
      "241",
      "242",
      "243",
      "244",
      "249",
      "25",
      "251",
      "254",
      "256",
      "259",
      "26",
      "262",
      "264",
      "266",
      "269",
      "270",
      "272",
      "275",
      "276",
      "278",
      "279",
      "280",
      "282",
      "289",
      "290",
      "299",
      "302",
      "303",
      "306",
      "31",
      "311",
      "315",
      "32",
      "323",
      "326",
      "328",
      "329",
      "332",
      "334",
      "338",
      "343",
      "344",
      "345",
      "35",
      "360",
      "364",
      "371",
      "372",
      "373",
      "379",
      "382",
      "388",
      "40",
      "401",
      "403",
      "408",
      "409",
      "410",
      "413",
      "415",
      "416",
      "417",
      "419",
      "42",
      "422",
      "429",
      "43",
      "436",
      "446",
      "456",
      "458",
      "46",
      "460",
      "468",
      "47",
      "471",
      "475",
      "480",
      "482",
      "484",
      "494",
      "496",
      "498",
      "50",
      "506",
      "508",
      "512",
      "523",
      "524",
      "54",
      "544",
      "577",
      "579",
      "596",
      "60",
      "609",
      "61",
      "612",
      "616",
      "619",
      "623",
      "632",
      "633",
      "634",
      "637",
      "64",
      "640",
      "647",
      "65",
      "651",
      "66",
      "663",
      "665",
      "667",
      "68",
      "682",
      "684",
      "685",
      "688",
      "693",
      "696",
      "701",
      "704",
      "705",
      "709",
      "71",
      "711",
      "712",
      "720",
      "727",
      "728",
      "73",
      "730",
      "731",
      "736",
      "737",
      "741",
      "745",
      "746",
      "755",
      "757",
      "762",
      "768",
      "772",
      "777",
      "778",
      "79",
      "790",
      "792",
      "799",
      "802",
      "804",
      "805",
      "809",
      "813",
      "814",
      "817",
      "82",
      "827",
      "841",
      "842",
      "854",
      "855",
      "858",
      "860",
      "870",
      "872",
      "874",
      "881",
      "885",
      "89",
      "893",
      "896",
      "898",
      "9",
      "907",
      "916",
      "925",
      "926",
      "930",
      "94",
      "940",
      "948",
      "951",
      "952",
      "957",
      "958",
      "960",
      "966",
      "974",
      "980",
      "983",
      "986",
      "989",
      "992",
      "993"
    ],
    "subset_seed": 7,
    "valid_pool_model_count": 6086,
    "valid_test_model_count": 464
  },
  "counts": {
    "candidate_item_count": 350,
    "completed_iterations": 1,
    "cv_rows": 5,
    "failed_iterations": 0,
    "pool_model_count": 6086,
    "test_model_count": 464,
    "valid_iterations": 1
  },
  "generated_at": "2026-04-19T17:04:29.125641+00:00",
  "method": "deterministic_info",
  "parameters": {
    "checkpoint_interval": 1,
    "cv_folds": 5,
    "effective_k_preselect": 300,
    "lam_grid": [
      0.1,
      1.0
    ],
    "min_item_coverage": 0.7,
    "n_iter": 1,
    "requested_k_preselect": 300
  },
  "selection_rule": "top_k_information_proxy",
  "skipped": false,
  "skipped_reason": null,
  "warnings": []
}
