{
  "backend": "pygam",
  "best_holdout_rmse": 1.0968556154834146,
  "best_lam": 0.1,
  "best_max_val_rmse": 1.0285533584193578,
  "best_mean_baseline_val_rmse": 16.84325509808598,
  "best_mean_val_rmse": 1.012527499147477,
  "best_model_metadata": {
    "backend": "pygam",
    "benchiq_version": "0.1.0a0",
    "cv_folds": 5,
    "feature_names": [
      "theta_b",
      "theta_se_b",
      "sub_b",
      "lin_b"
    ],
    "fit_statistics": {
      "aic": 12260.737000278543,
      "edof": 24.545663161321052,
      "gcv": 1.030743057942638,
      "loglikelihood": -6104.82283697795,
      "pseudo_r2": {
        "McFadden": 0.010190575356528177,
        "McFadden_adj": 0.9897684513938295,
        "explained_deviance": 0.9964236824082129
      },
      "scale": 1.0100052945577371
    },
    "fit_warnings": [],
    "model_hyperparameters": {
      "fit_intercept": true,
      "lam": 0.1,
      "max_iter": 100,
      "terms": "s(0) + s(1) + s(2) + s(3) + intercept",
      "tol": 0.0001
    },
    "n_features": 4,
    "n_splines": 10,
    "pickle_protocol": 5,
    "pygam_version": "0.12.0",
    "python_version": "3.14.4",
    "selected_lam": 0.1,
    "selection_metric": "rmse",
    "skipped_lam_settings": [],
    "target_name": "score_full_b",
    "test_row_count": 464,
    "train_row_count": 4281
  },
  "cv_folds": 5,
  "holdout_row_count": 464,
  "lam_grid": [
    0.1,
    1.0
  ],
  "lam_summaries": [
    {
      "fold_count": 5,
      "lam": 0.1,
      "max_val_rmse": 1.0285533584193578,
      "mean_baseline_val_rmse": 16.84325509808598,
      "mean_test_rmse": 1.096785674359945,
      "mean_val_rmse": 1.012527499147477
    },
    {
      "fold_count": 5,
      "lam": 1.0,
      "max_val_rmse": 1.0340745333727186,
      "mean_baseline_val_rmse": 16.84325509808598,
      "mean_test_rmse": 1.1001178587668379,
      "mean_val_rmse": 1.0162544866058307
    }
  ],
  "selection_metric": "rmse",
  "skipped_lam_settings": []
}
