{
  "artifacts": {
    "expected_test_information_plot": "/Users/jeremykalfus/CodingProjects/BenchIQ/reports/preprocessing_variation_followup/real_confirmation/workdir/real_confirmation_multi_seed__large_release_default_subset__reconstruction_relaxed__deterministic_info__seed-11/artifacts/06_select/per_benchmark/winogrande/plots/expected_test_information.png",
    "plots_reason": null,
    "plots_written": true
  },
  "benchmark_id": "winogrande",
  "counts": {
    "candidate_item_count": 350,
    "info_grid_row_count": 87850,
    "selected_item_count": 250
  },
  "expected_test_information": {
    "full_sum_max": 378.54984920277815,
    "reduced_sum_max": 195.0955003144904
  },
  "generated_at": "2026-04-20T00:07:54.685633+00:00",
  "parameters": {
    "effective_k_final": 250,
    "info_min": 0.0,
    "n_bins": 250,
    "requested_k_final": 250,
    "theta_grid_size": 251,
    "theta_grid_type": "difficulty_range"
  },
  "selected_item_ids": [
    "1149",
    "252",
    "467",
    "814",
    "307",
    "1167",
    "1066",
    "924",
    "962",
    "813",
    "1197",
    "908",
    "211",
    "311",
    "696",
    "989",
    "254",
    "60",
    "619",
    "332",
    "23",
    "1067",
    "1226",
    "79",
    "1049",
    "916",
    "185",
    "381",
    "711",
    "684",
    "974",
    "1006",
    "180",
    "276",
    "66",
    "94",
    "958",
    "727",
    "9",
    "372",
    "338",
    "345",
    "73",
    "275",
    "1007",
    "269",
    "1053",
    "609",
    "468",
    "68",
    "373",
    "506",
    "1210",
    "71",
    "14",
    "1248",
    "1098",
    "154",
    "436",
    "282",
    "195",
    "1068",
    "233",
    "166",
    "416",
    "709",
    "280",
    "1051",
    "1207",
    "926",
    "1136",
    "778",
    "264",
    "896",
    "1135",
    "855",
    "993",
    "205",
    "768",
    "1055",
    "128",
    "992",
    "168",
    "951",
    "731",
    "1244",
    "241",
    "1256",
    "898",
    "197",
    "1019",
    "328",
    "1173",
    "47",
    "299",
    "401",
    "306",
    "827",
    "417",
    "403",
    "1087",
    "1086",
    "688",
    "728",
    "343",
    "1005",
    "841",
    "46",
    "663",
    "123",
    "544",
    "344",
    "1222",
    "720",
    "42",
    "388",
    "1044",
    "458",
    "640",
    "860",
    "200",
    "872",
    "482",
    "32",
    "647",
    "1141",
    "612",
    "685",
    "429",
    "50",
    "1022",
    "1063",
    "237",
    "18",
    "701",
    "930",
    "633",
    "524",
    "1177",
    "616",
    "940",
    "651",
    "1216",
    "596",
    "242",
    "772",
    "278",
    "1042",
    "736",
    "737",
    "40",
    "422",
    "1080",
    "802",
    "579",
    "494",
    "539",
    "498",
    "1027",
    "11",
    "1043",
    "1178",
    "815",
    "749",
    "854",
    "591",
    "842",
    "1060",
    "258",
    "510",
    "1154",
    "881",
    "25",
    "314",
    "368",
    "630",
    "957",
    "496",
    "1144",
    "201",
    "121",
    "934",
    "27",
    "196",
    "907",
    "1206",
    "1198",
    "143",
    "1130",
    "1188",
    "760",
    "783",
    "780",
    "1250",
    "315",
    "175",
    "190",
    "1089",
    "480",
    "667",
    "217",
    "873",
    "799",
    "1117",
    "279",
    "865",
    "1028",
    "724",
    "334",
    "183",
    "1192",
    "81",
    "160",
    "379",
    "194",
    "89",
    "13",
    "692",
    "1139",
    "3",
    "635",
    "1020",
    "277",
    "1100",
    "576",
    "169",
    "739",
    "413",
    "111",
    "730",
    "746",
    "804",
    "817",
    "925",
    "186",
    "484",
    "632",
    "577",
    "983",
    "266",
    "256",
    "446",
    "523",
    "682",
    "61",
    "104",
    "192",
    "259",
    "161",
    "777"
  ],
  "skipped": false,
  "skipped_reason": null,
  "theta_grid": {
    "grid_size": 251,
    "max_theta": 6.987232765608997,
    "min_theta": -6.843858971208087
  },
  "warnings": []
}
