{
  "backend": "pygam",
  "best_holdout_rmse": 0.9147878781699171,
  "best_lam": 0.1,
  "best_max_val_rmse": 0.9877402857967637,
  "best_mean_baseline_val_rmse": 16.692027876420575,
  "best_mean_val_rmse": 0.9144061956298639,
  "best_model_metadata": {
    "backend": "pygam",
    "benchiq_version": "0.1.0a0",
    "cv_folds": 5,
    "feature_names": [
      "theta_b",
      "theta_se_b",
      "sub_b",
      "lin_b"
    ],
    "fit_statistics": {
      "aic": 11352.575541468377,
      "edof": 22.720727372940274,
      "gcv": 0.834983476280743,
      "loglikelihood": -5652.567043361249,
      "pseudo_r2": {
        "McFadden": 0.007803576983292737,
        "McFadden_adj": 0.9921650562157811,
        "explained_deviance": 0.9970483515390439
      },
      "scale": 0.9093980949840298
    },
    "fit_warnings": [],
    "model_hyperparameters": {
      "fit_intercept": true,
      "lam": 0.1,
      "max_iter": 100,
      "terms": "s(0) + s(1) + s(2) + s(3) + intercept",
      "tol": 0.0001
    },
    "n_features": 4,
    "n_splines": 10,
    "pickle_protocol": 5,
    "pygam_version": "0.12.0",
    "python_version": "3.14.4",
    "selected_lam": 0.1,
    "selection_metric": "rmse",
    "skipped_lam_settings": [],
    "target_name": "score_full_b",
    "test_row_count": 463,
    "train_row_count": 4278
  },
  "cv_folds": 5,
  "holdout_row_count": 463,
  "lam_grid": [
    0.1,
    1.0
  ],
  "lam_summaries": [
    {
      "fold_count": 5,
      "lam": 0.1,
      "max_val_rmse": 0.9877402857967637,
      "mean_baseline_val_rmse": 16.692027876420575,
      "mean_test_rmse": 0.9155326861075824,
      "mean_val_rmse": 0.9144061956298639
    },
    {
      "fold_count": 5,
      "lam": 1.0,
      "max_val_rmse": 0.9880085913992053,
      "mean_baseline_val_rmse": 16.692027876420575,
      "mean_test_rmse": 0.9185741335207436,
      "mean_val_rmse": 0.9158595796264499
    }
  ],
  "selection_metric": "rmse",
  "skipped_lam_settings": []
}
