{
  "backend": "pygam",
  "best_holdout_rmse": 0.46504531409549726,
  "best_lam": 0.1,
  "best_max_val_rmse": 0.6263709766950428,
  "best_mean_baseline_val_rmse": 21.516064818959187,
  "best_mean_val_rmse": 0.5991700306883045,
  "best_model_metadata": {
    "backend": "pygam",
    "benchiq_version": "0.1.0a0",
    "cv_folds": 5,
    "feature_names": [
      "theta_b",
      "theta_se_b",
      "sub_b",
      "lin_b"
    ],
    "fit_statistics": {
      "aic": 7697.377637246673,
      "edof": 24.467535297486116,
      "gcv": 0.3549808788025721,
      "loglikelihood": -3823.2212833258504,
      "pseudo_r2": {
        "McFadden": 0.0013539568727331608,
        "McFadden_adj": 0.9986373781860772,
        "explained_deviance": 0.9992458423952143
      },
      "scale": 0.5927316548245516
    },
    "fit_warnings": [],
    "model_hyperparameters": {
      "fit_intercept": true,
      "lam": 0.1,
      "max_iter": 100,
      "terms": "s(0) + s(1) + s(2) + s(3) + intercept",
      "tol": 0.0001
    },
    "n_features": 4,
    "n_splines": 10,
    "pickle_protocol": 5,
    "pygam_version": "0.12.0",
    "python_version": "3.14.4",
    "selected_lam": 0.1,
    "selection_metric": "rmse",
    "skipped_lam_settings": [],
    "target_name": "score_full_b",
    "test_row_count": 464,
    "train_row_count": 4281
  },
  "cv_folds": 5,
  "holdout_row_count": 464,
  "lam_grid": [
    0.1,
    1.0
  ],
  "lam_summaries": [
    {
      "fold_count": 5,
      "lam": 0.1,
      "max_val_rmse": 0.6263709766950428,
      "mean_baseline_val_rmse": 21.516064818959187,
      "mean_test_rmse": 0.46657380990002517,
      "mean_val_rmse": 0.5991700306883045
    },
    {
      "fold_count": 5,
      "lam": 1.0,
      "max_val_rmse": 0.6391670176153607,
      "mean_baseline_val_rmse": 21.516064818959187,
      "mean_test_rmse": 0.4899259136445041,
      "mean_val_rmse": 0.6075474104196225
    }
  ],
  "selection_metric": "rmse",
  "skipped_lam_settings": []
}
