{
  "backend": "pygam",
  "best_holdout_rmse": 1.331608931825829,
  "best_lam": 0.1,
  "best_max_val_rmse": 1.1774793657054754,
  "best_mean_baseline_val_rmse": 26.556805618077398,
  "best_mean_val_rmse": 1.1615823051822205,
  "best_model_metadata": {
    "backend": "pygam",
    "benchiq_version": "0.1.0a0",
    "cv_folds": 5,
    "feature_names": [
      "theta_b",
      "theta_se_b",
      "sub_b",
      "lin_b"
    ],
    "fit_statistics": {
      "aic": 15821.059048374607,
      "edof": 24.92980533455914,
      "gcv": 1.3563783112852166,
      "loglikelihood": -7884.599718852744,
      "pseudo_r2": {
        "McFadden": 0.005941089664830816,
        "McFadden_adj": 0.9940401255884349,
        "explained_deviance": 0.9981028718864713
      },
      "scale": 1.1594425947814446
    },
    "fit_warnings": [],
    "model_hyperparameters": {
      "fit_intercept": true,
      "lam": 0.1,
      "max_iter": 100,
      "terms": "s(0) + s(1) + s(2) + s(3) + intercept",
      "tol": 0.0001
    },
    "n_features": 4,
    "n_splines": 10,
    "pickle_protocol": 5,
    "pygam_version": "0.12.0",
    "python_version": "3.14.4",
    "selected_lam": 0.1,
    "selection_metric": "rmse",
    "skipped_lam_settings": [],
    "target_name": "score_full_b",
    "test_row_count": 462,
    "train_row_count": 5040
  },
  "cv_folds": 5,
  "holdout_row_count": 462,
  "lam_grid": [
    0.1,
    1.0
  ],
  "lam_summaries": [
    {
      "fold_count": 5,
      "lam": 0.1,
      "max_val_rmse": 1.1774793657054754,
      "mean_baseline_val_rmse": 26.556805618077398,
      "mean_test_rmse": 1.3318362598696514,
      "mean_val_rmse": 1.1615823051822205
    },
    {
      "fold_count": 5,
      "lam": 1.0,
      "max_val_rmse": 1.1890784367014746,
      "mean_baseline_val_rmse": 26.556805618077398,
      "mean_test_rmse": 1.3342363387209286,
      "mean_val_rmse": 1.169674204709104
    }
  ],
  "selection_metric": "rmse",
  "skipped_lam_settings": []
}
