{
  "backend": "pygam",
  "best_holdout_rmse": 0.8353728731025398,
  "best_lam": 0.1,
  "best_max_val_rmse": 0.9146878999865382,
  "best_mean_baseline_val_rmse": 11.363744916492806,
  "best_mean_val_rmse": 0.8804444274589226,
  "best_model_metadata": {
    "backend": "pygam",
    "benchiq_version": "0.1.0a0",
    "cv_folds": 5,
    "feature_names": [
      "theta_b",
      "theta_se_b",
      "sub_b",
      "lin_b"
    ],
    "fit_statistics": {
      "aic": 14120.839200400953,
      "edof": 24.02615155871644,
      "gcv": 0.7770513254074357,
      "loglikelihood": -7035.39344864176,
      "pseudo_r2": {
        "McFadden": 0.015222788371612738,
        "McFadden_adj": 0.9847252251939067,
        "explained_deviance": 0.9940548310007296
      },
      "scale": 0.8780136351721782
    },
    "fit_warnings": [],
    "model_hyperparameters": {
      "fit_intercept": true,
      "lam": 0.1,
      "max_iter": 100,
      "terms": "s(0) + s(1) + s(2) + s(3) + intercept",
      "tol": 0.0001
    },
    "n_features": 4,
    "n_splines": 10,
    "pickle_protocol": 5,
    "pygam_version": "0.12.0",
    "python_version": "3.14.4",
    "selected_lam": 0.1,
    "selection_metric": "rmse",
    "skipped_lam_settings": [],
    "target_name": "score_full_b",
    "test_row_count": 461,
    "train_row_count": 5468
  },
  "cv_folds": 5,
  "holdout_row_count": 461,
  "lam_grid": [
    0.1,
    1.0
  ],
  "lam_summaries": [
    {
      "fold_count": 5,
      "lam": 0.1,
      "max_val_rmse": 0.9146878999865382,
      "mean_baseline_val_rmse": 11.363744916492806,
      "mean_test_rmse": 0.8355079916927209,
      "mean_val_rmse": 0.8804444274589226
    },
    {
      "fold_count": 5,
      "lam": 1.0,
      "max_val_rmse": 0.9159626315392895,
      "mean_baseline_val_rmse": 11.363744916492806,
      "mean_test_rmse": 0.8370153504209616,
      "mean_val_rmse": 0.8826354979310598
    }
  ],
  "selection_metric": "rmse",
  "skipped_lam_settings": []
}
