{
  "backend": "pygam",
  "best_holdout_rmse": 0.8222945630284335,
  "best_lam": 0.1,
  "best_max_val_rmse": 0.8549796746488106,
  "best_mean_baseline_val_rmse": 15.56960744637808,
  "best_mean_val_rmse": 0.8118103848309636,
  "best_model_metadata": {
    "backend": "pygam",
    "benchiq_version": "0.1.0a0",
    "cv_folds": 5,
    "feature_names": [
      "theta_b",
      "theta_se_b",
      "sub_b",
      "lin_b"
    ],
    "fit_statistics": {
      "aic": 10357.276897353277,
      "edof": 20.22872955609854,
      "gcv": 0.6609747239656686,
      "loglikelihood": -5157.40971912054,
      "pseudo_r2": {
        "McFadden": 0.006491960179323636,
        "McFadden_adj": 0.9934825766300616,
        "explained_deviance": 0.9973093510547834
      },
      "scale": 0.8095385116460089
    },
    "fit_warnings": [],
    "model_hyperparameters": {
      "fit_intercept": true,
      "lam": 0.1,
      "max_iter": 100,
      "terms": "s(0) + s(1) + s(2) + s(3) + intercept",
      "tol": 0.0001
    },
    "n_features": 4,
    "n_splines": 10,
    "pickle_protocol": 5,
    "pygam_version": "0.12.0",
    "python_version": "3.14.4",
    "selected_lam": 0.1,
    "selection_metric": "rmse",
    "skipped_lam_settings": [],
    "target_name": "score_full_b",
    "test_row_count": 462,
    "train_row_count": 4279
  },
  "cv_folds": 5,
  "holdout_row_count": 462,
  "lam_grid": [
    0.1,
    1.0
  ],
  "lam_summaries": [
    {
      "fold_count": 5,
      "lam": 0.1,
      "max_val_rmse": 0.8549796746488106,
      "mean_baseline_val_rmse": 15.56960744637808,
      "mean_test_rmse": 0.823109662574193,
      "mean_val_rmse": 0.8118103848309636
    },
    {
      "fold_count": 5,
      "lam": 1.0,
      "max_val_rmse": 0.8536574420714559,
      "mean_baseline_val_rmse": 15.56960744637808,
      "mean_test_rmse": 0.829767509283697,
      "mean_val_rmse": 0.812162533530217
    }
  ],
  "selection_metric": "rmse",
  "skipped_lam_settings": []
}
