{
  "benchmark_id": "arc",
  "best_iteration": {
    "best_lam": 1.0,
    "iteration_id": 0,
    "max_rmse_val": 3.208642370985749e-08,
    "mean_rmse_test": 3.226697666965043e-09,
    "mean_rmse_val": 1.3631496216828036e-08,
    "sampled_item_ids": [
      "10",
      "1003",
      "1006",
      "1009",
      "1012",
      "1014",
      "1017",
      "1019",
      "1022",
      "1024",
      "1025",
      "1028",
      "1029",
      "1030",
      "1032",
      "1033",
      "1035",
      "1041",
      "1042",
      "1044",
      "105",
      "1050",
      "1055",
      "1056",
      "1060",
      "1064",
      "1065",
      "1066",
      "1070",
      "1072",
      "1073",
      "1078",
      "1079",
      "1080",
      "1081",
      "1086",
      "1088",
      "1089",
      "109",
      "1094",
      "1095",
      "11",
      "1101",
      "1106",
      "111",
      "1111",
      "1117",
      "112",
      "1121",
      "1122",
      "1128",
      "1129",
      "1131",
      "1139",
      "1143",
      "1146",
      "1147",
      "115",
      "1153",
      "1154",
      "1155",
      "1157",
      "116",
      "1160",
      "1162",
      "1167",
      "1169",
      "117",
      "118",
      "124",
      "129",
      "140",
      "141",
      "145",
      "154",
      "156",
      "157",
      "16",
      "167",
      "169",
      "17",
      "18",
      "180",
      "187",
      "189",
      "19",
      "191",
      "193",
      "196",
      "197",
      "198",
      "208",
      "210",
      "211",
      "212",
      "213",
      "214",
      "217",
      "219",
      "223",
      "224",
      "225",
      "227",
      "228",
      "229",
      "230",
      "231",
      "232",
      "234",
      "241",
      "252",
      "253",
      "264",
      "265",
      "266",
      "269",
      "274",
      "28",
      "280",
      "285",
      "290",
      "291",
      "292",
      "3",
      "30",
      "304",
      "31",
      "316",
      "32",
      "327",
      "328",
      "329",
      "330",
      "338",
      "344",
      "348",
      "349",
      "350",
      "357",
      "36",
      "364",
      "366",
      "370",
      "375",
      "377",
      "378",
      "380",
      "385",
      "388",
      "389",
      "39",
      "391",
      "396",
      "398",
      "401",
      "403",
      "409",
      "41",
      "410",
      "412",
      "415",
      "416",
      "421",
      "425",
      "426",
      "427",
      "431",
      "432",
      "437",
      "442",
      "447",
      "452",
      "458",
      "462",
      "465",
      "466",
      "476",
      "479",
      "480",
      "483",
      "484",
      "487",
      "489",
      "492",
      "495",
      "498",
      "5",
      "505",
      "507",
      "508",
      "509",
      "515",
      "523",
      "528",
      "529",
      "53",
      "533",
      "534",
      "536",
      "54",
      "544",
      "548",
      "55",
      "555",
      "557",
      "558",
      "559",
      "56",
      "561",
      "564",
      "565",
      "57",
      "572",
      "577",
      "582",
      "59",
      "590",
      "592",
      "593",
      "597",
      "603",
      "604",
      "609",
      "610",
      "611",
      "616",
      "617",
      "618",
      "623",
      "634",
      "635",
      "636",
      "638",
      "645",
      "647",
      "652",
      "658",
      "659",
      "665",
      "671",
      "673",
      "675",
      "678",
      "679",
      "68",
      "682",
      "683",
      "685",
      "687",
      "688",
      "695",
      "7",
      "700",
      "706",
      "707",
      "708",
      "709",
      "713",
      "72",
      "725",
      "727",
      "730",
      "732",
      "734",
      "739",
      "745",
      "746",
      "749",
      "750",
      "755",
      "756",
      "757",
      "758",
      "76",
      "760",
      "762",
      "769",
      "77",
      "771",
      "774",
      "78",
      "781",
      "782",
      "791",
      "797",
      "8",
      "800",
      "804",
      "808",
      "812",
      "814",
      "816",
      "82",
      "821",
      "822",
      "824",
      "826",
      "829",
      "834",
      "835",
      "836",
      "837",
      "838",
      "842",
      "844",
      "848",
      "85",
      "850",
      "852",
      "853",
      "854",
      "855",
      "858",
      "861",
      "865",
      "866",
      "872",
      "876",
      "884",
      "887",
      "891",
      "896",
      "899",
      "90",
      "903",
      "906",
      "907",
      "908",
      "91",
      "914",
      "915",
      "924",
      "925",
      "928",
      "933",
      "940",
      "945",
      "954",
      "957",
      "958",
      "960",
      "963",
      "969",
      "974",
      "976",
      "978",
      "984",
      "987",
      "988",
      "999"
    ],
    "subset_seed": 7,
    "valid_pool_model_count": 4756,
    "valid_test_model_count": 463
  },
  "candidate_item_count": 350,
  "completed_iterations": 1,
  "effective_k_preselect": 350,
  "failed_iterations": 0,
  "n_iter": 1,
  "requested_k_preselect": 350,
  "updated_at": "2026-04-19T23:18:01.005259+00:00",
  "valid_iterations": 1
}
