{
  "backend": "pygam",
  "best_holdout_rmse": 14.263648035811114,
  "best_lam": 1.0,
  "best_max_val_rmse": 19.62264962668202,
  "best_mean_baseline_val_rmse": 27.650790929924895,
  "best_mean_val_rmse": 15.824140957942843,
  "best_model_metadata": {
    "backend": "pygam",
    "benchiq_version": "0.1.0a0",
    "cv_folds": 3,
    "feature_names": [
      "theta_b1",
      "theta_b2",
      "theta_b3",
      "theta_se_b",
      "sub_b",
      "grand_sub",
      "lin_b",
      "grand_lin"
    ],
    "fit_statistics": {
      "aic": 395.9193591290033,
      "edof": 10.37567259344485,
      "gcv": 278.64170277134673,
      "loglikelihood": -186.5840069710568,
      "pseudo_r2": {
        "McFadden": 0.6959529473781104,
        "McFadden_adj": 0.26534609405817755,
        "explained_deviance": 0.8124910506105201
      },
      "scale": 13.148506809140747
    },
    "fit_warnings": [],
    "model_hyperparameters": {
      "fit_intercept": true,
      "lam": 1.0,
      "max_iter": 100,
      "terms": "s(0) + s(1) + s(2) + s(3) + s(4) + s(5) + s(6) + s(7) + intercept",
      "tol": 0.0001
    },
    "n_features": 8,
    "n_splines": 5,
    "pickle_protocol": 5,
    "pygam_version": "0.12.0",
    "python_version": "3.14.4",
    "selected_lam": 1.0,
    "selection_metric": "rmse",
    "skipped_lam_settings": [],
    "target_name": "score_full_b",
    "test_row_count": 6,
    "train_row_count": 48
  },
  "cv_folds": 3,
  "holdout_row_count": 6,
  "lam_grid": [
    0.1,
    1.0
  ],
  "lam_summaries": [
    {
      "fold_count": 3,
      "lam": 0.1,
      "max_val_rmse": 19.90512269841528,
      "mean_baseline_val_rmse": 27.650790929924895,
      "mean_test_rmse": 14.85437050598815,
      "mean_val_rmse": 16.07587234408376
    },
    {
      "fold_count": 3,
      "lam": 1.0,
      "max_val_rmse": 19.62264962668202,
      "mean_baseline_val_rmse": 27.650790929924895,
      "mean_test_rmse": 14.526883963490151,
      "mean_val_rmse": 15.824140957942843
    }
  ],
  "selection_metric": "rmse",
  "skipped_lam_settings": []
}
