{
  "benchmark_id": "b1",
  "generated_at": "2026-04-17T23:35:54.207739+00:00",
  "joint": {
    "available_row_count": 60,
    "benchmark_id": "b1",
    "cv_report": {
      "backend": "pygam",
      "best_holdout_rmse": 10.121121697368329,
      "best_lam": 1.0,
      "best_max_val_rmse": 16.020480154144884,
      "best_mean_baseline_val_rmse": 27.650790929924895,
      "best_mean_val_rmse": 14.238975556787352,
      "best_model_metadata": {
        "backend": "pygam",
        "benchiq_version": "0.1.0a0",
        "cv_folds": 3,
        "feature_names": [
          "theta_b1",
          "theta_b2",
          "theta_b3",
          "theta_se_b",
          "sub_b",
          "grand_sub",
          "lin_b",
          "grand_lin"
        ],
        "fit_statistics": {
          "aic": 391.7327467658502,
          "edof": 10.232468936982654,
          "gcv": 254.05357447485298,
          "loglikelihood": -184.63390444594245,
          "pseudo_r2": {
            "McFadden": 0.6716540516115342,
            "McFadden_adj": 0.2911226700304772,
            "explained_deviance": 0.8269833533631088
          },
          "scale": 12.606207619442662
        },
        "fit_warnings": [],
        "model_hyperparameters": {
          "fit_intercept": true,
          "lam": 1.0,
          "max_iter": 100,
          "terms": "s(0) + s(1) + s(2) + s(3) + s(4) + s(5) + s(6) + s(7) + intercept",
          "tol": 0.0001
        },
        "n_features": 8,
        "n_splines": 5,
        "pickle_protocol": 5,
        "pygam_version": "0.12.0",
        "python_version": "3.14.4",
        "selected_lam": 1.0,
        "selection_metric": "rmse",
        "skipped_lam_settings": [],
        "target_name": "score_full_b",
        "test_row_count": 6,
        "train_row_count": 48
      },
      "cv_folds": 3,
      "holdout_row_count": 6,
      "lam_grid": [
        0.1,
        1.0
      ],
      "lam_summaries": [
        {
          "fold_count": 3,
          "lam": 0.1,
          "max_val_rmse": 16.215623563909986,
          "mean_baseline_val_rmse": 27.650790929924895,
          "mean_test_rmse": 13.388622450686249,
          "mean_val_rmse": 14.551922069606668
        },
        {
          "fold_count": 3,
          "lam": 1.0,
          "max_val_rmse": 16.020480154144884,
          "mean_baseline_val_rmse": 27.650790929924895,
          "mean_test_rmse": 12.734591806625453,
          "mean_val_rmse": 14.238975556787352
        }
      ],
      "selection_metric": "rmse",
      "skipped_lam_settings": []
    },
    "feature_columns": [
      "theta_b1",
      "theta_b2",
      "theta_b3",
      "theta_se_b",
      "sub_b",
      "grand_sub",
      "lin_b",
      "grand_lin"
    ],
    "metrics": {
      "test": {
        "baseline_mae": 21.42857142857143,
        "baseline_rmse": 27.04405838819885,
        "mae": 9.019181682187899,
        "pearson_r": 0.9750491866228734,
        "rmse": 10.121121697368329,
        "row_count": 6,
        "spearman_r": 0.9856107606091624
      },
      "train": {
        "baseline_mae": 22.296626984126984,
        "baseline_rmse": 26.883090197162097,
        "mae": 9.338445667218085,
        "pearson_r": 0.9093973195518354,
        "rmse": 11.182093887210058,
        "row_count": 48,
        "spearman_r": 0.9062006455302416
      },
      "val": {
        "baseline_mae": 21.42857142857143,
        "baseline_rmse": 26.991602897644427,
        "mae": 11.033339496558547,
        "pearson_r": 0.8794509983772003,
        "rmse": 14.443257688191814,
        "row_count": 6,
        "spearman_r": 0.753702346348183
      }
    },
    "model_type": "joint",
    "skip_reason": null,
    "skipped": false,
    "split_counts": {
      "test": 6,
      "train": 48,
      "val": 6
    },
    "test_row_count": 6,
    "train_row_count": 48,
    "val_row_count": 6
  },
  "marginal": {
    "available_row_count": 60,
    "benchmark_id": "b1",
    "cv_report": {
      "backend": "pygam",
      "best_holdout_rmse": 11.09043169803263,
      "best_lam": 0.1,
      "best_max_val_rmse": 17.398503870105127,
      "best_mean_baseline_val_rmse": 26.81700975586632,
      "best_mean_val_rmse": 15.578754247808561,
      "best_model_metadata": {
        "backend": "pygam",
        "benchiq_version": "0.1.0a0",
        "cv_folds": 3,
        "feature_names": [
          "theta_b",
          "theta_se_b",
          "sub_b",
          "lin_b"
        ],
        "fit_statistics": {
          "aic": 406.9356948557617,
          "edof": 5.835267143264038,
          "gcv": 304.9744852369723,
          "loglikelihood": -196.6325802846168,
          "pseudo_r2": {
            "McFadden": 0.7925396928652932,
            "McFadden_adj": 0.18394090448629818,
            "explained_deviance": 0.7094258888647588
          },
          "scale": 15.461569975324224
        },
        "fit_warnings": [],
        "model_hyperparameters": {
          "fit_intercept": true,
          "lam": 0.1,
          "max_iter": 100,
          "terms": "s(0) + s(1) + s(2) + s(3) + intercept",
          "tol": 0.0001
        },
        "n_features": 4,
        "n_splines": 5,
        "pickle_protocol": 5,
        "pygam_version": "0.12.0",
        "python_version": "3.14.4",
        "selected_lam": 0.1,
        "selection_metric": "rmse",
        "skipped_lam_settings": [],
        "target_name": "score_full_b",
        "test_row_count": 6,
        "train_row_count": 48
      },
      "cv_folds": 3,
      "holdout_row_count": 6,
      "lam_grid": [
        0.1,
        1.0
      ],
      "lam_summaries": [
        {
          "fold_count": 3,
          "lam": 0.1,
          "max_val_rmse": 17.398503870105127,
          "mean_baseline_val_rmse": 26.81700975586632,
          "mean_test_rmse": 11.264034258794561,
          "mean_val_rmse": 15.578754247808561
        },
        {
          "fold_count": 3,
          "lam": 1.0,
          "max_val_rmse": 17.398510358881527,
          "mean_baseline_val_rmse": 26.81700975586632,
          "mean_test_rmse": 11.089898822161828,
          "mean_val_rmse": 15.586858526733314
        }
      ],
      "selection_metric": "rmse",
      "skipped_lam_settings": []
    },
    "feature_columns": [
      "theta_b",
      "theta_se_b",
      "sub_b",
      "lin_b"
    ],
    "metrics": {
      "test": {
        "baseline_mae": 21.42857142857143,
        "baseline_rmse": 27.04405838819885,
        "mae": 9.826144739017892,
        "pearson_r": 0.952949776652936,
        "rmse": 11.09043169803263,
        "row_count": 6,
        "spearman_r": 1.0
      },
      "train": {
        "baseline_mae": 22.296626984126984,
        "baseline_rmse": 26.883090197162097,
        "mae": 11.21510553219102,
        "pearson_r": 0.842274259038201,
        "rmse": 14.49131003759715,
        "row_count": 48,
        "spearman_r": 0.8133435214311852
      },
      "val": {
        "baseline_mae": 21.42857142857143,
        "baseline_rmse": 26.991602897644427,
        "mae": 14.118519216110556,
        "pearson_r": 0.7934013460241034,
        "rmse": 17.020097787122538,
        "row_count": 6,
        "spearman_r": 0.5147058823529411
      }
    },
    "model_type": "marginal",
    "skip_reason": null,
    "skipped": false,
    "split_counts": {
      "test": 6,
      "train": 48,
      "val": 6
    },
    "test_row_count": 6,
    "train_row_count": 48,
    "val_row_count": 6
  },
  "summary_rows": [
    {
      "baseline_mae": 22.296626984126984,
      "baseline_rmse": 26.883090197162097,
      "benchmark_id": "b1",
      "mae": 11.21510553219102,
      "model_type": "marginal",
      "pearson_r": 0.842274259038201,
      "rmse": 14.49131003759715,
      "row_count": 48,
      "skip_reason": null,
      "skipped": false,
      "spearman_r": 0.8133435214311852,
      "split": "train"
    },
    {
      "baseline_mae": 21.42857142857143,
      "baseline_rmse": 26.991602897644427,
      "benchmark_id": "b1",
      "mae": 14.118519216110556,
      "model_type": "marginal",