{
  "backend": "pygam",
  "best_holdout_rmse": 18.37187396163962,
  "best_lam": 1.0,
  "best_max_val_rmse": 16.757761638349848,
  "best_mean_baseline_val_rmse": 28.41858961070122,
  "best_mean_val_rmse": 15.007159728936541,
  "best_model_metadata": {
    "backend": "pygam",
    "benchiq_version": "0.1.0a0",
    "cv_folds": 3,
    "feature_names": [
      "theta_b1",
      "theta_b2",
      "theta_b3",
      "theta_se_b",
      "sub_b",
      "grand_sub",
      "lin_b",
      "grand_lin"
    ],
    "fit_statistics": {
      "aic": 386.3361561126151,
      "edof": 10.490711740073788,
      "gcv": 229.16990121032276,
      "loglikelihood": -181.67736631623376,
      "pseudo_r2": {
        "McFadden": 0.6524732709221623,
        "McFadden_adj": 0.3098505499139842,
        "explained_deviance": 0.8376522500030682
      },
      "scale": 11.885092048062814
    },
    "fit_warnings": [],
    "model_hyperparameters": {
      "fit_intercept": true,
      "lam": 1.0,
      "max_iter": 100,
      "terms": "s(0) + s(1) + s(2) + s(3) + s(4) + s(5) + s(6) + s(7) + intercept",
      "tol": 0.0001
    },
    "n_features": 8,
    "n_splines": 5,
    "pickle_protocol": 5,
    "pygam_version": "0.12.0",
    "python_version": "3.14.4",
    "selected_lam": 1.0,
    "selection_metric": "rmse",
    "skipped_lam_settings": [],
    "target_name": "score_full_b",
    "test_row_count": 6,
    "train_row_count": 48
  },
  "cv_folds": 3,
  "holdout_row_count": 6,
  "lam_grid": [
    0.1,
    1.0
  ],
  "lam_summaries": [
    {
      "fold_count": 3,
      "lam": 0.1,
      "max_val_rmse": 18.056910691658953,
      "mean_baseline_val_rmse": 28.41858961070122,
      "mean_test_rmse": 19.62526520116634,
      "mean_val_rmse": 16.446112881963167
    },
    {
      "fold_count": 3,
      "lam": 1.0,
      "max_val_rmse": 16.757761638349848,
      "mean_baseline_val_rmse": 28.41858961070122,
      "mean_test_rmse": 19.14019380700913,
      "mean_val_rmse": 15.007159728936541
    }
  ],
  "selection_metric": "rmse",
  "skipped_lam_settings": []
}
