{
  "backend": "pygam",
  "best_holdout_rmse": 1.0369460741113325,
  "best_lam": 0.1,
  "best_max_val_rmse": 1.0480934825969288,
  "best_mean_baseline_val_rmse": 16.774125368421704,
  "best_mean_val_rmse": 1.018213836698345,
  "best_model_metadata": {
    "backend": "pygam",
    "benchiq_version": "0.1.0a0",
    "cv_folds": 5,
    "feature_names": [
      "theta_b",
      "theta_se_b",
      "sub_b",
      "lin_b"
    ],
    "fit_statistics": {
      "aic": 12282.862660397155,
      "edof": 24.054855045131895,
      "gcv": 1.0380766055881567,
      "loglikelihood": -6116.376475153445,
      "pseudo_r2": {
        "McFadden": 0.01037273070763963,
        "McFadden_adj": 0.9895864747901566,
        "explained_deviance": 0.9963683077868962
      },
      "scale": 1.0136938621467435
    },
    "fit_warnings": [],
    "model_hyperparameters": {
      "fit_intercept": true,
      "lam": 0.1,
      "max_iter": 100,
      "terms": "s(0) + s(1) + s(2) + s(3) + intercept",
      "tol": 0.0001
    },
    "n_features": 4,
    "n_splines": 10,
    "pickle_protocol": 5,
    "pygam_version": "0.12.0",
    "python_version": "3.14.4",
    "selected_lam": 0.1,
    "selection_metric": "rmse",
    "skipped_lam_settings": [],
    "target_name": "score_full_b",
    "test_row_count": 462,
    "train_row_count": 4278
  },
  "cv_folds": 5,
  "holdout_row_count": 462,
  "lam_grid": [
    0.1,
    1.0
  ],
  "lam_summaries": [
    {
      "fold_count": 5,
      "lam": 0.1,
      "max_val_rmse": 1.0480934825969288,
      "mean_baseline_val_rmse": 16.774125368421704,
      "mean_test_rmse": 1.0370363002887177,
      "mean_val_rmse": 1.018213836698345
    },
    {
      "fold_count": 5,
      "lam": 1.0,
      "max_val_rmse": 1.0541396954679763,
      "mean_baseline_val_rmse": 16.774125368421704,
      "mean_test_rmse": 1.0327540213030906,
      "mean_val_rmse": 1.022347425292857
    }
  ],
  "selection_metric": "rmse",
  "skipped_lam_settings": []
}
