{
  "benchmarks": {
    "dense_b1": {
      "diagnostics": {
        "test": {
          "count": 32,
          "score_max": 90.75630252100841,
          "score_mean": 61.3970862342127,
          "score_min": 16.80672268907563
        },
        "train": {
          "count": 259,
          "score_max": 94.01709401709401,
          "score_mean": 61.29554589240666,
          "score_min": 24.786324786324787
        },
        "val": {
          "count": 29,
          "score_max": 89.07563025210085,
          "score_mean": 62.24006843425855,
          "score_min": 32.773109243697476
        }
      },
      "effective_bins": 10,
      "fallback_reason": null,
      "strategy": "global_plus_local_val",
      "stratification_used": true,
      "test_model_count": 32,
      "train_model_count": 259,
      "val_model_count": 29,
      "val_split_method": "stratified",
      "valid_model_count": 320,
      "warnings": []
    },
    "dense_b2": {
      "diagnostics": {
        "test": {
          "count": 32,
          "score_max": 83.89830508474576,
          "score_mean": 56.940415068600615,
          "score_min": 13.675213675213676
        },
        "train": {
          "count": 259,
          "score_max": 92.17391304347827,
          "score_mean": 57.468626534446216,
          "score_min": 18.96551724137931
        },
        "val": {
          "count": 29,
          "score_max": 85.21739130434783,
          "score_mean": 57.48866522195494,
          "score_min": 32.47863247863248
        }
      },
      "effective_bins": 10,
      "fallback_reason": null,
      "strategy": "global_plus_local_val",
      "stratification_used": true,
      "test_model_count": 32,
      "train_model_count": 259,
      "val_model_count": 29,
      "val_split_method": "stratified",
      "valid_model_count": 320,
      "warnings": []
    },
    "dense_b3": {
      "diagnostics": {
        "test": {
          "count": 32,
          "score_max": 82.35294117647058,
          "score_mean": 58.54428807745453,
          "score_min": 15.254237288135593
        },
        "train": {
          "count": 259,
          "score_max": 88.88888888888889,
          "score_mean": 59.096348700094175,
          "score_min": 26.05042016806723
        },
        "val": {
          "count": 29,
          "score_max": 82.90598290598291,
          "score_mean": 58.84745180233254,
          "score_min": 19.166666666666668
        }
      },
      "effective_bins": 10,
      "fallback_reason": null,
      "strategy": "global_plus_local_val",
      "stratification_used": true,
      "test_model_count": 32,
      "train_model_count": 259,
      "val_model_count": 29,
      "val_split_method": "stratified",
      "valid_model_count": 320,
      "warnings": []
    },
    "dense_b4": {
      "diagnostics": {
        "test": {
          "count": 32,
          "score_max": 86.32478632478633,
          "score_mean": 53.17184208419209,
          "score_min": 9.322033898305085
        },
        "train": {
          "count": 259,
          "score_max": 91.45299145299145,
          "score_mean": 53.705048941587194,
          "score_min": 19.65811965811966
        },
        "val": {
          "count": 29,
          "score_max": 83.33333333333334,
          "score_mean": 53.79351013036106,
          "score_min": 22.033898305084744
        }
      },
      "effective_bins": 10,
      "fallback_reason": null,
      "strategy": "global_plus_local_val",
      "stratification_used": true,
      "test_model_count": 32,
      "train_model_count": 259,
      "val_model_count": 29,
      "val_split_method": "stratified",
      "valid_model_count": 320,
      "warnings": []
    },
    "dense_b5": {
      "diagnostics": {
        "test": {
          "count": 32,
          "score_max": 81.35593220338984,
          "score_mean": 54.27200832952434,
          "score_min": 10.344827586206897
        },
        "train": {
          "count": 259,
          "score_max": 92.92035398230088,
          "score_mean": 53.72873494207614,
          "score_min": 17.94871794871795
        },
        "val": {
          "count": 29,
          "score_max": 83.05084745762711,
          "score_mean": 54.21818311600523,
          "score_min": 27.966101694915253
        }
      },
      "effective_bins": 10,
      "fallback_reason": null,
      "strategy": "global_plus_local_val",
      "stratification_used": true,
      "test_model_count": 32,
      "train_model_count": 259,
      "val_model_count": 29,
      "val_split_method": "stratified",
      "valid_model_count": 320,
      "warnings": []
    }
  },
  "counts": {
    "benchmark_count": 5,
    "global_test_enabled": true,
    "global_test_model_count": 32
  },
  "generated_at": "2026-04-19T17:03:08.591241+00:00",
  "global_test": {
    "assigned_test_count": 32,
    "assigned_train_pool_count": 288,
    "diagnostics": {
      "test": {
        "count": 32,
        "score_max": 83.27538751267565,
        "score_mean": 56.865127958796855,
        "score_min": 13.080607027387376
      },
      "train_pool": {
        "count": 288,
        "score_max": 90.45830767069705,
        "score_mean": 57.08491213902121,
        "score_min": 22.473786862224994
      }
    },
    "effective_bins": 10,
    "eligible_model_count": 320,
    "enabled": true,
    "fallback_reason": null,
    "skip_reason": null,
    "split_method": "stratified",
    "stratification_used": true,
    "test_model_count": 32,
    "train_val_pool_count": 288,
    "warnings": []
  },
  "warnings": []
}
