{
  "benchmark_id": "b2",
  "generated_at": "2026-04-17T23:35:56.308223+00:00",
  "joint": {
    "available_row_count": 60,
    "benchmark_id": "b2",
    "cv_report": {
      "backend": "pygam",
      "best_holdout_rmse": 15.024363398274039,
      "best_lam": 1.0,
      "best_max_val_rmse": 16.09459636995054,
      "best_mean_baseline_val_rmse": 27.116034535344607,
      "best_mean_val_rmse": 14.991667927083205,
      "best_model_metadata": {
        "backend": "pygam",
        "benchiq_version": "0.1.0a0",
        "cv_folds": 3,
        "feature_names": [
          "theta_b1",
          "theta_b2",
          "theta_b3",
          "theta_se_b",
          "sub_b",
          "grand_sub",
          "lin_b",
          "grand_lin"
        ],
        "fit_statistics": {
          "aic": 395.9301667748806,
          "edof": 10.126672088405204,
          "gcv": 276.2248670268365,
          "loglikelihood": -186.8384112990351,
          "pseudo_r2": {
            "McFadden": 0.6918728219260456,
            "McFadden_adj": 0.270627559308138,
            "explained_deviance": 0.8146110419155451
          },
          "scale": 13.18413926700585
        },
        "fit_warnings": [],
        "model_hyperparameters": {
          "fit_intercept": true,
          "lam": 1.0,
          "max_iter": 100,
          "terms": "s(0) + s(1) + s(2) + s(3) + s(4) + s(5) + s(6) + s(7) + intercept",
          "tol": 0.0001
        },
        "n_features": 8,
        "n_splines": 5,
        "pickle_protocol": 5,
        "pygam_version": "0.12.0",
        "python_version": "3.14.4",
        "selected_lam": 1.0,
        "selection_metric": "rmse",
        "skipped_lam_settings": [],
        "target_name": "score_full_b",
        "test_row_count": 6,
        "train_row_count": 48
      },
      "cv_folds": 3,
      "holdout_row_count": 6,
      "lam_grid": [
        0.1,
        1.0
      ],
      "lam_summaries": [
        {
          "fold_count": 3,
          "lam": 0.1,
          "max_val_rmse": 16.694795595363413,
          "mean_baseline_val_rmse": 27.116034535344607,
          "mean_test_rmse": 15.319826489359613,
          "mean_val_rmse": 15.72153738558653
        },
        {
          "fold_count": 3,
          "lam": 1.0,
          "max_val_rmse": 16.09459636995054,
          "mean_baseline_val_rmse": 27.116034535344607,
          "mean_test_rmse": 16.201941364137927,
          "mean_val_rmse": 14.991667927083205
        }
      ],
      "selection_metric": "rmse",
      "skipped_lam_settings": []
    },
    "feature_columns": [
      "theta_b1",
      "theta_b2",
      "theta_b3",
      "theta_se_b",
      "sub_b",
      "grand_sub",
      "lin_b",
      "grand_lin"
    ],
    "metrics": {
      "test": {
        "baseline_mae": 16.666666666666664,
        "baseline_rmse": 19.777675864090654,
        "mae": 11.246824791230102,
        "pearson_r": 0.7074035160967141,
        "rmse": 15.024363398274039,
        "row_count": 6,
        "spearman_r": 0.550782483869826
      },
      "train": {
        "baseline_mae": 23.80952380952381,
        "baseline_rmse": 27.19918966379967,
        "mae": 9.791808861985073,
        "pearson_r": 0.902562369670134,
        "rmse": 11.711105605418087,
        "row_count": 48,
        "spearman_r": 0.8955581828956489
      },
      "val": {
        "baseline_mae": 26.190476190476193,
        "baseline_rmse": 29.45075446869758,
        "mae": 7.480995103476946,
        "pearson_r": 0.9730584026848434,
        "rmse": 8.580879264754598,
        "row_count": 6,
        "spearman_r": 0.9705882352941178
      }
    },
    "model_type": "joint",
    "skip_reason": null,
    "skipped": false,
    "split_counts": {
      "test": 6,
      "train": 48,
      "val": 6
    },
    "test_row_count": 6,
    "train_row_count": 48,
    "val_row_count": 6
  },
  "marginal": {
    "available_row_count": 60,
    "benchmark_id": "b2",
    "cv_report": {
      "backend": "pygam",
      "best_holdout_rmse": 14.839334904726634,
      "best_lam": 0.1,
      "best_max_val_rmse": 16.974561476799245,
      "best_mean_baseline_val_rmse": 27.32864426546817,
      "best_mean_val_rmse": 14.535866192475398,
      "best_model_metadata": {
        "backend": "pygam",
        "benchiq_version": "0.1.0a0",
        "cv_folds": 3,
        "feature_names": [
          "theta_b",
          "theta_se_b",
          "sub_b",
          "lin_b"
        ],
        "fit_statistics": {
          "aic": 389.1862875163279,
          "edof": 5.76556363564,
          "gcv": 210.32600092753538,
          "loglikelihood": -187.82758012252395,
          "pseudo_r2": {
            "McFadden": 0.6853657243794078,
            "McFadden_adj": 0.29359625929190225,
            "explained_deviance": 0.8032755858888148
          },
          "scale": 12.860929662550078
        },
        "fit_warnings": [],
        "model_hyperparameters": {
          "fit_intercept": true,
          "lam": 0.1,
          "max_iter": 100,
          "terms": "s(0) + s(1) + s(2) + s(3) + intercept",
          "tol": 0.0001
        },
        "n_features": 4,
        "n_splines": 5,
        "pickle_protocol": 5,
        "pygam_version": "0.12.0",
        "python_version": "3.14.4",
        "selected_lam": 0.1,
        "selection_metric": "rmse",
        "skipped_lam_settings": [],
        "target_name": "score_full_b",
        "test_row_count": 6,
        "train_row_count": 48
      },
      "cv_folds": 3,
      "holdout_row_count": 6,
      "lam_grid": [
        0.1,
        1.0
      ],
      "lam_summaries": [
        {
          "fold_count": 3,
          "lam": 0.1,
          "max_val_rmse": 16.974561476799245,
          "mean_baseline_val_rmse": 27.32864426546817,
          "mean_test_rmse": 14.855758161888511,
          "mean_val_rmse": 14.535866192475398
        },
        {
          "fold_count": 3,
          "lam": 1.0,
          "max_val_rmse": 16.974578826046958,
          "mean_baseline_val_rmse": 27.32864426546817,
          "mean_test_rmse": 15.577077887983583,
          "mean_val_rmse": 14.60838415344472
        }
      ],
      "selection_metric": "rmse",
      "skipped_lam_settings": []
    },
    "feature_columns": [
      "theta_b",
      "theta_se_b",
      "sub_b",
      "lin_b"
    ],
    "metrics": {
      "test": {
        "baseline_mae": 16.666666666666664,
        "baseline_rmse": 19.777675864090654,
        "mae": 12.464243837878088,
        "pearson_r": 0.7299357059855265,
        "rmse": 14.839334904726634,
        "row_count": 6,
        "spearman_r": 0.5852390484520126
      },
      "train": {
        "baseline_mae": 23.80952380952381,
        "baseline_rmse": 27.19918966379967,
        "mae": 10.052265927839931,
        "pearson_r": 0.8962587560427819,
        "rmse": 12.063826863921024,
        "row_count": 48,
        "spearman_r": 0.8956872509710186
      },
      "val": {
        "baseline_mae": 26.190476190476193,
        "baseline_rmse": 29.45075446869758,
        "mae": 8.111111068866949,
        "pearson_r": 0.9531483910100075,
        "rmse": 10.375790298630907,
        "row_count": 6,
        "spearman_r": 0.9240616554505461
      }
    },
    "model_type": "marginal",
    "skip_reason": null,
    "skipped": false,
    "split_counts": {
      "test": 6,
      "train": 48,
      "val": 6
    },
    "test_row_count": 6,
    "train_row_count": 48,
    "val_row_count": 6
  },
  "summary_rows": [
    {
      "baseline_mae": 23.80952380952381,
      "baseline_rmse": 27.19918966379967,
      "benchmark_id": "b2",
      "mae": 10.052265927839931,
      "model_type": "marginal",
      "pearson_r": 0.8962587560427819,
      "rmse": 12.063826863921024,
      "row_count": 48,
      "skip_reason": null,
      "skipped": false,
      "spearman_r": 0.8956872509710186,
      "split": "train"
    },
    {
      "baseline_mae": 26.190476190476193,
      "baseline_rmse": 29.45075446869758,
      "benchmark_id": "b2",
      "mae": 8.111111068866949,
      "model_type": "marginal",