{
  "backend": "pygam",
  "best_holdout_rmse": 0.9504702256886021,
  "best_lam": 0.1,
  "best_max_val_rmse": 0.8569997598617518,
  "best_mean_baseline_val_rmse": 15.4437046944005,
  "best_mean_val_rmse": 0.8255490061330499,
  "best_model_metadata": {
    "backend": "pygam",
    "benchiq_version": "0.1.0a0",
    "cv_folds": 5,
    "feature_names": [
      "theta_b",
      "theta_se_b",
      "sub_b",
      "lin_b"
    ],
    "fit_statistics": {
      "aic": 10522.722475268132,
      "edof": 20.768472742534975,
      "gcv": 0.6859175887752874,
      "loglikelihood": -5239.592764891531,
      "pseudo_r2": {
        "McFadden": 0.006944947065549285,
        "McFadden_adj": 0.9930275248515822,
        "explained_deviance": 0.9971642371366575
      },
      "scale": 0.8245798322240805
    },
    "fit_warnings": [],
    "model_hyperparameters": {
      "fit_intercept": true,
      "lam": 0.1,
      "max_iter": 100,
      "terms": "s(0) + s(1) + s(2) + s(3) + intercept",
      "tol": 0.0001
    },
    "n_features": 4,
    "n_splines": 10,
    "pickle_protocol": 5,
    "pygam_version": "0.12.0",
    "python_version": "3.14.4",
    "selected_lam": 0.1,
    "selection_metric": "rmse",
    "skipped_lam_settings": [],
    "target_name": "score_full_b",
    "test_row_count": 464,
    "train_row_count": 4282
  },
  "cv_folds": 5,
  "holdout_row_count": 464,
  "lam_grid": [
    0.1,
    1.0
  ],
  "lam_summaries": [
    {
      "fold_count": 5,
      "lam": 0.1,
      "max_val_rmse": 0.8569997598617518,
      "mean_baseline_val_rmse": 15.4437046944005,
      "mean_test_rmse": 0.9510744493781911,
      "mean_val_rmse": 0.8255490061330499
    },
    {
      "fold_count": 5,
      "lam": 1.0,
      "max_val_rmse": 0.8604447714424044,
      "mean_baseline_val_rmse": 15.4437046944005,
      "mean_test_rmse": 0.9565557434717844,
      "mean_val_rmse": 0.8272830793838055
    }
  ],
  "selection_metric": "rmse",
  "skipped_lam_settings": []
}
