{
  "backend": "pygam",
  "best_holdout_rmse": 1.256449074096635,
  "best_lam": 0.1,
  "best_max_val_rmse": 1.16586038166677,
  "best_mean_baseline_val_rmse": 15.563449166346022,
  "best_mean_val_rmse": 1.145510770360281,
  "best_model_metadata": {
    "backend": "pygam",
    "benchiq_version": "0.1.0a0",
    "cv_folds": 5,
    "feature_names": [
      "theta_b",
      "theta_se_b",
      "sub_b",
      "lin_b"
    ],
    "fit_statistics": {
      "aic": 13328.33963802733,
      "edof": 23.16146699815769,
      "gcv": 1.3213706650499077,
      "loglikelihood": -6640.008352015508,
      "pseudo_r2": {
        "McFadden": 0.016565644143682473,
        "McFadden_adj": 0.983376572100666,
        "explained_deviance": 0.9946270134254561
      },
      "scale": 1.1439019554100993
    },
    "fit_warnings": [],
    "model_hyperparameters": {
      "fit_intercept": true,
      "lam": 0.1,
      "max_iter": 100,
      "terms": "s(0) + s(1) + s(2) + s(3) + intercept",
      "tol": 0.0001
    },
    "n_features": 4,
    "n_splines": 10,
    "pickle_protocol": 5,
    "pygam_version": "0.12.0",
    "python_version": "3.14.4",
    "selected_lam": 0.1,
    "selection_metric": "rmse",
    "skipped_lam_settings": [],
    "target_name": "score_full_b",
    "test_row_count": 464,
    "train_row_count": 4282
  },
  "cv_folds": 5,
  "holdout_row_count": 464,
  "lam_grid": [
    0.1,
    1.0
  ],
  "lam_summaries": [
    {
      "fold_count": 5,
      "lam": 0.1,
      "max_val_rmse": 1.16586038166677,
      "mean_baseline_val_rmse": 15.563449166346022,
      "mean_test_rmse": 1.256398041341,
      "mean_val_rmse": 1.145510770360281
    },
    {
      "fold_count": 5,
      "lam": 1.0,
      "max_val_rmse": 1.1723304110960098,
      "mean_baseline_val_rmse": 15.563449166346022,
      "mean_test_rmse": 1.2511420546396042,
      "mean_val_rmse": 1.150263567890891
    }
  ],
  "selection_metric": "rmse",
  "skipped_lam_settings": []
}
