{
  "backend": "pygam",
  "best_holdout_rmse": 1.296897208594473,
  "best_lam": 0.1,
  "best_max_val_rmse": 1.2069504118526178,
  "best_mean_baseline_val_rmse": 26.541379740516675,
  "best_mean_val_rmse": 1.1480944550506709,
  "best_model_metadata": {
    "backend": "pygam",
    "benchiq_version": "0.1.0a0",
    "cv_folds": 5,
    "feature_names": [
      "theta_b",
      "theta_se_b",
      "sub_b",
      "lin_b"
    ],
    "fit_statistics": {
      "aic": 15691.347772160596,
      "edof": 24.917308918467675,
      "gcv": 1.3260108614887693,
      "loglikelihood": -7819.75657716183,
      "pseudo_r2": {
        "McFadden": 0.005773003861450565,
        "McFadden_adj": 0.9942086007167503,
        "explained_deviance": 0.9981433464297769
      },
      "scale": 1.1463874314180764
    },
    "fit_warnings": [],
    "model_hyperparameters": {
      "fit_intercept": true,
      "lam": 0.1,
      "max_iter": 100,
      "terms": "s(0) + s(1) + s(2) + s(3) + intercept",
      "tol": 0.0001
    },
    "n_features": 4,
    "n_splines": 10,
    "pickle_protocol": 5,
    "pygam_version": "0.12.0",
    "python_version": "3.14.4",
    "selected_lam": 0.1,
    "selection_metric": "rmse",
    "skipped_lam_settings": [],
    "target_name": "score_full_b",
    "test_row_count": 461,
    "train_row_count": 5035
  },
  "cv_folds": 5,
  "holdout_row_count": 461,
  "lam_grid": [
    0.1,
    1.0
  ],
  "lam_summaries": [
    {
      "fold_count": 5,
      "lam": 0.1,
      "max_val_rmse": 1.2069504118526178,
      "mean_baseline_val_rmse": 26.541379740516675,
      "mean_test_rmse": 1.298280471972718,
      "mean_val_rmse": 1.1480944550506709
    },
    {
      "fold_count": 5,
      "lam": 1.0,
      "max_val_rmse": 1.212147330857073,
      "mean_baseline_val_rmse": 26.541379740516675,
      "mean_test_rmse": 1.314643923826926,
      "mean_val_rmse": 1.155088927619653
    }
  ],
  "selection_metric": "rmse",
  "skipped_lam_settings": []
}
