{
  "backend": "pygam",
  "best_holdout_rmse": 11.385368714588978,
  "best_lam": 0.1,
  "best_max_val_rmse": 9.594743619733718,
  "best_mean_baseline_val_rmse": 14.476258696968873,
  "best_mean_val_rmse": 8.802178702411597,
  "best_model_metadata": {
    "backend": "pygam",
    "benchiq_version": "0.1.0a0",
    "cv_folds": 5,
    "feature_names": [
      "theta_b",
      "theta_se_b",
      "sub_b",
      "lin_b"
    ],
    "fit_statistics": {
      "aic": 1670.1785148972742,
      "edof": 13.301819872991766,
      "gcv": 81.73781670172906,
      "loglikelihood": -820.7874375756453,
      "pseudo_r2": {
        "McFadden": 0.7904100461960709,
        "McFadden_adj": 0.19678043506743603,
        "explained_deviance": 0.6655930777174465
      },
      "scale": 8.564331411060067
    },
    "fit_warnings": [],
    "model_hyperparameters": {
      "fit_intercept": true,
      "lam": 0.1,
      "max_iter": 100,
      "terms": "s(0) + s(1) + s(2) + s(3) + intercept",
      "tol": 0.0001
    },
    "n_features": 4,
    "n_splines": 8,
    "pickle_protocol": 5,
    "pygam_version": "0.12.0",
    "python_version": "3.14.4",
    "selected_lam": 0.1,
    "selection_metric": "rmse",
    "skipped_lam_settings": [],
    "target_name": "score_full_b",
    "test_row_count": 29,
    "train_row_count": 232
  },
  "cv_folds": 5,
  "holdout_row_count": 29,
  "lam_grid": [
    0.1,
    1.0
  ],
  "lam_summaries": [
    {
      "fold_count": 5,
      "lam": 0.1,
      "max_val_rmse": 9.594743619733718,
      "mean_baseline_val_rmse": 14.476258696968873,
      "mean_test_rmse": 11.38492559840477,
      "mean_val_rmse": 8.802178702411597
    },
    {
      "fold_count": 5,
      "lam": 1.0,
      "max_val_rmse": 9.611150912270162,
      "mean_baseline_val_rmse": 14.476258696968873,
      "mean_test_rmse": 10.9935635353506,
      "mean_val_rmse": 8.815069307201929
    }
  ],
  "selection_metric": "rmse",
  "skipped_lam_settings": []
}
