{
  "benchmark_id": "b1",
  "generated_at": "2026-04-17T23:35:44.763666+00:00",
  "joint": {
    "available_row_count": 60,
    "benchmark_id": "b1",
    "cv_report": {
      "backend": "pygam",
      "best_holdout_rmse": 14.571565342421493,
      "best_lam": 1.0,
      "best_max_val_rmse": 14.77796476194496,
      "best_mean_baseline_val_rmse": 26.93217615114517,
      "best_mean_val_rmse": 14.271209041574908,
      "best_model_metadata": {
        "backend": "pygam",
        "benchiq_version": "0.1.0a0",
        "cv_folds": 3,
        "feature_names": [
          "theta_b1",
          "theta_b2",
          "theta_b3",
          "theta_se_b",
          "sub_b",
          "grand_sub",
          "lin_b",
          "grand_lin"
        ],
        "fit_statistics": {
          "aic": 395.28670864563907,
          "edof": 10.600097157077334,
          "gcv": 277.2582365501676,
          "loglikelihood": -186.0432571657422,
          "pseudo_r2": {
            "McFadden": 0.7000101459700662,
            "McFadden_adj": 0.26010571272180727,
            "explained_deviance": 0.8100156873782823
          },
          "scale": 13.031641171010868
        },
        "fit_warnings": [],
        "model_hyperparameters": {
          "fit_intercept": true,
          "lam": 1.0,
          "max_iter": 100,
          "terms": "s(0) + s(1) + s(2) + s(3) + s(4) + s(5) + s(6) + s(7) + intercept",
          "tol": 0.0001
        },
        "n_features": 8,
        "n_splines": 5,
        "pickle_protocol": 5,
        "pygam_version": "0.12.0",
        "python_version": "3.14.4",
        "selected_lam": 1.0,
        "selection_metric": "rmse",
        "skipped_lam_settings": [],
        "target_name": "score_full_b",
        "test_row_count": 6,
        "train_row_count": 48
      },
      "cv_folds": 3,
      "holdout_row_count": 6,
      "lam_grid": [
        0.1,
        1.0
      ],
      "lam_summaries": [
        {
          "fold_count": 3,
          "lam": 0.1,
          "max_val_rmse": 15.690510274613313,
          "mean_baseline_val_rmse": 26.93217615114517,
          "mean_test_rmse": 13.895143492427396,
          "mean_val_rmse": 14.628608117644413
        },
        {
          "fold_count": 3,
          "lam": 1.0,
          "max_val_rmse": 14.77796476194496,
          "mean_baseline_val_rmse": 26.93217615114517,
          "mean_test_rmse": 14.168929035544602,
          "mean_val_rmse": 14.271209041574908
        }
      ],
      "selection_metric": "rmse",
      "skipped_lam_settings": []
    },
    "feature_columns": [
      "theta_b1",
      "theta_b2",
      "theta_b3",
      "theta_se_b",
      "sub_b",
      "grand_sub",
      "lin_b",
      "grand_lin"
    ],
    "metrics": {
      "test": {
        "baseline_mae": 21.42857142857143,
        "baseline_rmse": 26.899559652972194,
        "mae": 13.466069716848123,
        "pearson_r": 0.9102061406273501,
        "rmse": 14.571565342421493,
        "row_count": 6,
        "spearman_r": 0.8406680016960504
      },
      "train": {
        "baseline_mae": 21.65178571428571,
        "baseline_rmse": 26.390940068271057,
        "mae": 9.635297549546463,
        "pearson_r": 0.9000112950565275,
        "rmse": 11.50306917254574,
        "row_count": 48,
        "spearman_r": 0.8702166680724547
      },
      "val": {
        "baseline_mae": 26.19047619047619,
        "baseline_rmse": 30.735561567961618,
        "mae": 9.7152613211367,
        "pearson_r": 0.9717431825041036,
        "rmse": 12.193665352466146,
        "row_count": 6,
        "spearman_r": 0.942857142857143
      }
    },
    "model_type": "joint",
    "skip_reason": null,
    "skipped": false,
    "split_counts": {
      "test": 6,
      "train": 48,
      "val": 6
    },
    "test_row_count": 6,
    "train_row_count": 48,
    "val_row_count": 6
  },
  "marginal": {
    "available_row_count": 60,
    "benchmark_id": "b1",
    "cv_report": {
      "backend": "pygam",
      "best_holdout_rmse": 14.156900614188125,
      "best_lam": 0.1,
      "best_max_val_rmse": 19.35503417333726,
      "best_mean_baseline_val_rmse": 27.173452168255086,
      "best_mean_val_rmse": 18.202125820501095,
      "best_model_metadata": {
        "backend": "pygam",
        "benchiq_version": "0.1.0a0",
        "cv_folds": 3,
        "feature_names": [
          "theta_b",
          "theta_se_b",
          "sub_b",
          "lin_b"
        ],
        "fit_statistics": {
          "aic": 409.0562368860862,
          "edof": 6.284318357282285,
          "gcv": 322.5192518968503,
          "loglikelihood": -197.24380008576082,
          "pseudo_r2": {
            "McFadden": 0.8086579942500455,
            "McFadden_adj": 0.16557762544588894,
            "explained_deviance": 0.6911277553517086
          },
          "scale": 15.733134269331629
        },
        "fit_warnings": [],
        "model_hyperparameters": {
          "fit_intercept": true,
          "lam": 0.1,
          "max_iter": 100,
          "terms": "s(0) + s(1) + s(2) + s(3) + intercept",
          "tol": 0.0001
        },
        "n_features": 4,
        "n_splines": 5,
        "pickle_protocol": 5,
        "pygam_version": "0.12.0",
        "python_version": "3.14.4",
        "selected_lam": 0.1,
        "selection_metric": "rmse",
        "skipped_lam_settings": [],
        "target_name": "score_full_b",
        "test_row_count": 6,
        "train_row_count": 48
      },
      "cv_folds": 3,
      "holdout_row_count": 6,
      "lam_grid": [
        0.1,
        1.0
      ],
      "lam_summaries": [
        {
          "fold_count": 3,
          "lam": 0.1,
          "max_val_rmse": 19.35503417333726,
          "mean_baseline_val_rmse": 27.173452168255086,
          "mean_test_rmse": 14.758203713641818,
          "mean_val_rmse": 18.202125820501095
        },
        {
          "fold_count": 3,
          "lam": 1.0,
          "max_val_rmse": 19.359801529916687,
          "mean_baseline_val_rmse": 27.173452168255086,
          "mean_test_rmse": 14.28251642993479,
          "mean_val_rmse": 18.346644770312434
        }
      ],
      "selection_metric": "rmse",
      "skipped_lam_settings": []
    },
    "feature_columns": [
      "theta_b",
      "theta_se_b",
      "sub_b",
      "lin_b"
    ],
    "metrics": {
      "test": {
        "baseline_mae": 21.42857142857143,
        "baseline_rmse": 26.899559652972194,
        "mae": 11.91859493127736,
        "pearson_r": 0.9299711255928396,
        "rmse": 14.156900614188125,
        "row_count": 6,
        "spearman_r": 0.9404032585917881
      },
      "train": {
        "baseline_mae": 21.65178571428571,
        "baseline_rmse": 26.390940068271057,
        "mae": 12.601836458386352,
        "pearson_r": 0.8314202241071904,
        "rmse": 14.667101673422204,
        "row_count": 48,
        "spearman_r": 0.764170838461007
      },
      "val": {
        "baseline_mae": 26.19047619047619,
        "baseline_rmse": 30.735561567961618,
        "mae": 15.109184269042041,
        "pearson_r": 0.9493162686368928,
        "rmse": 16.642769412098904,
        "row_count": 6,
        "spearman_r": 0.9411239481143202
      }
    },
    "model_type": "marginal",
    "skip_reason": null,
    "skipped": false,
    "split_counts": {
      "test": 6,
      "train": 48,
      "val": 6
    },
    "test_row_count": 6,
    "train_row_count": 48,
    "val_row_count": 6
  },
  "summary_rows": [
    {
      "baseline_mae": 21.65178571428571,
      "baseline_rmse": 26.390940068271057,
      "benchmark_id": "b1",
      "mae": 12.601836458386352,
      "model_type": "marginal",
      "pearson_r": 0.8314202241071904,
      "rmse": 14.667101673422204,
      "row_count": 48,
      "skip_reason": null,
      "skipped": false,
      "spearman_r": 0.764170838461007,
      "split": "train"
    },
    {
      "baseline_mae": 26.19047619047619,
      "baseline_rmse": 30.735561567961618,
      "benchmark_id": "b1",
      "mae": 15.109184269042041,
      "model_type": "marginal",