{
  "benchmarks": {
    "arc": {
      "diagnostics": {
        "test": {
          "count": 462,
          "score_max": 74.85714285714286,
          "score_mean": 57.29313543599258,
          "score_min": 11.428571428571429
        },
        "train": {
          "count": 4278,
          "score_max": 87.71428571428571,
          "score_mean": 53.89320777399318,
          "score_min": 10.571428571428571
        },
        "val": {
          "count": 476,
          "score_max": 75.71428571428571,
          "score_mean": 53.65666266506602,
          "score_min": 11.142857142857142
        }
      },
      "effective_bins": 10,
      "fallback_reason": null,
      "strategy": "global_plus_local_val",
      "stratification_used": true,
      "test_model_count": 462,
      "train_model_count": 4278,
      "val_model_count": 476,
      "val_split_method": "stratified",
      "valid_model_count": 5216,
      "warnings": []
    },
    "gsm8k": {
      "diagnostics": {
        "test": {
          "count": 462,
          "score_max": 87.42857142857143,
          "score_mean": 45.44526901669759,
          "score_min": 0.0
        },
        "train": {
          "count": 5040,
          "score_max": 88.28571428571429,
          "score_mean": 36.47851473922902,
          "score_min": 0.0
        },
        "val": {
          "count": 560,
          "score_max": 84.85714285714285,
          "score_mean": 36.42448979591837,
          "score_min": 0.0
        }
      },
      "effective_bins": 10,
      "fallback_reason": null,
      "strategy": "global_plus_local_val",
      "stratification_used": true,
      "test_model_count": 462,
      "train_model_count": 5040,
      "val_model_count": 560,
      "val_split_method": "stratified",
      "valid_model_count": 6062,
      "warnings": []
    },
    "hellaswag": {
      "diagnostics": {
        "test": {
          "count": 462,
          "score_max": 90.28571428571428,
          "score_mean": 74.86332714904142,
          "score_min": 4.285714285714286
        },
        "train": {
          "count": 4278,
          "score_max": 91.71428571428571,
          "score_mean": 69.76123689307421,
          "score_min": 3.7142857142857144
        },
        "val": {
          "count": 476,
          "score_max": 90.57142857142857,
          "score_mean": 69.60924369747899,
          "score_min": 3.7142857142857144
        }
      },
      "effective_bins": 10,
      "fallback_reason": null,
      "strategy": "global_plus_local_val",
      "stratification_used": true,
      "test_model_count": 462,
      "train_model_count": 4278,
      "val_model_count": 476,
      "val_split_method": "stratified",
      "valid_model_count": 5216,
      "warnings": []
    },
    "mmlu": {
      "diagnostics": {
        "test": {
          "count": 462,
          "score_max": 88.0,
          "score_mean": 62.77983920841063,
          "score_min": 20.57142857142857
        },
        "train": {
          "count": 4276,
          "score_max": 92.0,
          "score_mean": 59.29393291460644,
          "score_min": 18.571428571428573
        },
        "val": {
          "count": 476,
          "score_max": 88.0,
          "score_mean": 59.28271308523409,
          "score_min": 20.57142857142857
        }
      },
      "effective_bins": 10,
      "fallback_reason": null,
      "strategy": "global_plus_local_val",
      "stratification_used": true,
      "test_model_count": 462,
      "train_model_count": 4276,
      "val_model_count": 476,
      "val_split_method": "stratified",
      "valid_model_count": 5214,
      "warnings": []
    },
    "truthfulqa": {
      "diagnostics": {
        "test": {
          "count": 462,
          "score_max": 62.0,
          "score_mean": 30.517625231910948,
          "score_min": 8.285714285714285
        },
        "train": {
          "count": 4279,
          "score_max": 100.0,
          "score_mean": 29.59162688211531,
          "score_min": 7.428571428571429
        },
        "val": {
          "count": 476,
          "score_max": 100.0,
          "score_mean": 29.750300120048017,
          "score_min": 7.7142857142857135
        }
      },
      "effective_bins": 10,
      "fallback_reason": null,
      "strategy": "global_plus_local_val",
      "stratification_used": true,
      "test_model_count": 462,
      "train_model_count": 4279,
      "val_model_count": 476,
      "val_split_method": "stratified",
      "valid_model_count": 5217,
      "warnings": []
    },
    "winogrande": {
      "diagnostics": {
        "test": {
          "count": 462,
          "score_max": 91.14285714285715,
          "score_mean": 77.87507730364872,
          "score_min": 48.857142857142854
        },
        "train": {
          "count": 5473,
          "score_max": 93.42857142857143,
          "score_mean": 73.9208060348203,
          "score_min": 43.42857142857143
        },
        "val": {
          "count": 609,
          "score_max": 92.85714285714286,
          "score_mean": 74.0215810462116,
          "score_min": 44.857142857142854
        }
      },
      "effective_bins": 10,
      "fallback_reason": null,
      "strategy": "global_plus_local_val",
      "stratification_used": true,
      "test_model_count": 462,
      "train_model_count": 5473,
      "val_model_count": 609,
      "val_split_method": "stratified",
      "valid_model_count": 6544,
      "warnings": []
    }
  },
  "counts": {
    "benchmark_count": 6,
    "global_test_enabled": true,
    "global_test_model_count": 462
  },
  "generated_at": "2026-04-19T23:22:53.189107+00:00",
  "global_test": {
    "assigned_test_count": 462,
    "assigned_train_pool_count": 4158,
    "diagnostics": {
      "benchmark_local_only": {
        "count": 2212,
        "score_max": null,
        "score_mean": null,
        "score_min": null
      },
      "test": {
        "count": 462,
        "score_max": 75.42857142857143,
        "score_mean": 58.12904555761698,
        "score_min": 17.238095238095237
      },
      "train_pool": {
        "count": 4158,
        "score_max": 79.57142857142857,
        "score_mean": 57.928056070913215,
        "score_min": 16.047619047619047
      }
    },
    "effective_bins": 10,
    "eligible_model_count": 4620,
    "enabled": true,
    "fallback_reason": null,
    "skip_reason": null,
    "split_method": "stratified",
    "stratification_used": true,
    "test_model_count": 462,
    "train_val_pool_count": 4158,
    "warnings": []
  },
  "warnings": []
}
