{
  "backend": "pygam",
  "best_holdout_rmse": 8.827811406560878,
  "best_lam": 0.1,
  "best_max_val_rmse": 9.214157824125037,
  "best_mean_baseline_val_rmse": 14.094734516360717,
  "best_mean_val_rmse": 7.941687097560552,
  "best_model_metadata": {
    "backend": "pygam",
    "benchiq_version": "0.1.0a0",
    "cv_folds": 5,
    "feature_names": [
      "theta_b",
      "theta_se_b",
      "sub_b",
      "lin_b"
    ],
    "fit_statistics": {
      "aic": 1527.1258084490107,
      "edof": 14.901344226221905,
      "gcv": 68.04272544169113,
      "loglikelihood": -747.6615599982835,
      "pseudo_r2": {
        "McFadden": 0.7399259541177192,
        "McFadden_adj": 0.24532687693026312,
        "explained_deviance": 0.7212804606952792
      },
      "scale": 7.728223716301311
    },
    "fit_warnings": [],
    "model_hyperparameters": {
      "fit_intercept": true,
      "lam": 0.1,
      "max_iter": 100,
      "terms": "s(0) + s(1) + s(2) + s(3) + intercept",
      "tol": 0.0001
    },
    "n_features": 4,
    "n_splines": 8,
    "pickle_protocol": 5,
    "pygam_version": "0.12.0",
    "python_version": "3.14.4",
    "selected_lam": 0.1,
    "selection_metric": "rmse",
    "skipped_lam_settings": [],
    "target_name": "score_full_b",
    "test_row_count": 28,
    "train_row_count": 218
  },
  "cv_folds": 5,
  "holdout_row_count": 28,
  "lam_grid": [
    0.1,
    1.0
  ],
  "lam_summaries": [
    {
      "fold_count": 5,
      "lam": 0.1,
      "max_val_rmse": 9.214157824125037,
      "mean_baseline_val_rmse": 14.094734516360717,
      "mean_test_rmse": 8.844517662761206,
      "mean_val_rmse": 7.941687097560552
    },
    {
      "fold_count": 5,
      "lam": 1.0,
      "max_val_rmse": 9.262568588861768,
      "mean_baseline_val_rmse": 14.094734516360717,
      "mean_test_rmse": 8.561878238292103,
      "mean_val_rmse": 7.96871765436204
    }
  ],
  "selection_metric": "rmse",
  "skipped_lam_settings": []
}
