{
  "backend": "pygam",
  "best_holdout_rmse": 0.9354119930783581,
  "best_lam": 0.1,
  "best_max_val_rmse": 0.8316875786432921,
  "best_mean_baseline_val_rmse": 15.498051841252206,
  "best_mean_val_rmse": 0.8156964368437384,
  "best_model_metadata": {
    "backend": "pygam",
    "benchiq_version": "0.1.0a0",
    "cv_folds": 5,
    "feature_names": [
      "theta_b",
      "theta_se_b",
      "sub_b",
      "lin_b"
    ],
    "fit_statistics": {
      "aic": 10408.795699201744,
      "edof": 20.30829726036275,
      "gcv": 0.668230139387585,
      "loglikelihood": -5183.08955234051,
      "pseudo_r2": {
        "McFadden": 0.006647924034473515,
        "McFadden_adj": 0.9933260281776013,
        "explained_deviance": 0.9972568391749588
      },
      "scale": 0.8139573831078697
    },
    "fit_warnings": [],
    "model_hyperparameters": {
      "fit_intercept": true,
      "lam": 0.1,
      "max_iter": 100,
      "terms": "s(0) + s(1) + s(2) + s(3) + intercept",
      "tol": 0.0001
    },
    "n_features": 4,
    "n_splines": 10,
    "pickle_protocol": 5,
    "pygam_version": "0.12.0",
    "python_version": "3.14.4",
    "selected_lam": 0.1,
    "selection_metric": "rmse",
    "skipped_lam_settings": [],
    "target_name": "score_full_b",
    "test_row_count": 463,
    "train_row_count": 4281
  },
  "cv_folds": 5,
  "holdout_row_count": 463,
  "lam_grid": [
    0.1,
    1.0
  ],
  "lam_summaries": [
    {
      "fold_count": 5,
      "lam": 0.1,
      "max_val_rmse": 0.8316875786432921,
      "mean_baseline_val_rmse": 15.498051841252206,
      "mean_test_rmse": 0.936066540666995,
      "mean_val_rmse": 0.8156964368437384
    },
    {
      "fold_count": 5,
      "lam": 1.0,
      "max_val_rmse": 0.8329782690322995,
      "mean_baseline_val_rmse": 15.498051841252206,
      "mean_test_rmse": 0.938361717222692,
      "mean_val_rmse": 0.816218717078413
    }
  ],
  "selection_metric": "rmse",
  "skipped_lam_settings": []
}
