{
  "backend": "pygam",
  "best_holdout_rmse": 0.9326948490144671,
  "best_lam": 0.1,
  "best_max_val_rmse": 0.8864171821381751,
  "best_mean_baseline_val_rmse": 16.770816685463476,
  "best_mean_val_rmse": 0.8629926234769645,
  "best_model_metadata": {
    "backend": "pygam",
    "benchiq_version": "0.1.0a0",
    "cv_folds": 5,
    "feature_names": [
      "theta_b",
      "theta_se_b",
      "sub_b",
      "lin_b"
    ],
    "fit_statistics": {
      "aic": 10859.837462521848,
      "edof": 22.822487504578543,
      "gcv": 0.7437148053963596,
      "loglikelihood": -5406.096243756345,
      "pseudo_r2": {
        "McFadden": 0.00658995338354726,
        "McFadden_adj": 0.9933822263332076,
        "explained_deviance": 0.9973954832436499
      },
      "scale": 0.8582413328453701
    },
    "fit_warnings": [],
    "model_hyperparameters": {
      "fit_intercept": true,
      "lam": 0.1,
      "max_iter": 100,
      "terms": "s(0) + s(1) + s(2) + s(3) + intercept",
      "tol": 0.0001
    },
    "n_features": 4,
    "n_splines": 10,
    "pickle_protocol": 5,
    "pygam_version": "0.12.0",
    "python_version": "3.14.4",
    "selected_lam": 0.1,
    "selection_metric": "rmse",
    "skipped_lam_settings": [],
    "target_name": "score_full_b",
    "test_row_count": 464,
    "train_row_count": 4279
  },
  "cv_folds": 5,
  "holdout_row_count": 464,
  "lam_grid": [
    0.1,
    1.0
  ],
  "lam_summaries": [
    {
      "fold_count": 5,
      "lam": 0.1,
      "max_val_rmse": 0.8864171821381751,
      "mean_baseline_val_rmse": 16.770816685463476,
      "mean_test_rmse": 0.9330500374444674,
      "mean_val_rmse": 0.8629926234769645
    },
    {
      "fold_count": 5,
      "lam": 1.0,
      "max_val_rmse": 0.8876042355963885,
      "mean_baseline_val_rmse": 16.770816685463476,
      "mean_test_rmse": 0.9349750604060766,
      "mean_val_rmse": 0.8637458081091491
    }
  ],
  "selection_metric": "rmse",
  "skipped_lam_settings": []
}
