{
  "backend": "pygam",
  "best_holdout_rmse": 19.952644203944917,
  "best_lam": 0.1,
  "best_max_val_rmse": 15.840457684052131,
  "best_mean_baseline_val_rmse": 26.49508308839725,
  "best_mean_val_rmse": 14.858217188221895,
  "best_model_metadata": {
    "backend": "pygam",
    "benchiq_version": "0.1.0a0",
    "cv_folds": 3,
    "feature_names": [
      "theta_b",
      "theta_se_b",
      "sub_b",
      "lin_b"
    ],
    "fit_statistics": {
      "aic": 397.7054082884314,
      "edof": 6.42733871583054,
      "gcv": 255.57469239623785,
      "loglikelihood": -191.42536542838516,
      "pseudo_r2": {
        "McFadden": 0.7524641598932487,
        "McFadden_adj": 0.22227094370008305,
        "explained_deviance": 0.7518315260891255
      },
      "scale": 13.957840008481288
    },
    "fit_warnings": [],
    "model_hyperparameters": {
      "fit_intercept": true,
      "lam": 0.1,
      "max_iter": 100,
      "terms": "s(0) + s(1) + s(2) + s(3) + intercept",
      "tol": 0.0001
    },
    "n_features": 4,
    "n_splines": 5,
    "pickle_protocol": 5,
    "pygam_version": "0.12.0",
    "python_version": "3.14.4",
    "selected_lam": 0.1,
    "selection_metric": "rmse",
    "skipped_lam_settings": [],
    "target_name": "score_full_b",
    "test_row_count": 6,
    "train_row_count": 48
  },
  "cv_folds": 3,
  "holdout_row_count": 6,
  "lam_grid": [
    0.1,
    1.0
  ],
  "lam_summaries": [
    {
      "fold_count": 3,
      "lam": 0.1,
      "max_val_rmse": 15.840457684052131,
      "mean_baseline_val_rmse": 26.49508308839725,
      "mean_test_rmse": 20.03818306799973,
      "mean_val_rmse": 14.858217188221895
    },
    {
      "fold_count": 3,
      "lam": 1.0,
      "max_val_rmse": 15.801531022853943,
      "mean_baseline_val_rmse": 26.49508308839725,
      "mean_test_rmse": 20.03476677931621,
      "mean_val_rmse": 15.048931288725676
    }
  ],
  "selection_metric": "rmse",
  "skipped_lam_settings": []
}
