{
  "backend": "pygam",
  "best_holdout_rmse": 9.25454986426354,
  "best_lam": 1.0,
  "best_max_val_rmse": 11.218845549919031,
  "best_mean_baseline_val_rmse": 15.347427220032575,
  "best_mean_val_rmse": 9.759281051865766,
  "best_model_metadata": {
    "backend": "pygam",
    "benchiq_version": "0.1.0a0",
    "cv_folds": 5,
    "feature_names": [
      "theta_b",
      "theta_se_b",
      "sub_b",
      "lin_b"
    ],
    "fit_statistics": {
      "aic": 1699.3128330518691,
      "edof": 9.914134313784727,
      "gcv": 100.63176325253228,
      "loglikelihood": -838.7422822121498,
      "pseudo_r2": {
        "McFadden": 0.8231317626019968,
        "McFadden_adj": 0.16713862315838812,
        "explained_deviance": 0.621959978208179
      },
      "scale": 9.634381450237996
    },
    "fit_warnings": [],
    "model_hyperparameters": {
      "fit_intercept": true,
      "lam": 1.0,
      "max_iter": 100,
      "terms": "s(0) + s(1) + s(2) + s(3) + intercept",
      "tol": 0.0001
    },
    "n_features": 4,
    "n_splines": 8,
    "pickle_protocol": 5,
    "pygam_version": "0.12.0",
    "python_version": "3.14.4",
    "selected_lam": 1.0,
    "selection_metric": "rmse",
    "skipped_lam_settings": [],
    "target_name": "score_full_b",
    "test_row_count": 29,
    "train_row_count": 229
  },
  "cv_folds": 5,
  "holdout_row_count": 29,
  "lam_grid": [
    0.1,
    1.0
  ],
  "lam_summaries": [
    {
      "fold_count": 5,
      "lam": 0.1,
      "max_val_rmse": 11.308869569117334,
      "mean_baseline_val_rmse": 15.347427220032575,
      "mean_test_rmse": 9.439375935975704,
      "mean_val_rmse": 9.81696115089678
    },
    {
      "fold_count": 5,
      "lam": 1.0,
      "max_val_rmse": 11.218845549919031,
      "mean_baseline_val_rmse": 15.347427220032575,
      "mean_test_rmse": 9.301705987762352,
      "mean_val_rmse": 9.759281051865766
    }
  ],
  "selection_metric": "rmse",
  "skipped_lam_settings": []
}
