{
  "backend": "pygam",
  "best_holdout_rmse": 15.326342507285279,
  "best_lam": 1.0,
  "best_max_val_rmse": 15.312225964579872,
  "best_mean_baseline_val_rmse": 26.973526906147033,
  "best_mean_val_rmse": 13.258207071409439,
  "best_model_metadata": {
    "backend": "pygam",
    "benchiq_version": "0.1.0a0",
    "cv_folds": 3,
    "feature_names": [
      "theta_b",
      "theta_se_b",
      "sub_b",
      "lin_b"
    ],
    "fit_statistics": {
      "aic": 389.0918403600978,
      "edof": 5.27254327612186,
      "gcv": 207.32551398350893,
      "loglikelihood": -188.27337690392704,
      "pseudo_r2": {
        "McFadden": 0.7213123019451965,
        "McFadden_adj": 0.2584875487286149,
        "explained_deviance": 0.772980883406143
      },
      "scale": 12.91443672290919
    },
    "fit_warnings": [],
    "model_hyperparameters": {
      "fit_intercept": true,
      "lam": 1.0,
      "max_iter": 100,
      "terms": "s(0) + s(1) + s(2) + s(3) + intercept",
      "tol": 0.0001
    },
    "n_features": 4,
    "n_splines": 5,
    "pickle_protocol": 5,
    "pygam_version": "0.12.0",
    "python_version": "3.14.4",
    "selected_lam": 1.0,
    "selection_metric": "rmse",
    "skipped_lam_settings": [],
    "target_name": "score_full_b",
    "test_row_count": 6,
    "train_row_count": 48
  },
  "cv_folds": 3,
  "holdout_row_count": 6,
  "lam_grid": [
    0.1,
    1.0
  ],
  "lam_summaries": [
    {
      "fold_count": 3,
      "lam": 0.1,
      "max_val_rmse": 14.901115448694565,
      "mean_baseline_val_rmse": 26.973526906147033,
      "mean_test_rmse": 14.706788923883636,
      "mean_val_rmse": 13.273085626176302
    },
    {
      "fold_count": 3,
      "lam": 1.0,
      "max_val_rmse": 15.312225964579872,
      "mean_baseline_val_rmse": 26.973526906147033,
      "mean_test_rmse": 15.204192994144401,
      "mean_val_rmse": 13.258207071409439
    }
  ],
  "selection_metric": "rmse",
  "skipped_lam_settings": []
}
