{
  "benchmarks": {
    "arc": {
      "diagnostics": {
        "test": {
          "count": 464,
          "score_max": 75.0,
          "score_mean": 56.82471264367816,
          "score_min": 11.781609195402298
        },
        "train": {
          "count": 4281,
          "score_max": 87.64367816091954,
          "score_mean": 53.60259312063193,
          "score_min": 8.908045977011495
        },
        "val": {
          "count": 476,
          "score_max": 77.01149425287356,
          "score_mean": 53.85757751376413,
          "score_min": 12.35632183908046
        }
      },
      "effective_bins": 10,
      "fallback_reason": null,
      "strategy": "global_plus_local_val",
      "stratification_used": true,
      "test_model_count": 464,
      "train_model_count": 4281,
      "val_model_count": 476,
      "val_split_method": "stratified",
      "valid_model_count": 5221,
      "warnings": []
    },
    "gsm8k": {
      "diagnostics": {
        "test": {
          "count": 464,
          "score_max": 88.28571428571429,
          "score_mean": 45.27155172413793,
          "score_min": 0.0
        },
        "train": {
          "count": 5043,
          "score_max": 88.28571428571429,
          "score_mean": 36.45245177190448,
          "score_min": 0.0
        },
        "val": {
          "count": 561,
          "score_max": 88.0,
          "score_mean": 36.38044308632544,
          "score_min": 0.0
        }
      },
      "effective_bins": 10,
      "fallback_reason": null,
      "strategy": "global_plus_local_val",
      "stratification_used": true,
      "test_model_count": 464,
      "train_model_count": 5043,
      "val_model_count": 561,
      "val_split_method": "stratified",
      "valid_model_count": 6068,
      "warnings": []
    },
    "hellaswag": {
      "diagnostics": {
        "test": {
          "count": 464,
          "score_max": 88.85245901639345,
          "score_mean": 70.77020915771622,
          "score_min": 3.606557377049181
        },
        "train": {
          "count": 4281,
          "score_max": 90.49180327868852,
          "score_mean": 66.42151175035708,
          "score_min": 2.2950819672131146
        },
        "val": {
          "count": 476,
          "score_max": 89.18032786885246,
          "score_mean": 66.4347706295633,
          "score_min": 3.934426229508197
        }
      },
      "effective_bins": 10,
      "fallback_reason": null,
      "strategy": "global_plus_local_val",
      "stratification_used": true,
      "test_model_count": 464,
      "train_model_count": 4281,
      "val_model_count": 476,
      "val_split_method": "stratified",
      "valid_model_count": 5221,
      "warnings": []
    },
    "mmlu": {
      "diagnostics": {
        "test": {
          "count": 464,
          "score_max": 88.85714285714286,
          "score_mean": 62.5295566502463,
          "score_min": 20.57142857142857
        },
        "train": {
          "count": 4279,
          "score_max": 92.0,
          "score_mean": 59.26778619837746,
          "score_min": 17.42857142857143
        },
        "val": {
          "count": 476,
          "score_max": 88.0,
          "score_mean": 59.311524609843936,
          "score_min": 19.428571428571427
        }
      },
      "effective_bins": 10,
      "fallback_reason": null,
      "strategy": "global_plus_local_val",
      "stratification_used": true,
      "test_model_count": 464,
      "train_model_count": 4279,
      "val_model_count": 476,
      "val_split_method": "stratified",
      "valid_model_count": 5219,
      "warnings": []
    },
    "truthfulqa": {
      "diagnostics": {
        "test": {
          "count": 464,
          "score_max": 100.0,
          "score_mean": 30.517857142857142,
          "score_min": 9.142857142857142
        },
        "train": {
          "count": 4282,
          "score_max": 100.0,
          "score_mean": 29.61253086007874,
          "score_min": 6.571428571428571
        },
        "val": {
          "count": 476,
          "score_max": 100.0,
          "score_mean": 29.32052821128451,
          "score_min": 7.428571428571429
        }
      },
      "effective_bins": 10,
      "fallback_reason": null,
      "strategy": "global_plus_local_val",
      "stratification_used": true,
      "test_model_count": 464,
      "train_model_count": 4282,
      "val_model_count": 476,
      "val_split_method": "stratified",
      "valid_model_count": 5222,
      "warnings": []
    },
    "winogrande": {
      "diagnostics": {
        "test": {
          "count": 464,
          "score_max": 91.81494661921708,
          "score_mean": 72.85863296109952,
          "score_min": 43.77224199288256
        },
        "train": {
          "count": 5477,
          "score_max": 88.96797153024912,
          "score_mean": 69.15668694124962,
          "score_min": 39.50177935943061
        },
        "val": {
          "count": 609,
          "score_max": 91.10320284697508,
          "score_mean": 69.07712894950593,
          "score_min": 42.34875444839858
        }
      },
      "effective_bins": 10,
      "fallback_reason": null,
      "strategy": "global_plus_local_val",
      "stratification_used": true,
      "test_model_count": 464,
      "train_model_count": 5477,
      "val_model_count": 609,
      "val_split_method": "stratified",
      "valid_model_count": 6550,
      "warnings": []
    }
  },
  "counts": {
    "benchmark_count": 6,
    "global_test_enabled": true,
    "global_test_model_count": 464
  },
  "generated_at": "2026-04-19T23:43:13.107024+00:00",
  "global_test": {
    "assigned_test_count": 464,
    "assigned_train_pool_count": 4170,
    "diagnostics": {
      "benchmark_local_only": {
        "count": 2198,
        "score_max": null,
        "score_mean": null,
        "score_min": null
      },
      "test": {
        "count": 464,
        "score_max": 75.3713618464478,
        "score_mean": 56.46208671328921,
        "score_min": 16.22848022775903
      },
      "train_pool": {
        "count": 4170,
        "score_max": 78.8284618764734,
        "score_mean": 56.43735884407177,
        "score_min": 15.538270637045706
      }
    },
    "effective_bins": 10,
    "eligible_model_count": 4634,
    "enabled": true,
    "fallback_reason": null,
    "skip_reason": null,
    "split_method": "stratified",
    "stratification_used": true,
    "test_model_count": 464,
    "train_val_pool_count": 4170,
    "warnings": []
  },
  "warnings": []
}
