{
  "backend": "pygam",
  "best_holdout_rmse": 0.607736308083006,
  "best_lam": 0.1,
  "best_max_val_rmse": 0.7246241170472127,
  "best_mean_baseline_val_rmse": 21.502659100295908,
  "best_mean_val_rmse": 0.6852499516586936,
  "best_model_metadata": {
    "backend": "pygam",
    "benchiq_version": "0.1.0a0",
    "cv_folds": 5,
    "feature_names": [
      "theta_b",
      "theta_se_b",
      "sub_b",
      "lin_b"
    ],
    "fit_statistics": {
      "aic": 8853.579778625995,
      "edof": 24.444645102549643,
      "gcv": 0.4657226912213083,
      "loglikelihood": -4401.345244210448,
      "pseudo_r2": {
        "McFadden": 0.0020487082958149548,
        "McFadden_adj": 0.9979399133767803,
        "explained_deviance": 0.9990089927399296
      },
      "scale": 0.6789219816213281
    },
    "fit_warnings": [],
    "model_hyperparameters": {
      "fit_intercept": true,
      "lam": 0.1,
      "max_iter": 100,
      "terms": "s(0) + s(1) + s(2) + s(3) + intercept",
      "tol": 0.0001
    },
    "n_features": 4,
    "n_splines": 10,
    "pickle_protocol": 5,
    "pygam_version": "0.12.0",
    "python_version": "3.14.4",
    "selected_lam": 0.1,
    "selection_metric": "rmse",
    "skipped_lam_settings": [],
    "target_name": "score_full_b",
    "test_row_count": 462,
    "train_row_count": 4278
  },
  "cv_folds": 5,
  "holdout_row_count": 462,
  "lam_grid": [
    0.1,
    1.0
  ],
  "lam_summaries": [
    {
      "fold_count": 5,
      "lam": 0.1,
      "max_val_rmse": 0.7246241170472127,
      "mean_baseline_val_rmse": 21.502659100295908,
      "mean_test_rmse": 0.608896324511514,
      "mean_val_rmse": 0.6852499516586936
    },
    {
      "fold_count": 5,
      "lam": 1.0,
      "max_val_rmse": 0.7316814084120349,
      "mean_baseline_val_rmse": 21.502659100295908,
      "mean_test_rmse": 0.6226345512069185,
      "mean_val_rmse": 0.6945912397064941
    }
  ],
  "selection_metric": "rmse",
  "skipped_lam_settings": []
}
