{
  "backend": "pygam",
  "best_holdout_rmse": 6.688908392921153,
  "best_lam": 1.0,
  "best_max_val_rmse": 17.0098390388581,
  "best_mean_baseline_val_rmse": 26.804495469300207,
  "best_mean_val_rmse": 14.680577457921714,
  "best_model_metadata": {
    "backend": "pygam",
    "benchiq_version": "0.1.0a0",
    "cv_folds": 3,
    "feature_names": [
      "theta_b",
      "theta_se_b",
      "sub_b",
      "lin_b"
    ],
    "fit_statistics": {
      "aic": 399.941727990917,
      "edof": 5.2625095314170265,
      "gcv": 259.84406640593437,
      "loglikelihood": -193.70835446404146,
      "pseudo_r2": {
        "McFadden": 0.77068745537053,
        "McFadden_adj": 0.20837514060860296,
        "explained_deviance": 0.7295276371922869
      },
      "scale": 14.461211447142064
    },
    "fit_warnings": [],
    "model_hyperparameters": {
      "fit_intercept": true,
      "lam": 1.0,
      "max_iter": 100,
      "terms": "s(0) + s(1) + s(2) + s(3) + intercept",
      "tol": 0.0001
    },
    "n_features": 4,
    "n_splines": 5,
    "pickle_protocol": 5,
    "pygam_version": "0.12.0",
    "python_version": "3.14.4",
    "selected_lam": 1.0,
    "selection_metric": "rmse",
    "skipped_lam_settings": [],
    "target_name": "score_full_b",
    "test_row_count": 6,
    "train_row_count": 48
  },
  "cv_folds": 3,
  "holdout_row_count": 6,
  "lam_grid": [
    0.1,
    1.0
  ],
  "lam_summaries": [
    {
      "fold_count": 3,
      "lam": 0.1,
      "max_val_rmse": 17.012934159874835,
      "mean_baseline_val_rmse": 26.804495469300207,
      "mean_test_rmse": 7.680521919791954,
      "mean_val_rmse": 14.817963544094631
    },
    {
      "fold_count": 3,
      "lam": 1.0,
      "max_val_rmse": 17.0098390388581,
      "mean_baseline_val_rmse": 26.804495469300207,
      "mean_test_rmse": 7.33486014407314,
      "mean_val_rmse": 14.680577457921714
    }
  ],
  "selection_metric": "rmse",
  "skipped_lam_settings": []
}
