{
  "backend": "pygam",
  "best_holdout_rmse": 0.7702774150536753,
  "best_lam": 0.1,
  "best_max_val_rmse": 0.9086072734707225,
  "best_mean_baseline_val_rmse": 16.701194739982345,
  "best_mean_val_rmse": 0.8735997531893849,
  "best_model_metadata": {
    "backend": "pygam",
    "benchiq_version": "0.1.0a0",
    "cv_folds": 5,
    "feature_names": [
      "theta_b",
      "theta_se_b",
      "sub_b",
      "lin_b"
    ],
    "fit_statistics": {
      "aic": 10958.484408412043,
      "edof": 22.79647186189087,
      "gcv": 0.7610555979092807,
      "loglikelihood": -5455.445732344131,
      "pseudo_r2": {
        "McFadden": 0.0068679743905318775,
        "McFadden_adj": 0.9931033266556845,
        "explained_deviance": 0.9973096186756053
      },
      "scale": 0.8681940440132941
    },
    "fit_warnings": [],
    "model_hyperparameters": {
      "fit_intercept": true,
      "lam": 0.1,
      "max_iter": 100,
      "terms": "s(0) + s(1) + s(2) + s(3) + intercept",
      "tol": 0.0001
    },
    "n_features": 4,
    "n_splines": 10,
    "pickle_protocol": 5,
    "pygam_version": "0.12.0",
    "python_version": "3.14.4",
    "selected_lam": 0.1,
    "selection_metric": "rmse",
    "skipped_lam_settings": [],
    "target_name": "score_full_b",
    "test_row_count": 464,
    "train_row_count": 4279
  },
  "cv_folds": 5,
  "holdout_row_count": 464,
  "lam_grid": [
    0.1,
    1.0
  ],
  "lam_summaries": [
    {
      "fold_count": 5,
      "lam": 0.1,
      "max_val_rmse": 0.9086072734707225,
      "mean_baseline_val_rmse": 16.701194739982345,
      "mean_test_rmse": 0.7708126014046272,
      "mean_val_rmse": 0.8735997531893849
    },
    {
      "fold_count": 5,
      "lam": 1.0,
      "max_val_rmse": 0.9117553402438032,
      "mean_baseline_val_rmse": 16.701194739982345,
      "mean_test_rmse": 0.7742846571836234,
      "mean_val_rmse": 0.8742471705073818
    }
  ],
  "selection_metric": "rmse",
  "skipped_lam_settings": []
}
