{
  "backend": "pygam",
  "best_holdout_rmse": 1.3263512745532657,
  "best_lam": 0.1,
  "best_max_val_rmse": 1.1522647795250198,
  "best_mean_baseline_val_rmse": 26.551901939411323,
  "best_mean_val_rmse": 1.1236723906539852,
  "best_model_metadata": {
    "backend": "pygam",
    "benchiq_version": "0.1.0a0",
    "cv_folds": 5,
    "feature_names": [
      "theta_b",
      "theta_se_b",
      "sub_b",
      "lin_b"
    ],
    "fit_statistics": {
      "aic": 15470.900111896131,
      "edof": 24.80559352360257,
      "gcv": 1.2691837275755427,
      "loglikelihood": -7709.644462424463,
      "pseudo_r2": {
        "McFadden": 0.005446010237427298,
        "McFadden_adj": 0.994536467357106,
        "explained_deviance": 0.9982238964466134
      },
      "scale": 1.1215764075991561
    },
    "fit_warnings": [],
    "model_hyperparameters": {
      "fit_intercept": true,
      "lam": 0.1,
      "max_iter": 100,
      "terms": "s(0) + s(1) + s(2) + s(3) + intercept",
      "tol": 0.0001
    },
    "n_features": 4,
    "n_splines": 10,
    "pickle_protocol": 5,
    "pygam_version": "0.12.0",
    "python_version": "3.14.4",
    "selected_lam": 0.1,
    "selection_metric": "rmse",
    "skipped_lam_settings": [],
    "target_name": "score_full_b",
    "test_row_count": 461,
    "train_row_count": 5035
  },
  "cv_folds": 5,
  "holdout_row_count": 461,
  "lam_grid": [
    0.1,
    1.0
  ],
  "lam_summaries": [
    {
      "fold_count": 5,
      "lam": 0.1,
      "max_val_rmse": 1.1522647795250198,
      "mean_baseline_val_rmse": 26.551901939411323,
      "mean_test_rmse": 1.3262507403227062,
      "mean_val_rmse": 1.1236723906539852
    },
    {
      "fold_count": 5,
      "lam": 1.0,
      "max_val_rmse": 1.1600780478805597,
      "mean_baseline_val_rmse": 26.551901939411323,
      "mean_test_rmse": 1.32075253419106,
      "mean_val_rmse": 1.1316259126537016
    }
  ],
  "selection_metric": "rmse",
  "skipped_lam_settings": []
}
