{
  "backend": "pygam",
  "best_holdout_rmse": 0.5166690681119107,
  "best_lam": 0.1,
  "best_max_val_rmse": 0.5557028317208362,
  "best_mean_baseline_val_rmse": 15.957134159392558,
  "best_mean_val_rmse": 0.492879132474469,
  "best_model_metadata": {
    "backend": "pygam",
    "benchiq_version": "0.1.0a0",
    "cv_folds": 5,
    "feature_names": [
      "theta_arc",
      "theta_gsm8k",
      "theta_hellaswag",
      "theta_mmlu",
      "theta_se_b",
      "theta_truthfulqa",
      "theta_winogrande",
      "sub_b",
      "grand_sub",
      "lin_b",
      "grand_lin"
    ],
    "fit_statistics": {
      "aic": 5148.252572532748,
      "edof": 69.96807626509953,
      "gcv": 0.23647671865145323,
      "loglikelihood": -2503.1582100012743,
      "pseudo_r2": {
        "McFadden": 0.0012013155758843572,
        "McFadden_adj": 0.9987651053480924,
        "explained_deviance": 0.9991219346573353
      },
      "scale": 0.47801824149275296
    },
    "fit_warnings": [],
    "model_hyperparameters": {
      "fit_intercept": true,
      "lam": 0.1,
      "max_iter": 100,
      "terms": "s(0) + s(1) + s(2) + s(3) + s(4) + s(5) + s(6) + s(7) + s(8) + s(9) + s(10) + intercept",
      "tol": 0.0001
    },
    "n_features": 11,
    "n_splines": 10,
    "pickle_protocol": 5,
    "pygam_version": "0.12.0",
    "python_version": "3.14.4",
    "selected_lam": 0.1,
    "selection_metric": "rmse",
    "skipped_lam_settings": [],
    "target_name": "score_full_b",
    "test_row_count": 461,
    "train_row_count": 3728
  },
  "cv_folds": 5,
  "holdout_row_count": 461,
  "lam_grid": [
    0.1,
    1.0
  ],
  "lam_summaries": [
    {
      "fold_count": 5,
      "lam": 0.1,
      "max_val_rmse": 0.5557028317208362,
      "mean_baseline_val_rmse": 15.957134159392558,
      "mean_test_rmse": 0.5192802236433985,
      "mean_val_rmse": 0.492879132474469
    },
    {
      "fold_count": 5,
      "lam": 1.0,
      "max_val_rmse": 0.5665879888238836,
      "mean_baseline_val_rmse": 15.957134159392558,
      "mean_test_rmse": 0.5215489812203218,
      "mean_val_rmse": 0.5017004581914948
    }
  ],
  "selection_metric": "rmse",
  "skipped_lam_settings": []
}
