{
  "backend": "pygam",
  "best_holdout_rmse": 1.0671196077271825,
  "best_lam": 0.1,
  "best_max_val_rmse": 1.0298611390232837,
  "best_mean_baseline_val_rmse": 16.81787897821498,
  "best_mean_val_rmse": 0.9901317310856641,
  "best_model_metadata": {
    "backend": "pygam",
    "benchiq_version": "0.1.0a0",
    "cv_folds": 5,
    "feature_names": [
      "theta_b",
      "theta_se_b",
      "sub_b",
      "lin_b"
    ],
    "fit_statistics": {
      "aic": 12065.730162036356,
      "edof": 23.968936032734774,
      "gcv": 0.9853855477733027,
      "loglikelihood": -6007.896144985443,
      "pseudo_r2": {
        "McFadden": 0.009619775544626603,
        "McFadden_adj": 0.9903418456653421,
        "explained_deviance": 0.9965713452851409
      },
      "scale": 0.9876524925549719
    },
    "fit_warnings": [],
    "model_hyperparameters": {
      "fit_intercept": true,
      "lam": 0.1,
      "max_iter": 100,
      "terms": "s(0) + s(1) + s(2) + s(3) + intercept",
      "tol": 0.0001
    },
    "n_features": 4,
    "n_splines": 10,
    "pickle_protocol": 5,
    "pygam_version": "0.12.0",
    "python_version": "3.14.4",
    "selected_lam": 0.1,
    "selection_metric": "rmse",
    "skipped_lam_settings": [],
    "target_name": "score_full_b",
    "test_row_count": 463,
    "train_row_count": 4280
  },
  "cv_folds": 5,
  "holdout_row_count": 463,
  "lam_grid": [
    0.1,
    1.0
  ],
  "lam_summaries": [
    {
      "fold_count": 5,
      "lam": 0.1,
      "max_val_rmse": 1.0298611390232837,
      "mean_baseline_val_rmse": 16.81787897821498,
      "mean_test_rmse": 1.066912822131193,
      "mean_val_rmse": 0.9901317310856641
    },
    {
      "fold_count": 5,
      "lam": 1.0,
      "max_val_rmse": 1.0356168395101308,
      "mean_baseline_val_rmse": 16.81787897821498,
      "mean_test_rmse": 1.0719776961192855,
      "mean_val_rmse": 0.9930869421321489
    }
  ],
  "selection_metric": "rmse",
  "skipped_lam_settings": []
}
