{
  "backend": "pygam",
  "best_holdout_rmse": 12.71803276182826,
  "best_lam": 1.0,
  "best_max_val_rmse": 18.34389843344662,
  "best_mean_baseline_val_rmse": 27.863495366455325,
  "best_mean_val_rmse": 16.255637519206143,
  "best_model_metadata": {
    "backend": "pygam",
    "benchiq_version": "0.1.0a0",
    "cv_folds": 3,
    "feature_names": [
      "theta_b1",
      "theta_b2",
      "theta_b3",
      "theta_se_b",
      "sub_b",
      "grand_sub",
      "lin_b",
      "grand_lin"
    ],
    "fit_statistics": {
      "aic": 391.41106919548787,
      "edof": 10.177930307257128,
      "gcv": 251.86496766669163,
      "loglikelihood": -184.5276042904868,
      "pseudo_r2": {
        "McFadden": 0.655506312757861,
        "McFadden_adj": 0.30833813429454915,
        "explained_deviance": 0.8368153828036491
      },
      "scale": 12.571177121798408
    },
    "fit_warnings": [],
    "model_hyperparameters": {
      "fit_intercept": true,
      "lam": 1.0,
      "max_iter": 100,
      "terms": "s(0) + s(1) + s(2) + s(3) + s(4) + s(5) + s(6) + s(7) + intercept",
      "tol": 0.0001
    },
    "n_features": 8,
    "n_splines": 5,
    "pickle_protocol": 5,
    "pygam_version": "0.12.0",
    "python_version": "3.14.4",
    "selected_lam": 1.0,
    "selection_metric": "rmse",
    "skipped_lam_settings": [],
    "target_name": "score_full_b",
    "test_row_count": 6,
    "train_row_count": 48
  },
  "cv_folds": 3,
  "holdout_row_count": 6,
  "lam_grid": [
    0.1,
    1.0
  ],
  "lam_summaries": [
    {
      "fold_count": 3,
      "lam": 0.1,
      "max_val_rmse": 18.95286847782345,
      "mean_baseline_val_rmse": 27.863495366455325,
      "mean_test_rmse": 14.56578662376466,
      "mean_val_rmse": 16.79742935564585
    },
    {
      "fold_count": 3,
      "lam": 1.0,
      "max_val_rmse": 18.34389843344662,
      "mean_baseline_val_rmse": 27.863495366455325,
      "mean_test_rmse": 13.852919549293532,
      "mean_val_rmse": 16.255637519206143
    }
  ],
  "selection_metric": "rmse",
  "skipped_lam_settings": []
}
