{
  "backend": "pygam",
  "best_holdout_rmse": 1.3202236600169641,
  "best_lam": 0.1,
  "best_max_val_rmse": 1.1624804222101688,
  "best_mean_baseline_val_rmse": 26.556857749246014,
  "best_mean_val_rmse": 1.1313785713431883,
  "best_model_metadata": {
    "backend": "pygam",
    "benchiq_version": "0.1.0a0",
    "cv_folds": 5,
    "feature_names": [
      "theta_b",
      "theta_se_b",
      "sub_b",
      "lin_b"
    ],
    "fit_statistics": {
      "aic": 15569.221412425117,
      "edof": 24.88671958371311,
      "gcv": 1.2878878639104854,
      "loglikelihood": -7758.7239866288455,
      "pseudo_r2": {
        "McFadden": 0.0055493522560963555,
        "McFadden_adj": 0.9944328477585315,
        "explained_deviance": 0.9981986578842147
      },
      "scale": 1.1298021164470082
    },
    "fit_warnings": [],
    "model_hyperparameters": {
      "fit_intercept": true,
      "lam": 0.1,
      "max_iter": 100,
      "terms": "s(0) + s(1) + s(2) + s(3) + intercept",
      "tol": 0.0001
    },
    "n_features": 4,
    "n_splines": 10,
    "pickle_protocol": 5,
    "pygam_version": "0.12.0",
    "python_version": "3.14.4",
    "selected_lam": 0.1,
    "selection_metric": "rmse",
    "skipped_lam_settings": [],
    "target_name": "score_full_b",
    "test_row_count": 464,
    "train_row_count": 5043
  },
  "cv_folds": 5,
  "holdout_row_count": 464,
  "lam_grid": [
    0.1,
    1.0
  ],
  "lam_summaries": [
    {
      "fold_count": 5,
      "lam": 0.1,
      "max_val_rmse": 1.1624804222101688,
      "mean_baseline_val_rmse": 26.556857749246014,
      "mean_test_rmse": 1.3212763221681076,
      "mean_val_rmse": 1.1313785713431883
    },
    {
      "fold_count": 5,
      "lam": 1.0,
      "max_val_rmse": 1.1669859016763473,
      "mean_baseline_val_rmse": 26.556857749246014,
      "mean_test_rmse": 1.3302857310445901,
      "mean_val_rmse": 1.1378487062562939
    }
  ],
  "selection_metric": "rmse",
  "skipped_lam_settings": []
}
