{
  "backend": "pygam",
  "best_holdout_rmse": 18.434243650378143,
  "best_lam": 1.0,
  "best_max_val_rmse": 18.82069638897338,
  "best_mean_baseline_val_rmse": 26.93217615114517,
  "best_mean_val_rmse": 16.165789219158768,
  "best_model_metadata": {
    "backend": "pygam",
    "benchiq_version": "0.1.0a0",
    "cv_folds": 3,
    "feature_names": [
      "theta_b1",
      "theta_b2",
      "theta_b3",
      "theta_se_b",
      "sub_b",
      "grand_sub",
      "lin_b",
      "grand_lin"
    ],
    "fit_statistics": {
      "aic": 401.9131033580683,
      "edof": 10.689308000633073,
      "gcv": 319.35381522842783,
      "loglikelihood": -189.2672436784011,
      "pseudo_r2": {
        "McFadden": 0.7378597626981005,
        "McFadden_adj": 0.2204678902466647,
        "explained_deviance": 0.7828160561639311
      },
      "scale": 13.949951084428008
    },
    "fit_warnings": [],
    "model_hyperparameters": {
      "fit_intercept": true,
      "lam": 1.0,
      "max_iter": 100,
      "terms": "s(0) + s(1) + s(2) + s(3) + s(4) + s(5) + s(6) + s(7) + intercept",
      "tol": 0.0001
    },
    "n_features": 8,
    "n_splines": 5,
    "pickle_protocol": 5,
    "pygam_version": "0.12.0",
    "python_version": "3.14.4",
    "selected_lam": 1.0,
    "selection_metric": "rmse",
    "skipped_lam_settings": [],
    "target_name": "score_full_b",
    "test_row_count": 6,
    "train_row_count": 48
  },
  "cv_folds": 3,
  "holdout_row_count": 6,
  "lam_grid": [
    0.1,
    1.0
  ],
  "lam_summaries": [
    {
      "fold_count": 3,
      "lam": 0.1,
      "max_val_rmse": 19.984685442872024,
      "mean_baseline_val_rmse": 26.93217615114517,
      "mean_test_rmse": 18.751201034602847,
      "mean_val_rmse": 17.21672045229189
    },
    {
      "fold_count": 3,
      "lam": 1.0,
      "max_val_rmse": 18.82069638897338,
      "mean_baseline_val_rmse": 26.93217615114517,
      "mean_test_rmse": 18.70476470658397,
      "mean_val_rmse": 16.165789219158768
    }
  ],
  "selection_metric": "rmse",
  "skipped_lam_settings": []
}
