{
  "backend": "pygam",
  "best_holdout_rmse": 7.36488912198793,
  "best_lam": 1.0,
  "best_max_val_rmse": 7.9119386374477925,
  "best_mean_baseline_val_rmse": 13.954645169863017,
  "best_mean_val_rmse": 6.748146308857682,
  "best_model_metadata": {
    "backend": "pygam",
    "benchiq_version": "0.1.0a0",
    "cv_folds": 5,
    "feature_names": [
      "theta_b",
      "theta_se_b",
      "sub_b",
      "lin_b"
    ],
    "fit_statistics": {
      "aic": 1047.0119453368272,
      "edof": 9.519658334474716,
      "gcv": 48.06159400841121,
      "loglikelihood": -512.9863143339389,
      "pseudo_r2": {
        "McFadden": 0.647932531894955,
        "McFadden_adj": 0.34004356774926303,
        "explained_deviance": 0.7907972459846714
      },
      "scale": 6.545695144603922
    },
    "fit_warnings": [],
    "model_hyperparameters": {
      "fit_intercept": true,
      "lam": 1.0,
      "max_iter": 100,
      "terms": "s(0) + s(1) + s(2) + s(3) + intercept",
      "tol": 0.0001
    },
    "n_features": 4,
    "n_splines": 8,
    "pickle_protocol": 5,
    "pygam_version": "0.12.0",
    "python_version": "3.14.4",
    "selected_lam": 1.0,
    "selection_metric": "rmse",
    "skipped_lam_settings": [],
    "target_name": "score_full_b",
    "test_row_count": 22,
    "train_row_count": 157
  },
  "cv_folds": 5,
  "holdout_row_count": 22,
  "lam_grid": [
    0.1,
    1.0
  ],
  "lam_summaries": [
    {
      "fold_count": 5,
      "lam": 0.1,
      "max_val_rmse": 7.981612963504002,
      "mean_baseline_val_rmse": 13.954645169863017,
      "mean_test_rmse": 7.410583560152093,
      "mean_val_rmse": 6.863210685933147
    },
    {
      "fold_count": 5,
      "lam": 1.0,
      "max_val_rmse": 7.9119386374477925,
      "mean_baseline_val_rmse": 13.954645169863017,
      "mean_test_rmse": 7.401199950681308,
      "mean_val_rmse": 6.748146308857682
    }
  ],
  "selection_metric": "rmse",
  "skipped_lam_settings": []
}
