{
  "backend": "pygam",
  "best_holdout_rmse": 0.9193626342779452,
  "best_lam": 0.1,
  "best_max_val_rmse": 0.9156057218746595,
  "best_mean_baseline_val_rmse": 16.65637809926085,
  "best_mean_val_rmse": 0.887982332450072,
  "best_model_metadata": {
    "backend": "pygam",
    "benchiq_version": "0.1.0a0",
    "cv_folds": 5,
    "feature_names": [
      "theta_b",
      "theta_se_b",
      "sub_b",
      "lin_b"
    ],
    "fit_statistics": {
      "aic": 11107.953449955787,
      "edof": 22.9550583900679,
      "gcv": 0.7895723724192122,
      "loglikelihood": -5530.021666587825,
      "pseudo_r2": {
        "McFadden": 0.00726160752064102,
        "McFadden_adj": 0.9927082496273609,
        "explained_deviance": 0.9971950751970071
      },
      "scale": 0.8842773170123551
    },
    "fit_warnings": [],
    "model_hyperparameters": {
      "fit_intercept": true,
      "lam": 0.1,
      "max_iter": 100,
      "terms": "s(0) + s(1) + s(2) + s(3) + intercept",
      "tol": 0.0001
    },
    "n_features": 4,
    "n_splines": 10,
    "pickle_protocol": 5,
    "pygam_version": "0.12.0",
    "python_version": "3.14.4",
    "selected_lam": 0.1,
    "selection_metric": "rmse",
    "skipped_lam_settings": [],
    "target_name": "score_full_b",
    "test_row_count": 462,
    "train_row_count": 4276
  },
  "cv_folds": 5,
  "holdout_row_count": 462,
  "lam_grid": [
    0.1,
    1.0
  ],
  "lam_summaries": [
    {
      "fold_count": 5,
      "lam": 0.1,
      "max_val_rmse": 0.9156057218746595,
      "mean_baseline_val_rmse": 16.65637809926085,
      "mean_test_rmse": 0.9202688230299525,
      "mean_val_rmse": 0.887982332450072
    },
    {
      "fold_count": 5,
      "lam": 1.0,
      "max_val_rmse": 0.9157090892813754,
      "mean_baseline_val_rmse": 16.65637809926085,
      "mean_test_rmse": 0.9263787438341333,
      "mean_val_rmse": 0.8892363223188559
    }
  ],
  "selection_metric": "rmse",
  "skipped_lam_settings": []
}
