{
  "backend": "pygam",
  "best_holdout_rmse": 0.8114733564216193,
  "best_lam": 0.1,
  "best_max_val_rmse": 0.9599260231224904,
  "best_mean_baseline_val_rmse": 11.408953802546646,
  "best_mean_val_rmse": 0.8781689973348037,
  "best_model_metadata": {
    "backend": "pygam",
    "benchiq_version": "0.1.0a0",
    "cv_folds": 5,
    "feature_names": [
      "theta_b",
      "theta_se_b",
      "sub_b",
      "lin_b"
    ],
    "fit_statistics": {
      "aic": 14058.081243429324,
      "edof": 24.038699701047328,
      "gcv": 0.7663808545734322,
      "loglikelihood": -7004.001922013615,
      "pseudo_r2": {
        "McFadden": 0.014817609148366995,
        "McFadden_adj": 0.9851315347752682,
        "explained_deviance": 0.99418344961294
      },
      "scale": 0.8719657140818239
    },
    "fit_warnings": [],
    "model_hyperparameters": {
      "fit_intercept": true,
      "lam": 0.1,
      "max_iter": 100,
      "terms": "s(0) + s(1) + s(2) + s(3) + intercept",
      "tol": 0.0001
    },
    "n_features": 4,
    "n_splines": 10,
    "pickle_protocol": 5,
    "pygam_version": "0.12.0",
    "python_version": "3.14.4",
    "selected_lam": 0.1,
    "selection_metric": "rmse",
    "skipped_lam_settings": [],
    "target_name": "score_full_b",
    "test_row_count": 462,
    "train_row_count": 5473
  },
  "cv_folds": 5,
  "holdout_row_count": 462,
  "lam_grid": [
    0.1,
    1.0
  ],
  "lam_summaries": [
    {
      "fold_count": 5,
      "lam": 0.1,
      "max_val_rmse": 0.9599260231224904,
      "mean_baseline_val_rmse": 11.408953802546646,
      "mean_test_rmse": 0.810782715644001,
      "mean_val_rmse": 0.8781689973348037
    },
    {
      "fold_count": 5,
      "lam": 1.0,
      "max_val_rmse": 0.9643662154208124,
      "mean_baseline_val_rmse": 11.408953802546646,
      "mean_test_rmse": 0.8036281837758417,
      "mean_val_rmse": 0.8783988945862138
    }
  ],
  "selection_metric": "rmse",
  "skipped_lam_settings": []
}
