{
  "backend": "pygam",
  "best_holdout_rmse": 0.8668567309240015,
  "best_lam": 0.1,
  "best_max_val_rmse": 0.8476462616668601,
  "best_mean_baseline_val_rmse": 15.576740330095328,
  "best_mean_val_rmse": 0.8119525702326118,
  "best_model_metadata": {
    "backend": "pygam",
    "benchiq_version": "0.1.0a0",
    "cv_folds": 5,
    "feature_names": [
      "theta_b",
      "theta_se_b",
      "sub_b",
      "lin_b"
    ],
    "fit_statistics": {
      "aic": 10358.138061917423,
      "edof": 20.225556538922582,
      "gcv": 0.6603590956346469,
      "loglikelihood": -5157.843474419789,
      "pseudo_r2": {
        "McFadden": 0.0064801045508744185,
        "McFadden_adj": 0.9934944848833297,
        "explained_deviance": 0.9973132489756413
      },
      "scale": 0.8091635886339602
    },
    "fit_warnings": [],
    "model_hyperparameters": {
      "fit_intercept": true,
      "lam": 0.1,
      "max_iter": 100,
      "terms": "s(0) + s(1) + s(2) + s(3) + intercept",
      "tol": 0.0001
    },
    "n_features": 4,
    "n_splines": 10,
    "pickle_protocol": 5,
    "pygam_version": "0.12.0",
    "python_version": "3.14.4",
    "selected_lam": 0.1,
    "selection_metric": "rmse",
    "skipped_lam_settings": [],
    "target_name": "score_full_b",
    "test_row_count": 463,
    "train_row_count": 4281
  },
  "cv_folds": 5,
  "holdout_row_count": 463,
  "lam_grid": [
    0.1,
    1.0
  ],
  "lam_summaries": [
    {
      "fold_count": 5,
      "lam": 0.1,
      "max_val_rmse": 0.8476462616668601,
      "mean_baseline_val_rmse": 15.576740330095328,
      "mean_test_rmse": 0.8675557118496702,
      "mean_val_rmse": 0.8119525702326118
    },
    {
      "fold_count": 5,
      "lam": 1.0,
      "max_val_rmse": 0.8479165534138141,
      "mean_baseline_val_rmse": 15.576740330095328,
      "mean_test_rmse": 0.8694909808648923,
      "mean_val_rmse": 0.8130398467815322
    }
  ],
  "selection_metric": "rmse",
  "skipped_lam_settings": []
}
