{
  "backend": "pygam",
  "best_holdout_rmse": 11.371918018123344,
  "best_lam": 1.0,
  "best_max_val_rmse": 10.33083540746875,
  "best_mean_baseline_val_rmse": 13.77422763876742,
  "best_mean_val_rmse": 9.804983327580718,
  "best_model_metadata": {
    "backend": "pygam",
    "benchiq_version": "0.1.0a0",
    "cv_folds": 5,
    "feature_names": [
      "theta_b",
      "theta_se_b",
      "sub_b",
      "lin_b"
    ],
    "fit_statistics": {
      "aic": 1766.9496348519203,
      "edof": 9.655763951158637,
      "gcv": 94.70159648483333,
      "loglikelihood": -872.8190534748015,
      "pseudo_r2": {
        "McFadden": 0.856921812605386,
        "McFadden_adj": 0.13359829037108328,
        "explained_deviance": 0.5585662157881495
      },
      "scale": 9.37384812685134
    },
    "fit_warnings": [],
    "model_hyperparameters": {
      "fit_intercept": true,
      "lam": 1.0,
      "max_iter": 100,
      "terms": "s(0) + s(1) + s(2) + s(3) + intercept",
      "tol": 0.0001
    },
    "n_features": 4,
    "n_splines": 8,
    "pickle_protocol": 5,
    "pygam_version": "0.12.0",
    "python_version": "3.14.4",
    "selected_lam": 1.0,
    "selection_metric": "rmse",
    "skipped_lam_settings": [],
    "target_name": "score_full_b",
    "test_row_count": 30,
    "train_row_count": 240
  },
  "cv_folds": 5,
  "holdout_row_count": 30,
  "lam_grid": [
    0.1,
    1.0
  ],
  "lam_summaries": [
    {
      "fold_count": 5,
      "lam": 0.1,
      "max_val_rmse": 10.427050435018923,
      "mean_baseline_val_rmse": 13.77422763876742,
      "mean_test_rmse": 11.375953111232793,
      "mean_val_rmse": 9.887028225868212
    },
    {
      "fold_count": 5,
      "lam": 1.0,
      "max_val_rmse": 10.33083540746875,
      "mean_baseline_val_rmse": 13.77422763876742,
      "mean_test_rmse": 11.443493323325892,
      "mean_val_rmse": 9.804983327580718
    }
  ],
  "selection_metric": "rmse",
  "skipped_lam_settings": []
}
