{
  "backend": "pygam",
  "best_holdout_rmse": 7.1825582249415,
  "best_lam": 1.0,
  "best_max_val_rmse": 10.397459778626523,
  "best_mean_baseline_val_rmse": 14.555794197949684,
  "best_mean_val_rmse": 9.720924449382267,
  "best_model_metadata": {
    "backend": "pygam",
    "benchiq_version": "0.1.0a0",
    "cv_folds": 5,
    "feature_names": [
      "theta_b",
      "theta_se_b",
      "sub_b",
      "lin_b"
    ],
    "fit_statistics": {
      "aic": 1709.398573826768,
      "edof": 9.671964467657372,
      "gcv": 98.45794071818031,
      "loglikelihood": -844.0273224457266,
      "pseudo_r2": {
        "McFadden": 0.8437487778722721,
        "McFadden_adj": 0.1465824495866178,
        "explained_deviance": 0.5854765148464698
      },
      "scale": 9.542871037255386
    },
    "fit_warnings": [],
    "model_hyperparameters": {
      "fit_intercept": true,
      "lam": 1.0,
      "max_iter": 100,
      "terms": "s(0) + s(1) + s(2) + s(3) + intercept",
      "tol": 0.0001
    },
    "n_features": 4,
    "n_splines": 8,
    "pickle_protocol": 5,
    "pygam_version": "0.12.0",
    "python_version": "3.14.4",
    "selected_lam": 1.0,
    "selection_metric": "rmse",
    "skipped_lam_settings": [],
    "target_name": "score_full_b",
    "test_row_count": 27,
    "train_row_count": 231
  },
  "cv_folds": 5,
  "holdout_row_count": 27,
  "lam_grid": [
    0.1,
    1.0
  ],
  "lam_summaries": [
    {
      "fold_count": 5,
      "lam": 0.1,
      "max_val_rmse": 10.273348340338053,
      "mean_baseline_val_rmse": 14.555794197949684,
      "mean_test_rmse": 7.22367610481336,
      "mean_val_rmse": 9.722032376174862
    },
    {
      "fold_count": 5,
      "lam": 1.0,
      "max_val_rmse": 10.397459778626523,
      "mean_baseline_val_rmse": 14.555794197949684,
      "mean_test_rmse": 7.24149340420731,
      "mean_val_rmse": 9.720924449382267
    }
  ],
  "selection_metric": "rmse",
  "skipped_lam_settings": []
}
