{
  "benchmark_id": "b3",
  "generated_at": "2026-04-17T23:35:44.485934+00:00",
  "joint": {
    "available_row_count": 60,
    "benchmark_id": "b3",
    "cv_report": {
      "backend": "pygam",
      "best_holdout_rmse": 6.220380170336077,
      "best_lam": 0.1,
      "best_max_val_rmse": 15.284880808310946,
      "best_mean_baseline_val_rmse": 26.70381093479756,
      "best_mean_val_rmse": 14.707730085116397,
      "best_model_metadata": {
        "backend": "pygam",
        "benchiq_version": "0.1.0a0",
        "cv_folds": 3,
        "feature_names": [
          "theta_b1",
          "theta_b2",
          "theta_b3",
          "theta_se_b",
          "sub_b",
          "grand_sub",
          "lin_b",
          "grand_lin"
        ],
        "fit_statistics": {
          "aic": 386.7279007833183,
          "edof": 12.703010194767165,
          "gcv": 252.37376826582602,
          "loglikelihood": -179.660940196892,
          "pseudo_r2": {
            "McFadden": 0.6337242824905551,
            "McFadden_adj": 0.321467947872223,
            "explained_deviance": 0.8547302180755256
          },
          "scale": 11.661825665592039
        },
        "fit_warnings": [],
        "model_hyperparameters": {
          "fit_intercept": true,
          "lam": 0.1,
          "max_iter": 100,
          "terms": "s(0) + s(1) + s(2) + s(3) + s(4) + s(5) + s(6) + s(7) + intercept",
          "tol": 0.0001
        },
        "n_features": 8,
        "n_splines": 5,
        "pickle_protocol": 5,
        "pygam_version": "0.12.0",
        "python_version": "3.14.4",
        "selected_lam": 0.1,
        "selection_metric": "rmse",
        "skipped_lam_settings": [],
        "target_name": "score_full_b",
        "test_row_count": 6,
        "train_row_count": 48
      },
      "cv_folds": 3,
      "holdout_row_count": 6,
      "lam_grid": [
        0.1,
        1.0
      ],
      "lam_summaries": [
        {
          "fold_count": 3,
          "lam": 0.1,
          "max_val_rmse": 15.284880808310946,
          "mean_baseline_val_rmse": 26.70381093479756,
          "mean_test_rmse": 6.612769840560863,
          "mean_val_rmse": 14.707730085116397
        },
        {
          "fold_count": 3,
          "lam": 1.0,
          "max_val_rmse": 16.197889651648392,
          "mean_baseline_val_rmse": 26.70381093479756,
          "mean_test_rmse": 6.846871018936515,
          "mean_val_rmse": 14.87568197519935
        }
      ],
      "selection_metric": "rmse",
      "skipped_lam_settings": []
    },
    "feature_columns": [
      "theta_b1",
      "theta_b2",
      "theta_b3",
      "theta_se_b",
      "sub_b",
      "grand_sub",
      "lin_b",
      "grand_lin"
    ],
    "metrics": {
      "test": {
        "baseline_mae": 17.65873015873016,
        "baseline_rmse": 19.929367908075246,
        "mae": 5.0127592666330525,
        "pearson_r": 0.972307992082277,
        "rmse": 6.220380170336077,
        "row_count": 6,
        "spearman_r": 0.9558823529411764
      },
      "train": {
        "baseline_mae": 21.32936507936508,
        "baseline_rmse": 26.237781953016892,
        "mae": 8.096086888937476,
        "pearson_r": 0.9245611945358667,
        "rmse": 10.000339887209478,
        "row_count": 48,
        "spearman_r": 0.9241107407305199
      },
      "val": {
        "baseline_mae": 20.03968253968254,
        "baseline_rmse": 23.517555077545726,
        "mae": 11.298278493323087,
        "pearson_r": 0.849965048162282,
        "rmse": 15.39040102393018,
        "row_count": 6,
        "spearman_r": 0.898645105261295
      }
    },
    "model_type": "joint",
    "skip_reason": null,
    "skipped": false,
    "split_counts": {
      "test": 6,
      "train": 48,
      "val": 6
    },
    "test_row_count": 6,
    "train_row_count": 48,
    "val_row_count": 6
  },
  "marginal": {
    "available_row_count": 60,
    "benchmark_id": "b3",
    "cv_report": {
      "backend": "pygam",
      "best_holdout_rmse": 6.688908392921153,
      "best_lam": 1.0,
      "best_max_val_rmse": 17.0098390388581,
      "best_mean_baseline_val_rmse": 26.804495469300207,
      "best_mean_val_rmse": 14.680577457921714,
      "best_model_metadata": {
        "backend": "pygam",
        "benchiq_version": "0.1.0a0",
        "cv_folds": 3,
        "feature_names": [
          "theta_b",
          "theta_se_b",
          "sub_b",
          "lin_b"
        ],
        "fit_statistics": {
          "aic": 399.941727990917,
          "edof": 5.2625095314170265,
          "gcv": 259.84406640593437,
          "loglikelihood": -193.70835446404146,
          "pseudo_r2": {
            "McFadden": 0.77068745537053,
            "McFadden_adj": 0.20837514060860296,
            "explained_deviance": 0.7295276371922869
          },
          "scale": 14.461211447142064
        },
        "fit_warnings": [],
        "model_hyperparameters": {
          "fit_intercept": true,
          "lam": 1.0,
          "max_iter": 100,
          "terms": "s(0) + s(1) + s(2) + s(3) + intercept",
          "tol": 0.0001
        },
        "n_features": 4,
        "n_splines": 5,
        "pickle_protocol": 5,
        "pygam_version": "0.12.0",
        "python_version": "3.14.4",
        "selected_lam": 1.0,
        "selection_metric": "rmse",
        "skipped_lam_settings": [],
        "target_name": "score_full_b",
        "test_row_count": 6,
        "train_row_count": 48
      },
      "cv_folds": 3,
      "holdout_row_count": 6,
      "lam_grid": [
        0.1,
        1.0
      ],
      "lam_summaries": [
        {
          "fold_count": 3,
          "lam": 0.1,
          "max_val_rmse": 17.012934159874835,
          "mean_baseline_val_rmse": 26.804495469300207,
          "mean_test_rmse": 7.680521919791954,
          "mean_val_rmse": 14.817963544094631
        },
        {
          "fold_count": 3,
          "lam": 1.0,
          "max_val_rmse": 17.0098390388581,
          "mean_baseline_val_rmse": 26.804495469300207,
          "mean_test_rmse": 7.33486014407314,
          "mean_val_rmse": 14.680577457921714
        }
      ],
      "selection_metric": "rmse",
      "skipped_lam_settings": []
    },
    "feature_columns": [
      "theta_b",
      "theta_se_b",
      "sub_b",
      "lin_b"
    ],
    "metrics": {
      "test": {
        "baseline_mae": 17.65873015873016,
        "baseline_rmse": 19.929367908075246,
        "mae": 5.428030850402702,
        "pearson_r": 0.9578566658364416,
        "rmse": 6.688908392921153,
        "row_count": 6,
        "spearman_r": 0.954863710632231
      },
      "train": {
        "baseline_mae": 21.32936507936508,
        "baseline_rmse": 26.237781953016892,
        "mae": 11.16718872111168,
        "pearson_r": 0.8541239356564935,
        "rmse": 13.645472108416554,
        "row_count": 48,
        "spearman_r": 0.843194605589528
      },
      "val": {
        "baseline_mae": 20.03968253968254,
        "baseline_rmse": 23.517555077545726,
        "mae": 12.828637170901393,
        "pearson_r": 0.8467965011692103,
        "rmse": 14.981310587403847,
        "row_count": 6,
        "spearman_r": 0.7700513795421217
      }
    },
    "model_type": "marginal",
    "skip_reason": null,
    "skipped": false,
    "split_counts": {
      "test": 6,
      "train": 48,
      "val": 6
    },
    "test_row_count": 6,
    "train_row_count": 48,
    "val_row_count": 6
  },
  "summary_rows": [
    {
      "baseline_mae": 21.32936507936508,
      "baseline_rmse": 26.237781953016892,
      "benchmark_id": "b3",
      "mae": 11.16718872111168,
      "model_type": "marginal",
      "pearson_r": 0.8541239356564935,
      "rmse": 13.645472108416554,
      "row_count": 48,
      "skip_reason": null,
      "skipped": false,
      "spearman_r": 0.843194605589528,
      "split": "train"
    },
    {
      "baseline_mae": 20.03968253968254,
      "baseline_rmse": 23.517555077545726,
      "benchmark_id": "b3",
      "mae": 12.828637170901393,
      "model_type": "marginal",