{
  "backend": "pygam",
  "best_holdout_rmse": 14.571565342421493,
  "best_lam": 1.0,
  "best_max_val_rmse": 14.77796476194496,
  "best_mean_baseline_val_rmse": 26.93217615114517,
  "best_mean_val_rmse": 14.271209041574908,
  "best_model_metadata": {
    "backend": "pygam",
    "benchiq_version": "0.1.0a0",
    "cv_folds": 3,
    "feature_names": [
      "theta_b1",
      "theta_b2",
      "theta_b3",
      "theta_se_b",
      "sub_b",
      "grand_sub",
      "lin_b",
      "grand_lin"
    ],
    "fit_statistics": {
      "aic": 395.28670864563907,
      "edof": 10.600097157077334,
      "gcv": 277.2582365501676,
      "loglikelihood": -186.0432571657422,
      "pseudo_r2": {
        "McFadden": 0.7000101459700662,
        "McFadden_adj": 0.26010571272180727,
        "explained_deviance": 0.8100156873782823
      },
      "scale": 13.031641171010868
    },
    "fit_warnings": [],
    "model_hyperparameters": {
      "fit_intercept": true,
      "lam": 1.0,
      "max_iter": 100,
      "terms": "s(0) + s(1) + s(2) + s(3) + s(4) + s(5) + s(6) + s(7) + intercept",
      "tol": 0.0001
    },
    "n_features": 8,
    "n_splines": 5,
    "pickle_protocol": 5,
    "pygam_version": "0.12.0",
    "python_version": "3.14.4",
    "selected_lam": 1.0,
    "selection_metric": "rmse",
    "skipped_lam_settings": [],
    "target_name": "score_full_b",
    "test_row_count": 6,
    "train_row_count": 48
  },
  "cv_folds": 3,
  "holdout_row_count": 6,
  "lam_grid": [
    0.1,
    1.0
  ],
  "lam_summaries": [
    {
      "fold_count": 3,
      "lam": 0.1,
      "max_val_rmse": 15.690510274613313,
      "mean_baseline_val_rmse": 26.93217615114517,
      "mean_test_rmse": 13.895143492427396,
      "mean_val_rmse": 14.628608117644413
    },
    {
      "fold_count": 3,
      "lam": 1.0,
      "max_val_rmse": 14.77796476194496,
      "mean_baseline_val_rmse": 26.93217615114517,
      "mean_test_rmse": 14.168929035544602,
      "mean_val_rmse": 14.271209041574908
    }
  ],
  "selection_metric": "rmse",
  "skipped_lam_settings": []
}
