{
  "backend": "pygam",
  "best_holdout_rmse": 0.8048895110120322,
  "best_lam": 0.1,
  "best_max_val_rmse": 0.9294518181825963,
  "best_mean_baseline_val_rmse": 11.433775510722025,
  "best_mean_val_rmse": 0.9046716053910574,
  "best_model_metadata": {
    "backend": "pygam",
    "benchiq_version": "0.1.0a0",
    "cv_folds": 5,
    "feature_names": [
      "theta_b",
      "theta_se_b",
      "sub_b",
      "lin_b"
    ],
    "fit_statistics": {
      "aic": 14395.94738043619,
      "edof": 24.197692631314126,
      "gcv": 0.8144182723877208,
      "loglikelihood": -7172.77599758678,
      "pseudo_r2": {
        "McFadden": 0.01603289797790627,
        "McFadden_adj": 0.9839130142968686,
        "explained_deviance": 0.993846898143003
      },
      "scale": 0.8988558289237413
    },
    "fit_warnings": [],
    "model_hyperparameters": {
      "fit_intercept": true,
      "lam": 0.1,
      "max_iter": 100,
      "terms": "s(0) + s(1) + s(2) + s(3) + intercept",
      "tol": 0.0001
    },
    "n_features": 4,
    "n_splines": 10,
    "pickle_protocol": 5,
    "pygam_version": "0.12.0",
    "python_version": "3.14.4",
    "selected_lam": 0.1,
    "selection_metric": "rmse",
    "skipped_lam_settings": [],
    "target_name": "score_full_b",
    "test_row_count": 463,
    "train_row_count": 5475
  },
  "cv_folds": 5,
  "holdout_row_count": 463,
  "lam_grid": [
    0.1,
    1.0
  ],
  "lam_summaries": [
    {
      "fold_count": 5,
      "lam": 0.1,
      "max_val_rmse": 0.9294518181825963,
      "mean_baseline_val_rmse": 11.433775510722025,
      "mean_test_rmse": 0.8052798420108385,
      "mean_val_rmse": 0.9046716053910574
    },
    {
      "fold_count": 5,
      "lam": 1.0,
      "max_val_rmse": 0.9342912959442423,
      "mean_baseline_val_rmse": 11.433775510722025,
      "mean_test_rmse": 0.8058575210051065,
      "mean_val_rmse": 0.9068987099640179
    }
  ],
  "selection_metric": "rmse",
  "skipped_lam_settings": []
}
