{
  "benchmark_id": "b2",
  "generated_at": "2026-04-17T23:35:47.619240+00:00",
  "joint": {
    "available_row_count": 60,
    "benchmark_id": "b2",
    "cv_report": {
      "backend": "pygam",
      "best_holdout_rmse": 15.111163426022681,
      "best_lam": 1.0,
      "best_max_val_rmse": 18.20257589961763,
      "best_mean_baseline_val_rmse": 26.096649370280897,
      "best_mean_val_rmse": 16.682925213897807,
      "best_model_metadata": {
        "backend": "pygam",
        "benchiq_version": "0.1.0a0",
        "cv_folds": 3,
        "feature_names": [
          "theta_b1",
          "theta_b2",
          "theta_b3",
          "theta_se_b",
          "sub_b",
          "grand_sub",
          "lin_b",
          "grand_lin"
        ],
        "fit_statistics": {
          "aic": 387.2023703093079,
          "edof": 10.52511406598959,
          "gcv": 233.63711739510967,
          "loglikelihood": -182.07607108866438,
          "pseudo_r2": {
            "McFadden": 0.6680671240417232,
            "McFadden_adj": 0.29331449715520685,
            "explained_deviance": 0.8284163363260364
          },
          "scale": 11.988520328959103
        },
        "fit_warnings": [],
        "model_hyperparameters": {
          "fit_intercept": true,
          "lam": 1.0,
          "max_iter": 100,
          "terms": "s(0) + s(1) + s(2) + s(3) + s(4) + s(5) + s(6) + s(7) + intercept",
          "tol": 0.0001
        },
        "n_features": 8,
        "n_splines": 5,
        "pickle_protocol": 5,
        "pygam_version": "0.12.0",
        "python_version": "3.14.4",
        "selected_lam": 1.0,
        "selection_metric": "rmse",
        "skipped_lam_settings": [],
        "target_name": "score_full_b",
        "test_row_count": 6,
        "train_row_count": 48
      },
      "cv_folds": 3,
      "holdout_row_count": 6,
      "lam_grid": [
        0.1,
        1.0
      ],
      "lam_summaries": [
        {
          "fold_count": 3,
          "lam": 0.1,
          "max_val_rmse": 19.968408183958466,
          "mean_baseline_val_rmse": 26.096649370280897,
          "mean_test_rmse": 18.149893090159797,
          "mean_val_rmse": 17.57425784819504
        },
        {
          "fold_count": 3,
          "lam": 1.0,
          "max_val_rmse": 18.20257589961763,
          "mean_baseline_val_rmse": 26.096649370280897,
          "mean_test_rmse": 16.947350765278255,
          "mean_val_rmse": 16.682925213897807
        }
      ],
      "selection_metric": "rmse",
      "skipped_lam_settings": []
    },
    "feature_columns": [
      "theta_b1",
      "theta_b2",
      "theta_b3",
      "theta_se_b",
      "sub_b",
      "grand_sub",
      "lin_b",
      "grand_lin"
    ],
    "metrics": {
      "test": {
        "baseline_mae": 30.65476190476191,
        "baseline_rmse": 34.699113625488444,
        "mae": 12.382602360809273,
        "pearson_r": 0.9196449845709377,
        "rmse": 15.111163426022681,
        "row_count": 6,
        "spearman_r": 0.753702346348183
      },
      "train": {
        "baseline_mae": 22.32142857142857,
        "baseline_rmse": 25.57273373897194,
        "mae": 8.732144862309172,
        "pearson_r": 0.9101902968711273,
        "rmse": 10.592906164364043,
        "row_count": 48,
        "spearman_r": 0.9048065530068853
      },
      "val": {
        "baseline_mae": 23.809523809523807,
        "baseline_rmse": 26.97847308881808,
        "mae": 8.848023331186704,
        "pearson_r": 0.9641604083334283,
        "rmse": 10.006168502444101,
        "row_count": 6,
        "spearman_r": 0.9856107606091624
      }
    },
    "model_type": "joint",
    "skip_reason": null,
    "skipped": false,
    "split_counts": {
      "test": 6,
      "train": 48,
      "val": 6
    },
    "test_row_count": 6,
    "train_row_count": 48,
    "val_row_count": 6
  },
  "marginal": {
    "available_row_count": 60,
    "benchmark_id": "b2",
    "cv_report": {
      "backend": "pygam",
      "best_holdout_rmse": 13.778706354256952,
      "best_lam": 1.0,
      "best_max_val_rmse": 19.702487880660524,
      "best_mean_baseline_val_rmse": 26.973526906147033,
      "best_mean_val_rmse": 15.571882840063855,
      "best_model_metadata": {
        "backend": "pygam",
        "benchiq_version": "0.1.0a0",
        "cv_folds": 3,
        "feature_names": [
          "theta_b",
          "theta_se_b",
          "sub_b",
          "lin_b"
        ],
        "fit_statistics": {
          "aic": 386.2209967550386,
          "edof": 5.582002351508265,
          "gcv": 196.8046671443777,
          "loglikelihood": -186.52849602601103,
          "pseudo_r2": {
            "McFadden": 0.701574696160116,
            "McFadden_adj": 0.2774301653642145,
            "explained_deviance": 0.7890736671759555
          },
          "scale": 12.493614309019096
        },
        "fit_warnings": [],
        "model_hyperparameters": {
          "fit_intercept": true,
          "lam": 1.0,
          "max_iter": 100,
          "terms": "s(0) + s(1) + s(2) + s(3) + intercept",
          "tol": 0.0001
        },
        "n_features": 4,
        "n_splines": 5,
        "pickle_protocol": 5,
        "pygam_version": "0.12.0",
        "python_version": "3.14.4",
        "selected_lam": 1.0,
        "selection_metric": "rmse",
        "skipped_lam_settings": [],
        "target_name": "score_full_b",
        "test_row_count": 6,
        "train_row_count": 48
      },
      "cv_folds": 3,
      "holdout_row_count": 6,
      "lam_grid": [
        0.1,
        1.0
      ],
      "lam_summaries": [
        {
          "fold_count": 3,
          "lam": 0.1,
          "max_val_rmse": 19.985542861617734,
          "mean_baseline_val_rmse": 26.973526906147033,
          "mean_test_rmse": 13.877514943469171,
          "mean_val_rmse": 16.171182380441394
        },
        {
          "fold_count": 3,
          "lam": 1.0,
          "max_val_rmse": 19.702487880660524,
          "mean_baseline_val_rmse": 26.973526906147033,
          "mean_test_rmse": 13.716103305975794,
          "mean_val_rmse": 15.571882840063855
        }
      ],
      "selection_metric": "rmse",
      "skipped_lam_settings": []
    },
    "feature_columns": [
      "theta_b",
      "theta_se_b",
      "sub_b",
      "lin_b"
    ],
    "metrics": {
      "test": {
        "baseline_mae": 30.65476190476191,
        "baseline_rmse": 34.699113625488444,
        "mae": 12.176137147755817,
        "pearson_r": 0.955319987756374,
        "rmse": 13.778706354256952,
        "row_count": 6,
        "spearman_r": 0.9095085938862487
      },
      "train": {
        "baseline_mae": 22.32142857142857,
        "baseline_rmse": 25.57273373897194,
        "mae": 9.669758751255445,
        "pearson_r": 0.8883049688271727,
        "rmse": 11.744717036317786,
        "row_count": 48,
        "spearman_r": 0.8868459203059929
      },
      "val": {
        "baseline_mae": 23.809523809523807,
        "baseline_rmse": 26.97847308881808,
        "mae": 7.711819111577111,
        "pearson_r": 0.9606436839590883,
        "rmse": 8.50134191139503,
        "row_count": 6,
        "spearman_r": 0.9705882352941178
      }
    },
    "model_type": "marginal",
    "skip_reason": null,
    "skipped": false,
    "split_counts": {
      "test": 6,
      "train": 48,
      "val": 6
    },
    "test_row_count": 6,
    "train_row_count": 48,
    "val_row_count": 6
  },
  "summary_rows": [
    {
      "baseline_mae": 22.32142857142857,
      "baseline_rmse": 25.57273373897194,
      "benchmark_id": "b2",
      "mae": 9.669758751255445,
      "model_type": "marginal",
      "pearson_r": 0.8883049688271727,
      "rmse": 11.744717036317786,
      "row_count": 48,
      "skip_reason": null,
      "skipped": false,
      "spearman_r": 0.8868459203059929,
      "split": "train"
    },
    {
      "baseline_mae": 23.809523809523807,
      "baseline_rmse": 26.97847308881808,
      "benchmark_id": "b2",
      "mae": 7.711819111577111,
      "model_type": "marginal",