{
  "artifacts": {
    "expected_test_information_plot": "/Users/jeremykalfus/CodingProjects/BenchIQ/reports/preprocessing_variation_followup/real_confirmation/workdir/real_confirmation_multi_seed__large_release_default_subset__relaxed_low_tail_0005__deterministic_info__seed-11/artifacts/06_select/per_benchmark/gsm8k/plots/expected_test_information.png",
    "plots_reason": null,
    "plots_written": true
  },
  "benchmark_id": "gsm8k",
  "counts": {
    "candidate_item_count": 350,
    "info_grid_row_count": 87850,
    "selected_item_count": 250
  },
  "expected_test_information": {
    "full_sum_max": 344.6906599888562,
    "reduced_sum_max": 197.34240767127787
  },
  "generated_at": "2026-04-20T00:36:45.792452+00:00",
  "parameters": {
    "effective_k_final": 250,
    "info_min": 0.0,
    "n_bins": 250,
    "requested_k_final": 250,
    "theta_grid_size": 251,
    "theta_grid_type": "difficulty_range"
  },
  "selected_item_ids": [
    "1226",
    "1076",
    "1238",
    "1315",
    "693",
    "862",
    "126",
    "561",
    "1085",
    "509",
    "772",
    "10",
    "748",
    "412",
    "1258",
    "115",
    "1210",
    "1273",
    "1071",
    "802",
    "383",
    "1087",
    "20",
    "462",
    "1153",
    "877",
    "839",
    "543",
    "489",
    "210",
    "950",
    "932",
    "1097",
    "1191",
    "356",
    "592",
    "1180",
    "1231",
    "337",
    "922",
    "1176",
    "508",
    "471",
    "16",
    "627",
    "96",
    "765",
    "29",
    "620",
    "146",
    "389",
    "585",
    "857",
    "500",
    "679",
    "82",
    "1142",
    "119",
    "1308",
    "1189",
    "1245",
    "67",
    "326",
    "256",
    "31",
    "134",
    "1288",
    "754",
    "621",
    "968",
    "1098",
    "698",
    "542",
    "1218",
    "969",
    "301",
    "849",
    "751",
    "349",
    "1039",
    "892",
    "454",
    "1052",
    "631",
    "608",
    "142",
    "756",
    "889",
    "992",
    "288",
    "1277",
    "1014",
    "32",
    "562",
    "717",
    "726",
    "264",
    "782",
    "929",
    "842",
    "1119",
    "78",
    "247",
    "1254",
    "245",
    "579",
    "1033",
    "477",
    "236",
    "346",
    "948",
    "484",
    "739",
    "474",
    "451",
    "638",
    "499",
    "1140",
    "365",
    "787",
    "1170",
    "1132",
    "1239",
    "567",
    "697",
    "1280",
    "859",
    "921",
    "1166",
    "218",
    "1016",
    "703",
    "1043",
    "103",
    "331",
    "285",
    "1059",
    "399",
    "472",
    "214",
    "829",
    "48",
    "909",
    "669",
    "871",
    "325",
    "227",
    "896",
    "625",
    "1154",
    "317",
    "1145",
    "76",
    "1174",
    "223",
    "1213",
    "9",
    "485",
    "1228",
    "867",
    "1313",
    "966",
    "401",
    "587",
    "598",
    "1049",
    "1079",
    "1182",
    "161",
    "1197",
    "517",
    "927",
    "879",
    "977",
    "710",
    "858",
    "668",
    "422",
    "1298",
    "811",
    "861",
    "775",
    "1311",
    "37",
    "1008",
    "1295",
    "340",
    "498",
    "464",
    "942",
    "707",
    "1281",
    "1167",
    "843",
    "539",
    "1263",
    "8",
    "933",
    "692",
    "962",
    "259",
    "616",
    "1124",
    "1092",
    "949",
    "1018",
    "53",
    "155",
    "817",
    "824",
    "342",
    "1266",
    "270",
    "573",
    "387",
    "1260",
    "300",
    "3",
    "33",
    "80",
    "676",
    "860",
    "1031",
    "558",
    "250",
    "597",
    "653",
    "989",
    "685",
    "221",
    "779",
    "169",
    "1163",
    "663",
    "657",
    "4",
    "643",
    "1274",
    "719",
    "671",
    "402",
    "198",
    "1082",
    "71",
    "604",
    "128",
    "1015",
    "652",
    "622",
    "660"
  ],
  "skipped": false,
  "skipped_reason": null,
  "theta_grid": {
    "grid_size": 251,
    "max_theta": 6.837568026460062,
    "min_theta": -1.9967986188906508
  },
  "warnings": []
}
