strategy_id,equal_weight_rmse_mean,equal_weight_mae_mean,equal_weight_pearson_mean,equal_weight_spearman_mean,equal_weight_seed_rmse_std_mean,informative_source_count
psychometric_default__deterministic_info,3.054121649125411,2.5095073722219974,0.9896937423556663,0.9908565529155569,0.0,3
minimal_cleaning__deterministic_info,3.3919183449259442,2.7463837412798493,0.9866211303197083,0.9718520691173786,0.0,3
reconstruction_first__deterministic_info,3.3919183449259442,2.7463837412798493,0.9866211303197083,0.9718520691173786,0.0,3
reconstruction_first_relaxed__deterministic_info,3.3919183449259442,2.7463837412798493,0.9866211303197083,0.9718520691173786,0.0,3
psychometric_default__random_cv,4.285209350126791,3.6294690132238343,0.9875095974501408,0.9078967709524521,0.0,3
reconstruction_first__random_cv,4.750719201679029,3.7509635004976354,0.9215997602223677,0.9255640743304502,0.0,3
