{
  "backend": "pygam",
  "best_holdout_rmse": 0.7461286614038316,
  "best_lam": 0.1,
  "best_max_val_rmse": 0.91864319053613,
  "best_mean_baseline_val_rmse": 11.416930427923381,
  "best_mean_val_rmse": 0.8864009113624235,
  "best_model_metadata": {
    "backend": "pygam",
    "benchiq_version": "0.1.0a0",
    "cv_folds": 5,
    "feature_names": [
      "theta_b",
      "theta_se_b",
      "sub_b",
      "lin_b"
    ],
    "fit_statistics": {
      "aic": 14201.760756832935,
      "edof": 24.072854281655367,
      "gcv": 0.7867706177827221,
      "loglikelihood": -7075.807524134812,
      "pseudo_r2": {
        "McFadden": 0.015342405332921503,
        "McFadden_adj": 0.9846053977288987,
        "explained_deviance": 0.9940363045337455
      },
      "scale": 0.8834840124130156
    },
    "fit_warnings": [],
    "model_hyperparameters": {
      "fit_intercept": true,
      "lam": 0.1,
      "max_iter": 100,
      "terms": "s(0) + s(1) + s(2) + s(3) + intercept",
      "tol": 0.0001
    },
    "n_features": 4,
    "n_splines": 10,
    "pickle_protocol": 5,
    "pygam_version": "0.12.0",
    "python_version": "3.14.4",
    "selected_lam": 0.1,
    "selection_metric": "rmse",
    "skipped_lam_settings": [],
    "target_name": "score_full_b",
    "test_row_count": 462,
    "train_row_count": 5473
  },
  "cv_folds": 5,
  "holdout_row_count": 462,
  "lam_grid": [
    0.1,
    1.0
  ],
  "lam_summaries": [
    {
      "fold_count": 5,
      "lam": 0.1,
      "max_val_rmse": 0.91864319053613,
      "mean_baseline_val_rmse": 11.416930427923381,
      "mean_test_rmse": 0.7462027335691598,
      "mean_val_rmse": 0.8864009113624235
    },
    {
      "fold_count": 5,
      "lam": 1.0,
      "max_val_rmse": 0.9209195430562344,
      "mean_baseline_val_rmse": 11.416930427923381,
      "mean_test_rmse": 0.7488945333051488,
      "mean_val_rmse": 0.8889352897365684
    }
  ],
  "selection_metric": "rmse",
  "skipped_lam_settings": []
}
