{
  "benchmark_id": "hellaswag",
  "best_iteration": {
    "best_lam": 0.1,
    "iteration_id": 0,
    "max_rmse_val": 1.1571741290914828,
    "mean_rmse_test": 1.1011949440806545,
    "mean_rmse_val": 1.1168549532291279,
    "sampled_item_ids": [
      "10040",
      "1037",
      "1047",
      "1138",
      "118",
      "1212",
      "1218",
      "1221",
      "1237",
      "1247",
      "1265",
      "1266",
      "1291",
      "1307",
      "1338",
      "1350",
      "1355",
      "138",
      "1387",
      "1449",
      "1497",
      "1510",
      "1545",
      "1598",
      "1626",
      "1646",
      "1650",
      "1916",
      "1929",
      "1938",
      "1985",
      "1997",
      "2008",
      "2013",
      "2024",
      "2111",
      "2126",
      "2127",
      "2133",
      "2153",
      "217",
      "2238",
      "2366",
      "2458",
      "257",
      "2586",
      "2595",
      "260",
      "2628",
      "2785",
      "2792",
      "2878",
      "2931",
      "2988",
      "3006",
      "3044",
      "3057",
      "307",
      "3098",
      "3101",
      "3189",
      "3233",
      "3273",
      "3299",
      "3348",
      "3360",
      "3406",
      "3419",
      "3421",
      "3507",
      "3610",
      "363",
      "364",
      "3677",
      "370",
      "3705",
      "3710",
      "3814",
      "3849",
      "3854",
      "3908",
      "392",
      "3994",
      "4020",
      "4030",
      "4046",
      "4131",
      "4157",
      "4158",
      "4292",
      "4331",
      "435",
      "4360",
      "4378",
      "4411",
      "4440",
      "4505",
      "4508",
      "4557",
      "4562",
      "4680",
      "4704",
      "4714",
      "4727",
      "4740",
      "4798",
      "4800",
      "4832",
      "4846",
      "4925",
      "5010",
      "5062",
      "5063",
      "5086",
      "5109",
      "5140",
      "5149",
      "515",
      "5199",
      "5204",
      "5242",
      "5248",
      "5266",
      "5268",
      "5314",
      "5321",
      "5434",
      "5439",
      "5474",
      "5503",
      "5614",
      "562",
      "5639",
      "5671",
      "5676",
      "5685",
      "5694",
      "5713",
      "5722",
      "5738",
      "5813",
      "5869",
      "5875",
      "589",
      "5906",
      "5917",
      "5922",
      "5938",
      "5994",
      "6074",
      "6080",
      "614",
      "6177",
      "6250",
      "6265",
      "6314",
      "6425",
      "6547",
      "6564",
      "663",
      "6632",
      "6667",
      "6684",
      "6752",
      "6755",
      "679",
      "6806",
      "683",
      "6861",
      "6863",
      "6882",
      "689",
      "69",
      "6943",
      "7005",
      "7009",
      "703",
      "7039",
      "704",
      "7099",
      "7103",
      "7118",
      "713",
      "7165",
      "7190",
      "7222",
      "7277",
      "7336",
      "7429",
      "7439",
      "7440",
      "7606",
      "7661",
      "7703",
      "7718",
      "7811",
      "7846",
      "7853",
      "7857",
      "7888",
      "7936",
      "7987",
      "7998",
      "8002",
      "8056",
      "8089",
      "810",
      "8124",
      "8155",
      "8196",
      "8253",
      "8254",
      "8268",
      "8295",
      "8325",
      "8349",
      "8436",
      "8533",
      "8598",
      "862",
      "8627",
      "8702",
      "8739",
      "8812",
      "8876",
      "8890",
      "8954",
      "8980",
      "9046",
      "9115",
      "9141",
      "9162",
      "9168",
      "9204",
      "9245",
      "9288",
      "9327",
      "9352",
      "9401",
      "9449",
      "9477",
      "9541",
      "9584",
      "9648",
      "9665",
      "9680",
      "9799",
      "9815",
      "9867",
      "9893"
    ],
    "subset_seed": 7,
    "valid_pool_model_count": 4757,
    "valid_test_model_count": 464
  },
  "candidate_item_count": 350,
  "completed_iterations": 1,
  "effective_k_preselect": 250,
  "failed_iterations": 0,
  "n_iter": 1,
  "requested_k_preselect": 250,
  "updated_at": "2026-04-19T17:09:02.420727+00:00",
  "valid_iterations": 1
}
