{
  "backend": "pygam",
  "best_holdout_rmse": 0.7509800075245742,
  "best_lam": 0.1,
  "best_max_val_rmse": 0.9257568138138019,
  "best_mean_baseline_val_rmse": 11.435852813235114,
  "best_mean_val_rmse": 0.8716423603732191,
  "best_model_metadata": {
    "backend": "pygam",
    "benchiq_version": "0.1.0a0",
    "cv_folds": 5,
    "feature_names": [
      "theta_b",
      "theta_se_b",
      "sub_b",
      "lin_b"
    ],
    "fit_statistics": {
      "aic": 14031.176987475134,
      "edof": 24.06373441675518,
      "gcv": 0.7611972023704028,
      "loglikelihood": -6990.524759320811,
      "pseudo_r2": {
        "McFadden": 0.01461423850962026,
        "McFadden_adj": 0.985335454372344,
        "explained_deviance": 0.9942488373800756
      },
      "scale": 0.8690107330292428
    },
    "fit_warnings": [],
    "model_hyperparameters": {
      "fit_intercept": true,
      "lam": 0.1,
      "max_iter": 100,
      "terms": "s(0) + s(1) + s(2) + s(3) + intercept",
      "tol": 0.0001
    },
    "n_features": 4,
    "n_splines": 10,
    "pickle_protocol": 5,
    "pygam_version": "0.12.0",
    "python_version": "3.14.4",
    "selected_lam": 0.1,
    "selection_metric": "rmse",
    "skipped_lam_settings": [],
    "target_name": "score_full_b",
    "test_row_count": 464,
    "train_row_count": 5477
  },
  "cv_folds": 5,
  "holdout_row_count": 464,
  "lam_grid": [
    0.1,
    1.0
  ],
  "lam_summaries": [
    {
      "fold_count": 5,
      "lam": 0.1,
      "max_val_rmse": 0.9257568138138019,
      "mean_baseline_val_rmse": 11.435852813235114,
      "mean_test_rmse": 0.7510893067622545,
      "mean_val_rmse": 0.8716423603732191
    },
    {
      "fold_count": 5,
      "lam": 1.0,
      "max_val_rmse": 0.9319825556552008,
      "mean_baseline_val_rmse": 11.435852813235114,
      "mean_test_rmse": 0.7498615956018557,
      "mean_val_rmse": 0.8740952673211071
    }
  ],
  "selection_metric": "rmse",
  "skipped_lam_settings": []
}
