{
  "backend": "pygam",
  "best_holdout_rmse": 0.8240918881930089,
  "best_lam": 0.1,
  "best_max_val_rmse": 0.8868737757177921,
  "best_mean_baseline_val_rmse": 16.66756109457051,
  "best_mean_val_rmse": 0.8634231284287479,
  "best_model_metadata": {
    "backend": "pygam",
    "benchiq_version": "0.1.0a0",
    "cv_folds": 5,
    "feature_names": [
      "theta_b",
      "theta_se_b",
      "sub_b",
      "lin_b"
    ],
    "fit_statistics": {
      "aic": 10872.161411616462,
      "edof": 23.13452894933165,
      "gcv": 0.7463480723091622,
      "loglikelihood": -5411.946176858899,
      "pseudo_r2": {
        "McFadden": 0.006705401870177927,
        "McFadden_adj": 0.9932659344460726,
        "explained_deviance": 0.9973533400058
      },
      "scale": 0.8597014679017885
    },
    "fit_warnings": [],
    "model_hyperparameters": {
      "fit_intercept": true,
      "lam": 0.1,
      "max_iter": 100,
      "terms": "s(0) + s(1) + s(2) + s(3) + intercept",
      "tol": 0.0001
    },
    "n_features": 4,
    "n_splines": 10,
    "pickle_protocol": 5,
    "pygam_version": "0.12.0",
    "python_version": "3.14.4",
    "selected_lam": 0.1,
    "selection_metric": "rmse",
    "skipped_lam_settings": [],
    "target_name": "score_full_b",
    "test_row_count": 463,
    "train_row_count": 4278
  },
  "cv_folds": 5,
  "holdout_row_count": 463,
  "lam_grid": [
    0.1,
    1.0
  ],
  "lam_summaries": [
    {
      "fold_count": 5,
      "lam": 0.1,
      "max_val_rmse": 0.8868737757177921,
      "mean_baseline_val_rmse": 16.66756109457051,
      "mean_test_rmse": 0.8245827377770361,
      "mean_val_rmse": 0.8634231284287479
    },
    {
      "fold_count": 5,
      "lam": 1.0,
      "max_val_rmse": 0.8921147662806463,
      "mean_baseline_val_rmse": 16.66756109457051,
      "mean_test_rmse": 0.8265584615318792,
      "mean_val_rmse": 0.866427288295772
    }
  ],
  "selection_metric": "rmse",
  "skipped_lam_settings": []
}
