{
  "backend": "pygam",
  "best_holdout_rmse": 6.533344749472478,
  "best_lam": 1.0,
  "best_max_val_rmse": 7.121794418815621,
  "best_mean_baseline_val_rmse": 15.340708272912476,
  "best_mean_val_rmse": 6.241406881056948,
  "best_model_metadata": {
    "backend": "pygam",
    "benchiq_version": "0.1.0a0",
    "cv_folds": 5,
    "feature_names": [
      "theta_b",
      "theta_se_b",
      "sub_b",
      "lin_b"
    ],
    "fit_statistics": {
      "aic": 1132.4298375844178,
      "edof": 10.235406927239907,
      "gcv": 37.97002054534439,
      "loglikelihood": -554.979511864969,
      "pseudo_r2": {
        "McFadden": 0.5201470088128212,
        "McFadden_adj": 0.47025999507945726,
        "explained_deviance": 0.8606714488792931
      },
      "scale": 5.832419999188334
    },
    "fit_warnings": [],
    "model_hyperparameters": {
      "fit_intercept": true,
      "lam": 1.0,
      "max_iter": 100,
      "terms": "s(0) + s(1) + s(2) + s(3) + intercept",
      "tol": 0.0001
    },
    "n_features": 4,
    "n_splines": 8,
    "pickle_protocol": 5,
    "pygam_version": "0.12.0",
    "python_version": "3.14.4",
    "selected_lam": 1.0,
    "selection_metric": "rmse",
    "skipped_lam_settings": [],
    "target_name": "score_full_b",
    "test_row_count": 23,
    "train_row_count": 176
  },
  "cv_folds": 5,
  "holdout_row_count": 23,
  "lam_grid": [
    0.1,
    1.0
  ],
  "lam_summaries": [
    {
      "fold_count": 5,
      "lam": 0.1,
      "max_val_rmse": 7.289258251558811,
      "mean_baseline_val_rmse": 15.340708272912476,
      "mean_test_rmse": 6.592389397384471,
      "mean_val_rmse": 6.358025901238627
    },
    {
      "fold_count": 5,
      "lam": 1.0,
      "max_val_rmse": 7.121794418815621,
      "mean_baseline_val_rmse": 15.340708272912476,
      "mean_test_rmse": 6.58069673605827,
      "mean_val_rmse": 6.241406881056948
    }
  ],
  "selection_metric": "rmse",
  "skipped_lam_settings": []
}
