{
  "benchmark_id": "b2",
  "generated_at": "2026-04-17T23:35:50.236606+00:00",
  "joint": {
    "available_row_count": 60,
    "benchmark_id": "b2",
    "cv_report": {
      "backend": "pygam",
      "best_holdout_rmse": 15.945734019438925,
      "best_lam": 0.1,
      "best_max_val_rmse": 14.766987134860118,
      "best_mean_baseline_val_rmse": 27.116034535344607,
      "best_mean_val_rmse": 13.246284200045872,
      "best_model_metadata": {
        "backend": "pygam",
        "benchiq_version": "0.1.0a0",
        "cv_folds": 3,
        "feature_names": [
          "theta_b1",
          "theta_b2",
          "theta_b3",
          "theta_se_b",
          "sub_b",
          "grand_sub",
          "lin_b",
          "grand_lin"
        ],
        "fit_statistics": {
          "aic": 381.211987048612,
          "edof": 12.657893998796201,
          "gcv": 224.53626024937898,
          "loglikelihood": -176.9480995255098,
          "pseudo_r2": {
            "McFadden": 0.5790337694523444,
            "McFadden_adj": 0.3795453387997081,
            "explained_deviance": 0.8792259430151887
          },
          "scale": 11.015829341132907
        },
        "fit_warnings": [],
        "model_hyperparameters": {
          "fit_intercept": true,
          "lam": 0.1,
          "max_iter": 100,
          "terms": "s(0) + s(1) + s(2) + s(3) + s(4) + s(5) + s(6) + s(7) + intercept",
          "tol": 0.0001
        },
        "n_features": 8,
        "n_splines": 5,
        "pickle_protocol": 5,
        "pygam_version": "0.12.0",
        "python_version": "3.14.4",
        "selected_lam": 0.1,
        "selection_metric": "rmse",
        "skipped_lam_settings": [],
        "target_name": "score_full_b",
        "test_row_count": 6,
        "train_row_count": 48
      },
      "cv_folds": 3,
      "holdout_row_count": 6,
      "lam_grid": [
        0.1,
        1.0
      ],
      "lam_summaries": [
        {
          "fold_count": 3,
          "lam": 0.1,
          "max_val_rmse": 14.766987134860118,
          "mean_baseline_val_rmse": 27.116034535344607,
          "mean_test_rmse": 13.487235227299152,
          "mean_val_rmse": 13.246284200045872
        },
        {
          "fold_count": 3,
          "lam": 1.0,
          "max_val_rmse": 15.05945550620696,
          "mean_baseline_val_rmse": 27.116034535344607,
          "mean_test_rmse": 12.897560497048909,
          "mean_val_rmse": 13.645678438151256
        }
      ],
      "selection_metric": "rmse",
      "skipped_lam_settings": []
    },
    "feature_columns": [
      "theta_b1",
      "theta_b2",
      "theta_b3",
      "theta_se_b",
      "sub_b",
      "grand_sub",
      "lin_b",
      "grand_lin"
    ],
    "metrics": {
      "test": {
        "baseline_mae": 16.666666666666664,
        "baseline_rmse": 19.777675864090654,
        "mae": 13.862966865650412,
        "pearson_r": 0.8514334164764443,
        "rmse": 15.945734019438925,
        "row_count": 6,
        "spearman_r": 0.8116794499134278
      },
      "train": {
        "baseline_mae": 23.80952380952381,
        "baseline_rmse": 27.19918966379967,
        "mae": 7.406394260806812,
        "pearson_r": 0.9376758745247924,
        "rmse": 9.452415268175047,
        "row_count": 48,
        "spearman_r": 0.9321102941546617
      },
      "val": {
        "baseline_mae": 26.190476190476193,
        "baseline_rmse": 29.45075446869758,
        "mae": 5.527499842512525,
        "pearson_r": 0.9866746679798692,
        "rmse": 6.229616177915194,
        "row_count": 6,
        "spearman_r": 0.9856107606091624
      }
    },
    "model_type": "joint",
    "skip_reason": null,
    "skipped": false,
    "split_counts": {
      "test": 6,
      "train": 48,
      "val": 6
    },
    "test_row_count": 6,
    "train_row_count": 48,
    "val_row_count": 6
  },
  "marginal": {
    "available_row_count": 60,
    "benchmark_id": "b2",
    "cv_report": {
      "backend": "pygam",
      "best_holdout_rmse": 14.799461564056308,
      "best_lam": 1.0,
      "best_max_val_rmse": 15.966783176481105,
      "best_mean_baseline_val_rmse": 27.32864426546817,
      "best_mean_val_rmse": 14.128452746650742,
      "best_model_metadata": {
        "backend": "pygam",
        "benchiq_version": "0.1.0a0",
        "cv_folds": 3,
        "feature_names": [
          "theta_b",
          "theta_se_b",
          "sub_b",
          "lin_b"
        ],
        "fit_statistics": {
          "aic": 388.7325555965002,
          "edof": 5.408809998934114,
          "gcv": 206.47665674622883,
          "loglikelihood": -187.957467799316,
          "pseudo_r2": {
            "McFadden": 0.6854179839011976,
            "McFadden_adj": 0.2948578961253817,
            "explained_deviance": 0.8020142687224485
          },
          "scale": 12.847944234219444
        },
        "fit_warnings": [],
        "model_hyperparameters": {
          "fit_intercept": true,
          "lam": 1.0,
          "max_iter": 100,
          "terms": "s(0) + s(1) + s(2) + s(3) + intercept",
          "tol": 0.0001
        },
        "n_features": 4,
        "n_splines": 5,
        "pickle_protocol": 5,
        "pygam_version": "0.12.0",
        "python_version": "3.14.4",
        "selected_lam": 1.0,
        "selection_metric": "rmse",
        "skipped_lam_settings": [],
        "target_name": "score_full_b",
        "test_row_count": 6,
        "train_row_count": 48
      },
      "cv_folds": 3,
      "holdout_row_count": 6,
      "lam_grid": [
        0.1,
        1.0
      ],
      "lam_summaries": [
        {
          "fold_count": 3,
          "lam": 0.1,
          "max_val_rmse": 15.966765553215398,
          "mean_baseline_val_rmse": 27.32864426546817,
          "mean_test_rmse": 14.541723733538326,
          "mean_val_rmse": 14.16272114977975
        },
        {
          "fold_count": 3,
          "lam": 1.0,
          "max_val_rmse": 15.966783176481105,
          "mean_baseline_val_rmse": 27.32864426546817,
          "mean_test_rmse": 14.804517559835451,
          "mean_val_rmse": 14.128452746650742
        }
      ],
      "selection_metric": "rmse",
      "skipped_lam_settings": []
    },
    "feature_columns": [
      "theta_b",
      "theta_se_b",
      "sub_b",
      "lin_b"
    ],
    "metrics": {
      "test": {
        "baseline_mae": 16.666666666666664,
        "baseline_rmse": 19.777675864090654,
        "mae": 12.55423162777697,
        "pearson_r": 0.7332377616795287,
        "rmse": 14.799461564056308,
        "row_count": 6,
        "spearman_r": 0.5852390484520126
      },
      "train": {
        "baseline_mae": 23.80952380952381,
        "baseline_rmse": 27.19918966379967,
        "mae": 10.21179638541055,
        "pearson_r": 0.895553600422893,
        "rmse": 12.102439253890386,
        "row_count": 48,
        "spearman_r": 0.8956872509710186
      },
      "val": {
        "baseline_mae": 26.190476190476193,
        "baseline_rmse": 29.45075446869758,
        "mae": 8.55890297623929,
        "pearson_r": 0.950994741518477,
        "rmse": 10.38902115391489,
        "row_count": 6,
        "spearman_r": 0.9240616554505461
      }
    },
    "model_type": "marginal",
    "skip_reason": null,
    "skipped": false,
    "split_counts": {
      "test": 6,
      "train": 48,
      "val": 6
    },
    "test_row_count": 6,
    "train_row_count": 48,
    "val_row_count": 6
  },
  "summary_rows": [
    {
      "baseline_mae": 23.80952380952381,
      "baseline_rmse": 27.19918966379967,
      "benchmark_id": "b2",
      "mae": 10.21179638541055,
      "model_type": "marginal",
      "pearson_r": 0.895553600422893,
      "rmse": 12.102439253890386,
      "row_count": 48,
      "skip_reason": null,
      "skipped": false,
      "spearman_r": 0.8956872509710186,
      "split": "train"
    },
    {
      "baseline_mae": 26.190476190476193,
      "baseline_rmse": 29.45075446869758,
      "benchmark_id": "b2",
      "mae": 8.55890297623929,
      "model_type": "marginal",