{
  "backend": "pygam",
  "best_holdout_rmse": 10.277371444922268,
  "best_lam": 1.0,
  "best_max_val_rmse": 10.531340100137566,
  "best_mean_baseline_val_rmse": 14.322165110016567,
  "best_mean_val_rmse": 9.592120134820771,
  "best_model_metadata": {
    "backend": "pygam",
    "benchiq_version": "0.1.0a0",
    "cv_folds": 5,
    "feature_names": [
      "theta_b",
      "theta_se_b",
      "sub_b",
      "lin_b"
    ],
    "fit_statistics": {
      "aic": 1754.7261219239924,
      "edof": 9.949645040699345,
      "gcv": 95.83508639768361,
      "loglikelihood": -866.4134159212969,
      "pseudo_r2": {
        "McFadden": 0.8422047822511647,
        "McFadden_adj": 0.14812357776612783,
        "explained_deviance": 0.5873976711976497
      },
      "scale": 9.415493586676583
    },
    "fit_warnings": [],
    "model_hyperparameters": {
      "fit_intercept": true,
      "lam": 1.0,
      "max_iter": 100,
      "terms": "s(0) + s(1) + s(2) + s(3) + intercept",
      "tol": 0.0001
    },
    "n_features": 4,
    "n_splines": 8,
    "pickle_protocol": 5,
    "pygam_version": "0.12.0",
    "python_version": "3.14.4",
    "selected_lam": 1.0,
    "selection_metric": "rmse",
    "skipped_lam_settings": [],
    "target_name": "score_full_b",
    "test_row_count": 30,
    "train_row_count": 238
  },
  "cv_folds": 5,
  "holdout_row_count": 30,
  "lam_grid": [
    0.1,
    1.0
  ],
  "lam_summaries": [
    {
      "fold_count": 5,
      "lam": 0.1,
      "max_val_rmse": 10.551413657490817,
      "mean_baseline_val_rmse": 14.322165110016567,
      "mean_test_rmse": 10.44241355135631,
      "mean_val_rmse": 9.698794218843899
    },
    {
      "fold_count": 5,
      "lam": 1.0,
      "max_val_rmse": 10.531340100137566,
      "mean_baseline_val_rmse": 14.322165110016567,
      "mean_test_rmse": 10.327041703835732,
      "mean_val_rmse": 9.592120134820771
    }
  ],
  "selection_metric": "rmse",
  "skipped_lam_settings": []
}
