item_id,benchiq_discrimination,benchiq_difficulty,r_discrimination_aligned,r_difficulty_aligned,icc_rmse
i1,0.8393883392527018,-1.2898936818339901,0.8395049449071986,-1.290811158350586,0.0001226768126775908
i2,1.0775589702250292,-0.5939020269279023,1.0777081595306268,-0.5940787915296959,3.4022007288758065e-05
i3,1.6213085290042062,-0.23067975369138438,1.622164679268472,-0.22917321787330067,0.000283357509164761
i4,2.517338936736214,0.21429855761789615,2.519817606426155,0.21693030659666213,0.0006075646723525516
i5,4.0989240570146,0.45946631484428596,4.093672321664794,0.4610884703770263,0.00048211889243958986
i6,3.1120691989723923,0.8877874382020801,3.1164658236034173,0.8847872627347175,0.0007705634290327179
