{
  "backend": "pygam",
  "best_holdout_rmse": 0.8334563772475972,
  "best_lam": 0.1,
  "best_max_val_rmse": 0.8315496559879682,
  "best_mean_baseline_val_rmse": 15.569214861159447,
  "best_mean_val_rmse": 0.8011012480320794,
  "best_model_metadata": {
    "backend": "pygam",
    "benchiq_version": "0.1.0a0",
    "cv_folds": 5,
    "feature_names": [
      "theta_b",
      "theta_se_b",
      "sub_b",
      "lin_b"
    ],
    "fit_statistics": {
      "aic": 10252.532433402255,
      "edof": 20.18552738008507,
      "gcv": 0.6449860301070373,
      "loglikelihood": -5105.080689321043,
      "pseudo_r2": {
        "McFadden": 0.006260020598481916,
        "McFadden_adj": 0.9937152272330646,
        "explained_deviance": 0.9973792870214416
      },
      "scale": 0.799694701971264
    },
    "fit_warnings": [],
    "model_hyperparameters": {
      "fit_intercept": true,
      "lam": 0.1,
      "max_iter": 100,
      "terms": "s(0) + s(1) + s(2) + s(3) + intercept",
      "tol": 0.0001
    },
    "n_features": 4,
    "n_splines": 10,
    "pickle_protocol": 5,
    "pygam_version": "0.12.0",
    "python_version": "3.14.4",
    "selected_lam": 0.1,
    "selection_metric": "rmse",
    "skipped_lam_settings": [],
    "target_name": "score_full_b",
    "test_row_count": 462,
    "train_row_count": 4279
  },
  "cv_folds": 5,
  "holdout_row_count": 462,
  "lam_grid": [
    0.1,
    1.0
  ],
  "lam_summaries": [
    {
      "fold_count": 5,
      "lam": 0.1,
      "max_val_rmse": 0.8315496559879682,
      "mean_baseline_val_rmse": 15.569214861159447,
      "mean_test_rmse": 0.8339483541608675,
      "mean_val_rmse": 0.8011012480320794
    },
    {
      "fold_count": 5,
      "lam": 1.0,
      "max_val_rmse": 0.8323679906975128,
      "mean_baseline_val_rmse": 15.569214861159447,
      "mean_test_rmse": 0.8365924813375758,
      "mean_val_rmse": 0.8020533768137096
    }
  ],
  "selection_metric": "rmse",
  "skipped_lam_settings": []
}
