{
  "backend": "pygam",
  "best_holdout_rmse": 1.2670825157835843,
  "best_lam": 0.1,
  "best_max_val_rmse": 1.1567419835547679,
  "best_mean_baseline_val_rmse": 26.521627343781443,
  "best_mean_val_rmse": 1.1277336141682883,
  "best_model_metadata": {
    "backend": "pygam",
    "benchiq_version": "0.1.0a0",
    "cv_folds": 5,
    "feature_names": [
      "theta_b",
      "theta_se_b",
      "sub_b",
      "lin_b"
    ],
    "fit_statistics": {
      "aic": 15535.42257245337,
      "edof": 24.803211473062454,
      "gcv": 1.281618559049224,
      "loglikelihood": -7741.908074753623,
      "pseudo_r2": {
        "McFadden": 0.005530266511045536,
        "McFadden_adj": 0.9944520158451319,
        "explained_deviance": 0.9982020280515038
      },
      "scale": 1.1270628204732058
    },
    "fit_warnings": [],
    "model_hyperparameters": {
      "fit_intercept": true,
      "lam": 0.1,
      "max_iter": 100,
      "terms": "s(0) + s(1) + s(2) + s(3) + intercept",
      "tol": 0.0001
    },
    "n_features": 4,
    "n_splines": 10,
    "pickle_protocol": 5,
    "pygam_version": "0.12.0",
    "python_version": "3.14.4",
    "selected_lam": 0.1,
    "selection_metric": "rmse",
    "skipped_lam_settings": [],
    "target_name": "score_full_b",
    "test_row_count": 462,
    "train_row_count": 5040
  },
  "cv_folds": 5,
  "holdout_row_count": 462,
  "lam_grid": [
    0.1,
    1.0
  ],
  "lam_summaries": [
    {
      "fold_count": 5,
      "lam": 0.1,
      "max_val_rmse": 1.1567419835547679,
      "mean_baseline_val_rmse": 26.521627343781443,
      "mean_test_rmse": 1.267882536578816,
      "mean_val_rmse": 1.1277336141682883
    },
    {
      "fold_count": 5,
      "lam": 1.0,
      "max_val_rmse": 1.165885912187359,
      "mean_baseline_val_rmse": 26.521627343781443,
      "mean_test_rmse": 1.2792471394970675,
      "mean_val_rmse": 1.1355916891434343
    }
  ],
  "selection_metric": "rmse",
  "skipped_lam_settings": []
}
