{
  "backend": "pygam",
  "best_holdout_rmse": 0.6094693807807529,
  "best_lam": 0.1,
  "best_max_val_rmse": 0.718311320026599,
  "best_mean_baseline_val_rmse": 21.49513066887248,
  "best_mean_val_rmse": 0.6218351687725633,
  "best_model_metadata": {
    "backend": "pygam",
    "benchiq_version": "0.1.0a0",
    "cv_folds": 5,
    "feature_names": [
      "theta_b",
      "theta_se_b",
      "sub_b",
      "lin_b"
    ],
    "fit_statistics": {
      "aic": 8026.169302830032,
      "edof": 24.51090131281493,
      "gcv": 0.3843340108261183,
      "loglikelihood": -3987.5737501022013,
      "pseudo_r2": {
        "McFadden": 0.001533840331117276,
        "McFadden_adj": 0.9984567314272146,
        "explained_deviance": 0.9991819279483432
      },
      "scale": 0.6167410892288925
    },
    "fit_warnings": [],
    "model_hyperparameters": {
      "fit_intercept": true,
      "lam": 0.1,
      "max_iter": 100,
      "terms": "s(0) + s(1) + s(2) + s(3) + intercept",
      "tol": 0.0001
    },
    "n_features": 4,
    "n_splines": 10,
    "pickle_protocol": 5,
    "pygam_version": "0.12.0",
    "python_version": "3.14.4",
    "selected_lam": 0.1,
    "selection_metric": "rmse",
    "skipped_lam_settings": [],
    "target_name": "score_full_b",
    "test_row_count": 461,
    "train_row_count": 4275
  },
  "cv_folds": 5,
  "holdout_row_count": 461,
  "lam_grid": [
    0.1,
    1.0
  ],
  "lam_summaries": [
    {
      "fold_count": 5,
      "lam": 0.1,
      "max_val_rmse": 0.718311320026599,
      "mean_baseline_val_rmse": 21.49513066887248,
      "mean_test_rmse": 0.6094951200811908,
      "mean_val_rmse": 0.6218351687725633
    },
    {
      "fold_count": 5,
      "lam": 1.0,
      "max_val_rmse": 0.7266195515547259,
      "mean_baseline_val_rmse": 21.49513066887248,
      "mean_test_rmse": 0.6030276167002836,
      "mean_val_rmse": 0.630522863174862
    }
  ],
  "selection_metric": "rmse",
  "skipped_lam_settings": []
}
