{
  "backend": "pygam",
  "best_holdout_rmse": 0.8382796624230919,
  "best_lam": 0.1,
  "best_max_val_rmse": 0.8062115876253796,
  "best_mean_baseline_val_rmse": 15.522751989404924,
  "best_mean_val_rmse": 0.7911196263780644,
  "best_model_metadata": {
    "backend": "pygam",
    "benchiq_version": "0.1.0a0",
    "cv_folds": 5,
    "feature_names": [
      "theta_b",
      "theta_se_b",
      "sub_b",
      "lin_b"
    ],
    "fit_statistics": {
      "aic": 10148.25366829557,
      "edof": 20.46617238146868,
      "gcv": 0.6284447790360584,
      "loglikelihood": -5052.6606617663165,
      "pseudo_r2": {
        "McFadden": 0.006073968915377778,
        "McFadden_adj": 0.9939014280282954,
        "explained_deviance": 0.9974295064158023
      },
      "scale": 0.7893290951600858
    },
    "fit_warnings": [],
    "model_hyperparameters": {
      "fit_intercept": true,
      "lam": 0.1,
      "max_iter": 100,
      "terms": "s(0) + s(1) + s(2) + s(3) + intercept",
      "tol": 0.0001
    },
    "n_features": 4,
    "n_splines": 10,
    "pickle_protocol": 5,
    "pygam_version": "0.12.0",
    "python_version": "3.14.4",
    "selected_lam": 0.1,
    "selection_metric": "rmse",
    "skipped_lam_settings": [],
    "target_name": "score_full_b",
    "test_row_count": 464,
    "train_row_count": 4282
  },
  "cv_folds": 5,
  "holdout_row_count": 464,
  "lam_grid": [
    0.1,
    1.0
  ],
  "lam_summaries": [
    {
      "fold_count": 5,
      "lam": 0.1,
      "max_val_rmse": 0.8062115876253796,
      "mean_baseline_val_rmse": 15.522751989404924,
      "mean_test_rmse": 0.8389256714916307,
      "mean_val_rmse": 0.7911196263780644
    },
    {
      "fold_count": 5,
      "lam": 1.0,
      "max_val_rmse": 0.8074607479511924,
      "mean_baseline_val_rmse": 15.522751989404924,
      "mean_test_rmse": 0.8423868639968555,
      "mean_val_rmse": 0.7922795380205235
    }
  ],
  "selection_metric": "rmse",
  "skipped_lam_settings": []
}
