{
  "benchmark_id": "hellaswag",
  "best_iteration": {
    "best_lam": 1.0,
    "iteration_id": 0,
    "max_rmse_val": 1.0982333196133864e-08,
    "mean_rmse_test": 9.571638357286589e-09,
    "mean_rmse_val": 9.213091480352365e-09,
    "sampled_item_ids": [
      "10040",
      "1023",
      "1037",
      "1047",
      "1096",
      "1138",
      "118",
      "1212",
      "1218",
      "1221",
      "1237",
      "1247",
      "1265",
      "1266",
      "1291",
      "1307",
      "1338",
      "1350",
      "1355",
      "138",
      "1387",
      "1436",
      "1446",
      "1449",
      "1460",
      "1497",
      "1510",
      "1544",
      "1545",
      "1564",
      "1598",
      "1616",
      "1626",
      "1646",
      "1650",
      "166",
      "1729",
      "1873",
      "1916",
      "1929",
      "1938",
      "1985",
      "1996",
      "1997",
      "2008",
      "2013",
      "2024",
      "2090",
      "2111",
      "2126",
      "2127",
      "2133",
      "2153",
      "217",
      "2238",
      "2248",
      "2256",
      "2366",
      "2369",
      "2403",
      "2458",
      "2472",
      "257",
      "2575",
      "2577",
      "2586",
      "2595",
      "260",
      "2613",
      "2628",
      "2629",
      "2749",
      "2785",
      "2792",
      "2867",
      "2878",
      "2889",
      "2931",
      "2973",
      "2988",
      "2989",
      "30",
      "3006",
      "3044",
      "3057",
      "307",
      "3098",
      "3101",
      "3189",
      "3233",
      "3273",
      "3299",
      "3348",
      "3351",
      "3360",
      "3374",
      "3406",
      "3419",
      "3421",
      "3474",
      "3507",
      "3610",
      "363",
      "364",
      "3677",
      "370",
      "3705",
      "3710",
      "380",
      "3814",
      "3849",
      "3854",
      "3908",
      "392",
      "3927",
      "3994",
      "4020",
      "4030",
      "4046",
      "4131",
      "4157",
      "4158",
      "4202",
      "4233",
      "4264",
      "4292",
      "4319",
      "4331",
      "435",
      "4360",
      "4366",
      "4370",
      "4378",
      "4411",
      "4440",
      "4445",
      "4450",
      "4485",
      "4505",
      "4508",
      "4557",
      "4562",
      "4680",
      "4704",
      "4714",
      "4727",
      "4740",
      "4778",
      "4798",
      "4800",
      "4832",
      "4846",
      "4925",
      "493",
      "5010",
      "5062",
      "5063",
      "5064",
      "5086",
      "5090",
      "5109",
      "5140",
      "5149",
      "515",
      "5199",
      "5204",
      "5213",
      "522",
      "5242",
      "5248",
      "525",
      "5266",
      "5268",
      "5282",
      "5314",
      "5321",
      "5330",
      "5355",
      "5391",
      "5434",
      "5439",
      "5474",
      "5503",
      "5523",
      "5547",
      "5585",
      "5614",
      "562",
      "5639",
      "564",
      "5671",
      "5676",
      "5685",
      "5694",
      "5713",
      "5722",
      "5738",
      "5745",
      "5813",
      "5869",
      "5875",
      "5886",
      "589",
      "5906",
      "5917",
      "5922",
      "5938",
      "5974",
      "5994",
      "6037",
      "6074",
      "6080",
      "6091",
      "614",
      "6177",
      "6241",
      "6250",
      "6265",
      "6314",
      "6359",
      "6365",
      "6425",
      "6535",
      "6547",
      "6564",
      "6596",
      "663",
      "6632",
      "6667",
      "6678",
      "6684",
      "6752",
      "6755",
      "6762",
      "679",
      "6806",
      "6814",
      "683",
      "6850",
      "6861",
      "6863",
      "6874",
      "6882",
      "689",
      "69",
      "6943",
      "7005",
      "7009",
      "7020",
      "703",
      "7039",
      "704",
      "7099",
      "7103",
      "7118",
      "713",
      "7165",
      "7172",
      "7190",
      "7222",
      "7224",
      "7277",
      "7336",
      "7429",
      "7439",
      "7440",
      "7443",
      "7542",
      "7606",
      "7661",
      "7703",
      "7716",
      "7718",
      "7755",
      "7788",
      "7811",
      "7846",
      "7853",
      "7857",
      "7888",
      "7936",
      "7987",
      "7998",
      "8002",
      "8027",
      "8056",
      "8089",
      "810",
      "8124",
      "8155",
      "8196",
      "8253",
      "8254",
      "8257",
      "8268",
      "8295",
      "8325",
      "8349",
      "8425",
      "8436",
      "8533",
      "856",
      "8598",
      "862",
      "8627",
      "8701",
      "8702",
      "8739",
      "8749",
      "8756",
      "8812",
      "8876",
      "8890",
      "8934",
      "8954",
      "8980",
      "9007",
      "9046",
      "9048",
      "9115",
      "914",
      "9140",
      "9141",
      "9162",
      "9168",
      "9204",
      "9245",
      "9288",
      "9327",
      "9331",
      "9352",
      "9364",
      "9368",
      "9401",
      "9449",
      "9456",
      "9477",
      "9503",
      "9541",
      "9584",
      "9612",
      "9648",
      "9665",
      "9680",
      "9799",
      "9804",
      "9815",
      "9863",
      "9867",
      "9893"
    ],
    "subset_seed": 7,
    "valid_pool_model_count": 4750,
    "valid_test_model_count": 461
  },
  "candidate_item_count": 350,
  "completed_iterations": 1,
  "effective_k_preselect": 350,
  "failed_iterations": 0,
  "n_iter": 1,
  "requested_k_preselect": 350,
  "updated_at": "2026-04-19T23:27:44.516098+00:00",
  "valid_iterations": 1
}
