{
  "backend": "pygam",
  "best_holdout_rmse": 1.2184336287987139,
  "best_lam": 0.1,
  "best_max_val_rmse": 1.1781480590618616,
  "best_mean_baseline_val_rmse": 26.560436652603293,
  "best_mean_val_rmse": 1.1508510111609753,
  "best_model_metadata": {
    "backend": "pygam",
    "benchiq_version": "0.1.0a0",
    "cv_folds": 5,
    "feature_names": [
      "theta_b",
      "theta_se_b",
      "sub_b",
      "lin_b"
    ],
    "fit_statistics": {
      "aic": 15731.533419223426,
      "edof": 24.945602473919703,
      "gcv": 1.3300262482121448,
      "loglikelihood": -7839.821107137794,
      "pseudo_r2": {
        "McFadden": 0.005790833225606214,
        "McFadden_adj": 0.994190740866243,
        "explained_deviance": 0.9981393970354497
      },
      "scale": 1.1481241810538334
    },
    "fit_warnings": [],
    "model_hyperparameters": {
      "fit_intercept": true,
      "lam": 0.1,
      "max_iter": 100,
      "terms": "s(0) + s(1) + s(2) + s(3) + intercept",
      "tol": 0.0001
    },
    "n_features": 4,
    "n_splines": 10,
    "pickle_protocol": 5,
    "pygam_version": "0.12.0",
    "python_version": "3.14.4",
    "selected_lam": 0.1,
    "selection_metric": "rmse",
    "skipped_lam_settings": [],
    "target_name": "score_full_b",
    "test_row_count": 464,
    "train_row_count": 5043
  },
  "cv_folds": 5,
  "holdout_row_count": 464,
  "lam_grid": [
    0.1,
    1.0
  ],
  "lam_summaries": [
    {
      "fold_count": 5,
      "lam": 0.1,
      "max_val_rmse": 1.1781480590618616,
      "mean_baseline_val_rmse": 26.560436652603293,
      "mean_test_rmse": 1.2190587338705035,
      "mean_val_rmse": 1.1508510111609753
    },
    {
      "fold_count": 5,
      "lam": 1.0,
      "max_val_rmse": 1.1870880487177649,
      "mean_baseline_val_rmse": 26.560436652603293,
      "mean_test_rmse": 1.2270145369481422,
      "mean_val_rmse": 1.1577232668380442
    }
  ],
  "selection_metric": "rmse",
  "skipped_lam_settings": []
}
