{
  "backend": "pygam",
  "best_holdout_rmse": 0.5569686205069746,
  "best_lam": 0.1,
  "best_max_val_rmse": 0.6236849942949695,
  "best_mean_baseline_val_rmse": 21.406543539237674,
  "best_mean_val_rmse": 0.5910843031965107,
  "best_model_metadata": {
    "backend": "pygam",
    "benchiq_version": "0.1.0a0",
    "cv_folds": 5,
    "feature_names": [
      "theta_b",
      "theta_se_b",
      "sub_b",
      "lin_b"
    ],
    "fit_statistics": {
      "aic": 7607.403229803382,
      "edof": 24.375066913125167,
      "gcv": 0.34846195756330467,
      "loglikelihood": -3778.326547988566,
      "pseudo_r2": {
        "McFadden": 0.0013294691401098174,
        "McFadden_adj": 0.9986619540736231,
        "explained_deviance": 0.9992517370567501
      },
      "scale": 0.5872711900127039
    },
    "fit_warnings": [],
    "model_hyperparameters": {
      "fit_intercept": true,
      "lam": 0.1,
      "max_iter": 100,
      "terms": "s(0) + s(1) + s(2) + s(3) + intercept",
      "tol": 0.0001
    },
    "n_features": 4,
    "n_splines": 10,
    "pickle_protocol": 5,
    "pygam_version": "0.12.0",
    "python_version": "3.14.4",
    "selected_lam": 0.1,
    "selection_metric": "rmse",
    "skipped_lam_settings": [],
    "target_name": "score_full_b",
    "test_row_count": 461,
    "train_row_count": 4275
  },
  "cv_folds": 5,
  "holdout_row_count": 461,
  "lam_grid": [
    0.1,
    1.0
  ],
  "lam_summaries": [
    {
      "fold_count": 5,
      "lam": 0.1,
      "max_val_rmse": 0.6236849942949695,
      "mean_baseline_val_rmse": 21.406543539237674,
      "mean_test_rmse": 0.5569644451114312,
      "mean_val_rmse": 0.5910843031965107
    },
    {
      "fold_count": 5,
      "lam": 1.0,
      "max_val_rmse": 0.628060272206206,
      "mean_baseline_val_rmse": 21.406543539237674,
      "mean_test_rmse": 0.5529624102935763,
      "mean_val_rmse": 0.5992288492394755
    }
  ],
  "selection_metric": "rmse",
  "skipped_lam_settings": []
}
