{
  "backend": "pygam",
  "best_holdout_rmse": 7.685303181153688,
  "best_lam": 1.0,
  "best_max_val_rmse": 8.826133979971903,
  "best_mean_baseline_val_rmse": 14.530143980953719,
  "best_mean_val_rmse": 8.00324809758752,
  "best_model_metadata": {
    "backend": "pygam",
    "benchiq_version": "0.1.0a0",
    "cv_folds": 5,
    "feature_names": [
      "theta_b",
      "theta_se_b",
      "sub_b",
      "lin_b"
    ],
    "fit_statistics": {
      "aic": 1472.4647492555637,
      "edof": 10.18899319552067,
      "gcv": 67.13925551444046,
      "loglikelihood": -725.0433814322612,
      "pseudo_r2": {
        "McFadden": 0.7349895698349276,
        "McFadden_adj": 0.25468166375245693,
        "explained_deviance": 0.7235059748020303
      },
      "scale": 7.829577152509299
    },
    "fit_warnings": [],
    "model_hyperparameters": {
      "fit_intercept": true,
      "lam": 1.0,
      "max_iter": 100,
      "terms": "s(0) + s(1) + s(2) + s(3) + intercept",
      "tol": 0.0001
    },
    "n_features": 4,
    "n_splines": 8,
    "pickle_protocol": 5,
    "pygam_version": "0.12.0",
    "python_version": "3.14.4",
    "selected_lam": 1.0,
    "selection_metric": "rmse",
    "skipped_lam_settings": [],
    "target_name": "score_full_b",
    "test_row_count": 25,
    "train_row_count": 210
  },
  "cv_folds": 5,
  "holdout_row_count": 25,
  "lam_grid": [
    0.1,
    1.0
  ],
  "lam_summaries": [
    {
      "fold_count": 5,
      "lam": 0.1,
      "max_val_rmse": 8.799957989742298,
      "mean_baseline_val_rmse": 14.530143980953719,
      "mean_test_rmse": 7.988292195647401,
      "mean_val_rmse": 8.119078906411866
    },
    {
      "fold_count": 5,
      "lam": 1.0,
      "max_val_rmse": 8.826133979971903,
      "mean_baseline_val_rmse": 14.530143980953719,
      "mean_test_rmse": 7.706680166054267,
      "mean_val_rmse": 8.00324809758752
    }
  ],
  "selection_metric": "rmse",
  "skipped_lam_settings": []
}
