{
  "backend": "pygam",
  "best_holdout_rmse": 0.865992510632733,
  "best_lam": 0.1,
  "best_max_val_rmse": 0.8501268986117088,
  "best_mean_baseline_val_rmse": 15.65458395023746,
  "best_mean_val_rmse": 0.7985211609709804,
  "best_model_metadata": {
    "backend": "pygam",
    "benchiq_version": "0.1.0a0",
    "cv_folds": 5,
    "feature_names": [
      "theta_b",
      "theta_se_b",
      "sub_b",
      "lin_b"
    ],
    "fit_statistics": {
      "aic": 10229.370138823973,
      "edof": 20.416436802170708,
      "gcv": 0.6404572034905954,
      "loglikelihood": -5093.2686326098155,
      "pseudo_r2": {
        "McFadden": 0.006140329290844582,
        "McFadden_adj": 0.9938350571154195,
        "explained_deviance": 0.9974219582315128
      },
      "scale": 0.7968456072529622
    },
    "fit_warnings": [],
    "model_hyperparameters": {
      "fit_intercept": true,
      "lam": 0.1,
      "max_iter": 100,
      "terms": "s(0) + s(1) + s(2) + s(3) + intercept",
      "tol": 0.0001
    },
    "n_features": 4,
    "n_splines": 10,
    "pickle_protocol": 5,
    "pygam_version": "0.12.0",
    "python_version": "3.14.4",
    "selected_lam": 0.1,
    "selection_metric": "rmse",
    "skipped_lam_settings": [],
    "target_name": "score_full_b",
    "test_row_count": 464,
    "train_row_count": 4282
  },
  "cv_folds": 5,
  "holdout_row_count": 464,
  "lam_grid": [
    0.1,
    1.0
  ],
  "lam_summaries": [
    {
      "fold_count": 5,
      "lam": 0.1,
      "max_val_rmse": 0.8501268986117088,
      "mean_baseline_val_rmse": 15.65458395023746,
      "mean_test_rmse": 0.8662452832796355,
      "mean_val_rmse": 0.7985211609709804
    },
    {
      "fold_count": 5,
      "lam": 1.0,
      "max_val_rmse": 0.8511079853083334,
      "mean_baseline_val_rmse": 15.65458395023746,
      "mean_test_rmse": 0.8664038726669936,
      "mean_val_rmse": 0.8004301734680995
    }
  ],
  "selection_metric": "rmse",
  "skipped_lam_settings": []
}
