{
  "backend": "pygam",
  "best_holdout_rmse": 0.9370370927643262,
  "best_lam": 0.1,
  "best_max_val_rmse": 0.856365990788703,
  "best_mean_baseline_val_rmse": 15.469389922555425,
  "best_mean_val_rmse": 0.8096358684775151,
  "best_model_metadata": {
    "backend": "pygam",
    "benchiq_version": "0.1.0a0",
    "cv_folds": 5,
    "feature_names": [
      "theta_b",
      "theta_se_b",
      "sub_b",
      "lin_b"
    ],
    "fit_statistics": {
      "aic": 10345.916800157778,
      "edof": 20.26697464918439,
      "gcv": 0.6592270590804484,
      "loglikelihood": -5151.691425429704,
      "pseudo_r2": {
        "McFadden": 0.006547168804979556,
        "McFadden_adj": 0.9934270743526096,
        "explained_deviance": 0.9972834015066679
      },
      "scale": 0.8084610104979696
    },
    "fit_warnings": [],
    "model_hyperparameters": {
      "fit_intercept": true,
      "lam": 0.1,
      "max_iter": 100,
      "terms": "s(0) + s(1) + s(2) + s(3) + intercept",
      "tol": 0.0001
    },
    "n_features": 4,
    "n_splines": 10,
    "pickle_protocol": 5,
    "pygam_version": "0.12.0",
    "python_version": "3.14.4",
    "selected_lam": 0.1,
    "selection_metric": "rmse",
    "skipped_lam_settings": [],
    "target_name": "score_full_b",
    "test_row_count": 462,
    "train_row_count": 4279
  },
  "cv_folds": 5,
  "holdout_row_count": 462,
  "lam_grid": [
    0.1,
    1.0
  ],
  "lam_summaries": [
    {
      "fold_count": 5,
      "lam": 0.1,
      "max_val_rmse": 0.856365990788703,
      "mean_baseline_val_rmse": 15.469389922555425,
      "mean_test_rmse": 0.9373766626664448,
      "mean_val_rmse": 0.8096358684775151
    },
    {
      "fold_count": 5,
      "lam": 1.0,
      "max_val_rmse": 0.857302284739564,
      "mean_baseline_val_rmse": 15.469389922555425,
      "mean_test_rmse": 0.9378262044238681,
      "mean_val_rmse": 0.8105835865428859
    }
  ],
  "selection_metric": "rmse",
  "skipped_lam_settings": []
}
