{
  "benchmarks": {
    "arc": {
      "diagnostics": {
        "test": {
          "count": 461,
          "score_max": 77.42857142857143,
          "score_mean": 57.19429810969942,
          "score_min": 17.71428571428571
        },
        "train": {
          "count": 4275,
          "score_max": 87.71428571428571,
          "score_mean": 53.93650793650794,
          "score_min": 11.142857142857142
        },
        "val": {
          "count": 475,
          "score_max": 76.0,
          "score_mean": 53.82255639097744,
          "score_min": 11.142857142857142
        }
      },
      "effective_bins": 10,
      "fallback_reason": null,
      "strategy": "global_plus_local_val",
      "stratification_used": true,
      "test_model_count": 461,
      "train_model_count": 4275,
      "val_model_count": 475,
      "val_split_method": "stratified",
      "valid_model_count": 5211,
      "warnings": []
    },
    "gsm8k": {
      "diagnostics": {
        "test": {
          "count": 461,
          "score_max": 85.42857142857143,
          "score_mean": 46.25968391695073,
          "score_min": 0.0
        },
        "train": {
          "count": 5035,
          "score_max": 88.28571428571429,
          "score_mean": 36.43949496382466,
          "score_min": 0.0
        },
        "val": {
          "count": 560,
          "score_max": 83.14285714285714,
          "score_mean": 36.51173469387755,
          "score_min": 0.0
        }
      },
      "effective_bins": 10,
      "fallback_reason": null,
      "strategy": "global_plus_local_val",
      "stratification_used": true,
      "test_model_count": 461,
      "train_model_count": 5035,
      "val_model_count": 560,
      "val_split_method": "stratified",
      "valid_model_count": 6056,
      "warnings": []
    },
    "hellaswag": {
      "diagnostics": {
        "test": {
          "count": 461,
          "score_max": 90.28571428571428,
          "score_mean": 74.72203284784631,
          "score_min": 19.428571428571427
        },
        "train": {
          "count": 4275,
          "score_max": 91.71428571428571,
          "score_mean": 69.84334168755221,
          "score_min": 4.0
        },
        "val": {
          "count": 475,
          "score_max": 89.71428571428571,
          "score_mean": 69.71248120300753,
          "score_min": 4.571428571428571
        }
      },
      "effective_bins": 10,
      "fallback_reason": null,
      "strategy": "global_plus_local_val",
      "stratification_used": true,
      "test_model_count": 461,
      "train_model_count": 4275,
      "val_model_count": 475,
      "val_split_method": "stratified",
      "valid_model_count": 5211,
      "warnings": []
    },
    "mmlu": {
      "diagnostics": {
        "test": {
          "count": 461,
          "score_max": 89.71428571428571,
          "score_mean": 62.75612023551286,
          "score_min": 19.714285714285715
        },
        "train": {
          "count": 4273,
          "score_max": 92.0,
          "score_mean": 59.35047307010799,
          "score_min": 19.428571428571427
        },
        "val": {
          "count": 475,
          "score_max": 85.42857142857143,
          "score_mean": 59.22887218045113,
          "score_min": 19.428571428571427
        }
      },
      "effective_bins": 10,
      "fallback_reason": null,
      "strategy": "global_plus_local_val",
      "stratification_used": true,
      "test_model_count": 461,
      "train_model_count": 4273,
      "val_model_count": 475,
      "val_split_method": "stratified",
      "valid_model_count": 5209,
      "warnings": []
    },
    "truthfulqa": {
      "diagnostics": {
        "test": {
          "count": 461,
          "score_max": 66.0,
          "score_mean": 30.90238611713666,
          "score_min": 8.571428571428571
        },
        "train": {
          "count": 4275,
          "score_max": 100.0,
          "score_mean": 29.577009189640766,
          "score_min": 7.7142857142857135
        },
        "val": {
          "count": 476,
          "score_max": 100.0,
          "score_mean": 29.743697478991596,
          "score_min": 7.7142857142857135
        }
      },
      "effective_bins": 10,
      "fallback_reason": null,
      "strategy": "global_plus_local_val",
      "stratification_used": true,
      "test_model_count": 461,
      "train_model_count": 4275,
      "val_model_count": 476,
      "val_split_method": "stratified",
      "valid_model_count": 5212,
      "warnings": []
    },
    "winogrande": {
      "diagnostics": {
        "test": {
          "count": 461,
          "score_max": 90.0,
          "score_mean": 77.67771924387976,
          "score_min": 50.28571428571429
        },
        "train": {
          "count": 5468,
          "score_max": 93.42857142857143,
          "score_mean": 73.98374960810952,
          "score_min": 44.285714285714285
        },
        "val": {
          "count": 608,
          "score_max": 90.85714285714286,
          "score_mean": 73.9577067669173,
          "score_min": 44.857142857142854
        }
      },
      "effective_bins": 10,
      "fallback_reason": null,
      "strategy": "global_plus_local_val",
      "stratification_used": true,
      "test_model_count": 461,
      "train_model_count": 5468,
      "val_model_count": 608,
      "val_split_method": "stratified",
      "valid_model_count": 6537,
      "warnings": []
    }
  },
  "counts": {
    "benchmark_count": 6,
    "global_test_enabled": true,
    "global_test_model_count": 461
  },
  "generated_at": "2026-04-20T01:04:54.030301+00:00",
  "global_test": {
    "assigned_test_count": 461,
    "assigned_train_pool_count": 4147,
    "diagnostics": {
      "benchmark_local_only": {
        "count": 2224,
        "score_max": null,
        "score_mean": null,
        "score_min": null
      },
      "test": {
        "count": 461,
        "score_max": 79.57142857142857,
        "score_mean": 58.25204007850429,
        "score_min": 20.047619047619047
      },
      "train_pool": {
        "count": 4147,
        "score_max": 79.47619047619047,
        "score_mean": 58.01769494872943,
        "score_min": 16.047619047619047
      }
    },
    "effective_bins": 10,
    "eligible_model_count": 4608,
    "enabled": true,
    "fallback_reason": null,
    "skip_reason": null,
    "split_method": "stratified",
    "stratification_used": true,
    "test_model_count": 461,
    "train_val_pool_count": 4147,
    "warnings": []
  },
  "warnings": []
}
