{
  "backend": "pygam",
  "best_holdout_rmse": 9.60249750923712,
  "best_lam": 1.0,
  "best_max_val_rmse": 9.734257026879005,
  "best_mean_baseline_val_rmse": 13.905682384909033,
  "best_mean_val_rmse": 8.250616510695478,
  "best_model_metadata": {
    "backend": "pygam",
    "benchiq_version": "0.1.0a0",
    "cv_folds": 5,
    "feature_names": [
      "theta_b",
      "theta_se_b",
      "sub_b",
      "lin_b"
    ],
    "fit_statistics": {
      "aic": 1417.260800244865,
      "edof": 10.496741959338177,
      "gcv": 72.57825156555981,
      "loglikelihood": -697.1336581630944,
      "pseudo_r2": {
        "McFadden": 0.7782081607192123,
        "McFadden_adj": 0.2100743584819914,
        "explained_deviance": 0.6770971701970327
      },
      "scale": 8.108976131572515
    },
    "fit_warnings": [],
    "model_hyperparameters": {
      "fit_intercept": true,
      "lam": 1.0,
      "max_iter": 100,
      "terms": "s(0) + s(1) + s(2) + s(3) + intercept",
      "tol": 0.0001
    },
    "n_features": 4,
    "n_splines": 8,
    "pickle_protocol": 5,
    "pygam_version": "0.12.0",
    "python_version": "3.14.4",
    "selected_lam": 1.0,
    "selection_metric": "rmse",
    "skipped_lam_settings": [],
    "target_name": "score_full_b",
    "test_row_count": 26,
    "train_row_count": 200
  },
  "cv_folds": 5,
  "holdout_row_count": 26,
  "lam_grid": [
    0.1,
    1.0
  ],
  "lam_summaries": [
    {
      "fold_count": 5,
      "lam": 0.1,
      "max_val_rmse": 10.160676533097007,
      "mean_baseline_val_rmse": 13.905682384909033,
      "mean_test_rmse": 9.535659231186335,
      "mean_val_rmse": 8.335521520635682
    },
    {
      "fold_count": 5,
      "lam": 1.0,
      "max_val_rmse": 9.734257026879005,
      "mean_baseline_val_rmse": 13.905682384909033,
      "mean_test_rmse": 9.638138878774274,
      "mean_val_rmse": 8.250616510695478
    }
  ],
  "selection_metric": "rmse",
  "skipped_lam_settings": []
}
