{
  "artifacts": {
    "expected_test_information_plot": "reports/budget_overlap_tuning/workdir_seed7_followup/budget_followup__large_release_default_subset__kp-300__kf-200__seed-7/artifacts/06_select/per_benchmark/winogrande/plots/expected_test_information.png",
    "plots_reason": null,
    "plots_written": true
  },
  "benchmark_id": "winogrande",
  "counts": {
    "candidate_item_count": 300,
    "info_grid_row_count": 75300,
    "selected_item_count": 200
  },
  "expected_test_information": {
    "full_sum_max": 364.54223673417084,
    "reduced_sum_max": 134.64617305958436
  },
  "generated_at": "2026-04-19T17:07:00.121418+00:00",
  "parameters": {
    "effective_k_final": 200,
    "info_min": 0.0,
    "n_bins": 200,
    "requested_k_final": 200,
    "theta_grid_size": 251,
    "theta_grid_type": "difficulty_range"
  },
  "selected_item_ids": [
    "814",
    "1066",
    "813",
    "211",
    "311",
    "989",
    "696",
    "332",
    "254",
    "619",
    "23",
    "1067",
    "79",
    "916",
    "185",
    "60",
    "180",
    "66",
    "711",
    "94",
    "958",
    "73",
    "974",
    "609",
    "275",
    "345",
    "68",
    "269",
    "373",
    "1053",
    "436",
    "14",
    "709",
    "195",
    "416",
    "1207",
    "280",
    "1051",
    "778",
    "926",
    "1055",
    "128",
    "168",
    "1244",
    "731",
    "1256",
    "241",
    "328",
    "47",
    "299",
    "401",
    "403",
    "827",
    "1086",
    "688",
    "728",
    "343",
    "841",
    "663",
    "344",
    "544",
    "1222",
    "720",
    "42",
    "123",
    "388",
    "1044",
    "458",
    "482",
    "860",
    "640",
    "872",
    "200",
    "1141",
    "647",
    "32",
    "685",
    "612",
    "429",
    "50",
    "701",
    "1063",
    "1022",
    "237",
    "1177",
    "18",
    "633",
    "930",
    "524",
    "616",
    "940",
    "1042",
    "651",
    "1216",
    "242",
    "278",
    "596",
    "736",
    "772",
    "737",
    "1080",
    "40",
    "422",
    "802",
    "579",
    "494",
    "1027",
    "498",
    "11",
    "957",
    "854",
    "1043",
    "1060",
    "842",
    "730",
    "684",
    "413",
    "881",
    "1006",
    "25",
    "1226",
    "1049",
    "496",
    "111",
    "276",
    "925",
    "907",
    "746",
    "143",
    "196",
    "799",
    "175",
    "315",
    "1250",
    "334",
    "1089",
    "480",
    "190",
    "667",
    "1117",
    "279",
    "1192",
    "379",
    "160",
    "194",
    "13",
    "89",
    "1139",
    "169",
    "372",
    "338",
    "484",
    "186",
    "804",
    "817",
    "983",
    "577",
    "266",
    "632",
    "446",
    "256",
    "523",
    "9",
    "61",
    "682",
    "192",
    "777",
    "858",
    "104",
    "161",
    "259",
    "272",
    "727",
    "251",
    "262",
    "419",
    "152",
    "71",
    "634",
    "31",
    "167",
    "506",
    "1098",
    "475",
    "1208",
    "215",
    "468",
    "1105",
    "64",
    "960",
    "508",
    "191",
    "270",
    "1210",
    "1127",
    "303",
    "1068",
    "233",
    "360",
    "154"
  ],
  "skipped": false,
  "skipped_reason": null,
  "theta_grid": {
    "grid_size": 251,
    "max_theta": 6.990232829022873,
    "min_theta": -6.808520644249044
  },
  "warnings": []
}
