{
  "backend": "pygam",
  "best_holdout_rmse": 5.497887862337627,
  "best_lam": 1.0,
  "best_max_val_rmse": 4.416414179702109,
  "best_mean_baseline_val_rmse": 14.157629325882763,
  "best_mean_val_rmse": 3.6279138195112113,
  "best_model_metadata": {
    "backend": "pygam",
    "benchiq_version": "0.1.0a0",
    "cv_folds": 5,
    "feature_names": [
      "theta_b",
      "theta_se_b",
      "sub_b",
      "lin_b"
    ],
    "fit_statistics": {
      "aic": 505.3212567829169,
      "edof": 8.54995805219691,
      "gcv": 14.315798189975984,
      "loglikelihood": -243.11067033926156,
      "pseudo_r2": {
        "McFadden": 0.24426963795468074,
        "McFadden_adj": 0.7471396442663615,
        "explained_deviance": 0.9468446246572919
      },
      "scale": 3.459493574685904
    },
    "fit_warnings": [],
    "model_hyperparameters": {
      "fit_intercept": true,
      "lam": 1.0,
      "max_iter": 100,
      "terms": "s(0) + s(1) + s(2) + s(3) + intercept",
      "tol": 0.0001
    },
    "n_features": 4,
    "n_splines": 8,
    "pickle_protocol": 5,
    "pygam_version": "0.12.0",
    "python_version": "3.14.4",
    "selected_lam": 1.0,
    "selection_metric": "rmse",
    "skipped_lam_settings": [],
    "target_name": "score_full_b",
    "test_row_count": 16,
    "train_row_count": 93
  },
  "cv_folds": 5,
  "holdout_row_count": 16,
  "lam_grid": [
    0.1,
    1.0
  ],
  "lam_summaries": [
    {
      "fold_count": 5,
      "lam": 0.1,
      "max_val_rmse": 4.399234068774952,
      "mean_baseline_val_rmse": 14.157629325882763,
      "mean_test_rmse": 6.08090818610754,
      "mean_val_rmse": 3.7311058079253785
    },
    {
      "fold_count": 5,
      "lam": 1.0,
      "max_val_rmse": 4.416414179702109,
      "mean_baseline_val_rmse": 14.157629325882763,
      "mean_test_rmse": 5.482581279405447,
      "mean_val_rmse": 3.6279138195112113
    }
  ],
  "selection_metric": "rmse",
  "skipped_lam_settings": []
}
