{
  "backend": "pygam",
  "best_holdout_rmse": 1.068993503422328,
  "best_lam": 0.1,
  "best_max_val_rmse": 1.0235875229619682,
  "best_mean_baseline_val_rmse": 16.740733369511553,
  "best_mean_val_rmse": 0.995664850231508,
  "best_model_metadata": {
    "backend": "pygam",
    "benchiq_version": "0.1.0a0",
    "cv_folds": 5,
    "feature_names": [
      "theta_b",
      "theta_se_b",
      "sub_b",
      "lin_b"
    ],
    "fit_statistics": {
      "aic": 12092.654652934032,
      "edof": 24.050462317119237,
      "gcv": 0.9949064092383748,
      "loglikelihood": -6021.276864149897,
      "pseudo_r2": {
        "McFadden": 0.009835430973546631,
        "McFadden_adj": 0.9901252838935258,
        "explained_deviance": 0.99650591672444
      },
      "scale": 0.992389311616291
    },
    "fit_warnings": [],
    "model_hyperparameters": {
      "fit_intercept": true,
      "lam": 0.1,
      "max_iter": 100,
      "terms": "s(0) + s(1) + s(2) + s(3) + intercept",
      "tol": 0.0001
    },
    "n_features": 4,
    "n_splines": 10,
    "pickle_protocol": 5,
    "pygam_version": "0.12.0",
    "python_version": "3.14.4",
    "selected_lam": 0.1,
    "selection_metric": "rmse",
    "skipped_lam_settings": [],
    "target_name": "score_full_b",
    "test_row_count": 461,
    "train_row_count": 4275
  },
  "cv_folds": 5,
  "holdout_row_count": 461,
  "lam_grid": [
    0.1,
    1.0
  ],
  "lam_summaries": [
    {
      "fold_count": 5,
      "lam": 0.1,
      "max_val_rmse": 1.0235875229619682,
      "mean_baseline_val_rmse": 16.740733369511553,
      "mean_test_rmse": 1.0676509591645356,
      "mean_val_rmse": 0.995664850231508
    },
    {
      "fold_count": 5,
      "lam": 1.0,
      "max_val_rmse": 1.0225625490917176,
      "mean_baseline_val_rmse": 16.740733369511553,
      "mean_test_rmse": 1.0686731114148205,
      "mean_val_rmse": 0.9986752557464831
    }
  ],
  "selection_metric": "rmse",
  "skipped_lam_settings": []
}
