{
  "benchmark_id": "b2",
  "generated_at": "2026-04-17T23:35:54.296745+00:00",
  "joint": {
    "available_row_count": 60,
    "benchmark_id": "b2",
    "cv_report": {
      "backend": "pygam",
      "best_holdout_rmse": 15.468090743441318,
      "best_lam": 0.1,
      "best_max_val_rmse": 17.052744599594483,
      "best_mean_baseline_val_rmse": 26.096649370280897,
      "best_mean_val_rmse": 15.380924079320659,
      "best_model_metadata": {
        "backend": "pygam",
        "benchiq_version": "0.1.0a0",
        "cv_folds": 3,
        "feature_names": [
          "theta_b1",
          "theta_b2",
          "theta_b3",
          "theta_se_b",
          "sub_b",
          "grand_sub",
          "lin_b",
          "grand_lin"
        ],
        "fit_statistics": {
          "aic": 391.8480428197261,
          "edof": 12.572341366693536,
          "gcv": 279.1993609495268,
          "loglikelihood": -182.35168004316952,
          "pseudo_r2": {
            "McFadden": 0.6801975707087107,
            "McFadden_adj": 0.272905816911732,
            "explained_deviance": 0.8287666767549963
          },
          "scale": 12.317446724814472
        },
        "fit_warnings": [],
        "model_hyperparameters": {
          "fit_intercept": true,
          "lam": 0.1,
          "max_iter": 100,
          "terms": "s(0) + s(1) + s(2) + s(3) + s(4) + s(5) + s(6) + s(7) + intercept",
          "tol": 0.0001
        },
        "n_features": 8,
        "n_splines": 5,
        "pickle_protocol": 5,
        "pygam_version": "0.12.0",
        "python_version": "3.14.4",
        "selected_lam": 0.1,
        "selection_metric": "rmse",
        "skipped_lam_settings": [],
        "target_name": "score_full_b",
        "test_row_count": 6,
        "train_row_count": 48
      },
      "cv_folds": 3,
      "holdout_row_count": 6,
      "lam_grid": [
        0.1,
        1.0
      ],
      "lam_summaries": [
        {
          "fold_count": 3,
          "lam": 0.1,
          "max_val_rmse": 17.052744599594483,
          "mean_baseline_val_rmse": 26.096649370280897,
          "mean_test_rmse": 17.02794509804084,
          "mean_val_rmse": 15.380924079320659
        },
        {
          "fold_count": 3,
          "lam": 1.0,
          "max_val_rmse": 16.988770224622577,
          "mean_baseline_val_rmse": 26.096649370280897,
          "mean_test_rmse": 16.961530821454517,
          "mean_val_rmse": 15.42395383072508
        }
      ],
      "selection_metric": "rmse",
      "skipped_lam_settings": []
    },
    "feature_columns": [
      "theta_b1",
      "theta_b2",
      "theta_b3",
      "theta_se_b",
      "sub_b",
      "grand_sub",
      "lin_b",
      "grand_lin"
    ],
    "metrics": {
      "test": {
        "baseline_mae": 30.65476190476191,
        "baseline_rmse": 34.699113625488444,
        "mae": 12.269002954141031,
        "pearson_r": 0.9401273294488126,
        "rmse": 15.468090743441318,
        "row_count": 6,
        "spearman_r": 0.898645105261295
      },
      "train": {
        "baseline_mae": 22.32142857142857,
        "baseline_rmse": 25.57273373897194,
        "mae": 8.552706475830597,
        "pearson_r": 0.9104157393674424,
        "rmse": 10.582086312711967,
        "row_count": 48,
        "spearman_r": 0.9108640238508364
      },
      "val": {
        "baseline_mae": 23.809523809523807,
        "baseline_rmse": 26.97847308881808,
        "mae": 10.839451143251184,
        "pearson_r": 0.9297980432089483,
        "rmse": 11.67364441927184,
        "row_count": 6,
        "spearman_r": 0.8116794499134278
      }
    },
    "model_type": "joint",
    "skip_reason": null,
    "skipped": false,
    "split_counts": {
      "test": 6,
      "train": 48,
      "val": 6
    },
    "test_row_count": 6,
    "train_row_count": 48,
    "val_row_count": 6
  },
  "marginal": {
    "available_row_count": 60,
    "benchmark_id": "b2",
    "cv_report": {
      "backend": "pygam",
      "best_holdout_rmse": 15.326342507285279,
      "best_lam": 1.0,
      "best_max_val_rmse": 15.312225964579872,
      "best_mean_baseline_val_rmse": 26.973526906147033,
      "best_mean_val_rmse": 13.258207071409439,
      "best_model_metadata": {
        "backend": "pygam",
        "benchiq_version": "0.1.0a0",
        "cv_folds": 3,
        "feature_names": [
          "theta_b",
          "theta_se_b",
          "sub_b",
          "lin_b"
        ],
        "fit_statistics": {
          "aic": 389.0918403600978,
          "edof": 5.27254327612186,
          "gcv": 207.32551398350893,
          "loglikelihood": -188.27337690392704,
          "pseudo_r2": {
            "McFadden": 0.7213123019451965,
            "McFadden_adj": 0.2584875487286149,
            "explained_deviance": 0.772980883406143
          },
          "scale": 12.91443672290919
        },
        "fit_warnings": [],
        "model_hyperparameters": {
          "fit_intercept": true,
          "lam": 1.0,
          "max_iter": 100,
          "terms": "s(0) + s(1) + s(2) + s(3) + intercept",
          "tol": 0.0001
        },
        "n_features": 4,
        "n_splines": 5,
        "pickle_protocol": 5,
        "pygam_version": "0.12.0",
        "python_version": "3.14.4",
        "selected_lam": 1.0,
        "selection_metric": "rmse",
        "skipped_lam_settings": [],
        "target_name": "score_full_b",
        "test_row_count": 6,
        "train_row_count": 48
      },
      "cv_folds": 3,
      "holdout_row_count": 6,
      "lam_grid": [
        0.1,
        1.0
      ],
      "lam_summaries": [
        {
          "fold_count": 3,
          "lam": 0.1,
          "max_val_rmse": 14.901115448694565,
          "mean_baseline_val_rmse": 26.973526906147033,
          "mean_test_rmse": 14.706788923883636,
          "mean_val_rmse": 13.273085626176302
        },
        {
          "fold_count": 3,
          "lam": 1.0,
          "max_val_rmse": 15.312225964579872,
          "mean_baseline_val_rmse": 26.973526906147033,
          "mean_test_rmse": 15.204192994144401,
          "mean_val_rmse": 13.258207071409439
        }
      ],
      "selection_metric": "rmse",
      "skipped_lam_settings": []
    },
    "feature_columns": [
      "theta_b",
      "theta_se_b",
      "sub_b",
      "lin_b"
    ],
    "metrics": {
      "test": {
        "baseline_mae": 30.65476190476191,
        "baseline_rmse": 34.699113625488444,
        "mae": 12.961946922926343,
        "pearson_r": 0.9280978672103415,
        "rmse": 15.326342507285279,
        "row_count": 6,
        "spearman_r": 0.9404032585917881
      },
      "train": {
        "baseline_mae": 22.32142857142857,
        "baseline_rmse": 25.57273373897194,
        "mae": 10.031676013726269,
        "pearson_r": 0.8791983136321271,
        "rmse": 12.184518494734338,
        "row_count": 48,
        "spearman_r": 0.8799610200493755
      },
      "val": {
        "baseline_mae": 23.809523809523807,
        "baseline_rmse": 26.97847308881808,
        "mae": 8.832613147414106,
        "pearson_r": 0.9436108158453249,
        "rmse": 10.182462695502252,
        "row_count": 6,
        "spearman_r": 0.9393364366277243
      }
    },
    "model_type": "marginal",
    "skip_reason": null,
    "skipped": false,
    "split_counts": {
      "test": 6,
      "train": 48,
      "val": 6
    },
    "test_row_count": 6,
    "train_row_count": 48,
    "val_row_count": 6
  },
  "summary_rows": [
    {
      "baseline_mae": 22.32142857142857,
      "baseline_rmse": 25.57273373897194,
      "benchmark_id": "b2",
      "mae": 10.031676013726269,
      "model_type": "marginal",
      "pearson_r": 0.8791983136321271,
      "rmse": 12.184518494734338,
      "row_count": 48,
      "skip_reason": null,
      "skipped": false,
      "spearman_r": 0.8799610200493755,
      "split": "train"
    },
    {
      "baseline_mae": 23.809523809523807,
      "baseline_rmse": 26.97847308881808,
      "benchmark_id": "b2",
      "mae": 8.832613147414106,
      "model_type": "marginal",