{
  "backend": "pygam",
  "best_holdout_rmse": 19.72454169918378,
  "best_lam": 1.0,
  "best_max_val_rmse": 15.561499421032758,
  "best_mean_baseline_val_rmse": 26.49508308839725,
  "best_mean_val_rmse": 14.59206103482061,
  "best_model_metadata": {
    "backend": "pygam",
    "benchiq_version": "0.1.0a0",
    "cv_folds": 3,
    "feature_names": [
      "theta_b",
      "theta_se_b",
      "sub_b",
      "lin_b"
    ],
    "fit_statistics": {
      "aic": 402.03062873094456,
      "edof": 5.169989912308593,
      "gcv": 270.7849701158066,
      "loglikelihood": -194.8453244531637,
      "pseudo_r2": {
        "McFadden": 0.7856889551190958,
        "McFadden_adj": 0.19346371901574388,
        "explained_deviance": 0.7127917310509276
      },
      "scale": 14.793577311729162
    },
    "fit_warnings": [],
    "model_hyperparameters": {
      "fit_intercept": true,
      "lam": 1.0,
      "max_iter": 100,
      "terms": "s(0) + s(1) + s(2) + s(3) + intercept",
      "tol": 0.0001
    },
    "n_features": 4,
    "n_splines": 5,
    "pickle_protocol": 5,
    "pygam_version": "0.12.0",
    "python_version": "3.14.4",
    "selected_lam": 1.0,
    "selection_metric": "rmse",
    "skipped_lam_settings": [],
    "target_name": "score_full_b",
    "test_row_count": 6,
    "train_row_count": 48
  },
  "cv_folds": 3,
  "holdout_row_count": 6,
  "lam_grid": [
    0.1,
    1.0
  ],
  "lam_summaries": [
    {
      "fold_count": 3,
      "lam": 0.1,
      "max_val_rmse": 16.055783747080138,
      "mean_baseline_val_rmse": 26.49508308839725,
      "mean_test_rmse": 19.84329403235865,
      "mean_val_rmse": 14.707148324828681
    },
    {
      "fold_count": 3,
      "lam": 1.0,
      "max_val_rmse": 15.561499421032758,
      "mean_baseline_val_rmse": 26.49508308839725,
      "mean_test_rmse": 19.950599195441363,
      "mean_val_rmse": 14.59206103482061
    }
  ],
  "selection_metric": "rmse",
  "skipped_lam_settings": []
}
