{
  "backend": "pygam",
  "best_holdout_rmse": 1.0945025192773177,
  "best_lam": 0.1,
  "best_max_val_rmse": 1.0499318998763805,
  "best_mean_baseline_val_rmse": 16.80866715821374,
  "best_mean_val_rmse": 1.004314987262115,
  "best_model_metadata": {
    "backend": "pygam",
    "benchiq_version": "0.1.0a0",
    "cv_folds": 5,
    "feature_names": [
      "theta_b",
      "theta_se_b",
      "sub_b",
      "lin_b"
    ],
    "fit_statistics": {
      "aic": 12191.969474185735,
      "edof": 24.588574642250354,
      "gcv": 1.0143263729461174,
      "loglikelihood": -6070.396162450617,
      "pseudo_r2": {
        "McFadden": 0.010011900921060645,
        "McFadden_adj": 0.989947545156836,
        "explained_deviance": 0.9964669803620935
      },
      "scale": 1.001920690362229
    },
    "fit_warnings": [],
    "model_hyperparameters": {
      "fit_intercept": true,
      "lam": 0.1,
      "max_iter": 100,
      "terms": "s(0) + s(1) + s(2) + s(3) + intercept",
      "tol": 0.0001
    },
    "n_features": 4,
    "n_splines": 10,
    "pickle_protocol": 5,
    "pygam_version": "0.12.0",
    "python_version": "3.14.4",
    "selected_lam": 0.1,
    "selection_metric": "rmse",
    "skipped_lam_settings": [],
    "target_name": "score_full_b",
    "test_row_count": 464,
    "train_row_count": 4281
  },
  "cv_folds": 5,
  "holdout_row_count": 464,
  "lam_grid": [
    0.1,
    1.0
  ],
  "lam_summaries": [
    {
      "fold_count": 5,
      "lam": 0.1,
      "max_val_rmse": 1.0499318998763805,
      "mean_baseline_val_rmse": 16.80866715821374,
      "mean_test_rmse": 1.0944338700224714,
      "mean_val_rmse": 1.004314987262115
    },
    {
      "fold_count": 5,
      "lam": 1.0,
      "max_val_rmse": 1.0508614375961416,
      "mean_baseline_val_rmse": 16.80866715821374,
      "mean_test_rmse": 1.0944290191869206,
      "mean_val_rmse": 1.0064539687137133
    }
  ],
  "selection_metric": "rmse",
  "skipped_lam_settings": []
}
