{
  "backend": "pygam",
  "best_holdout_rmse": 0.6438251018756325,
  "best_lam": 0.1,
  "best_max_val_rmse": 0.6047012331054569,
  "best_mean_baseline_val_rmse": 21.610705138875975,
  "best_mean_val_rmse": 0.5924415542661471,
  "best_model_metadata": {
    "backend": "pygam",
    "benchiq_version": "0.1.0a0",
    "cv_folds": 5,
    "feature_names": [
      "theta_b",
      "theta_se_b",
      "sub_b",
      "lin_b"
    ],
    "fit_statistics": {
      "aic": 7627.628240441053,
      "edof": 24.352738245267286,
      "gcv": 0.34938222103837824,
      "loglikelihood": -3788.4613819752594,
      "pseudo_r2": {
        "McFadden": 0.0013100413691874125,
        "McFadden_adj": 0.9986815375090595,
        "explained_deviance": 0.9992637806355004
      },
      "scale": 0.5880524945345615
    },
    "fit_warnings": [],
    "model_hyperparameters": {
      "fit_intercept": true,
      "lam": 0.1,
      "max_iter": 100,
      "terms": "s(0) + s(1) + s(2) + s(3) + intercept",
      "tol": 0.0001
    },
    "n_features": 4,
    "n_splines": 10,
    "pickle_protocol": 5,
    "pygam_version": "0.12.0",
    "python_version": "3.14.4",
    "selected_lam": 0.1,
    "selection_metric": "rmse",
    "skipped_lam_settings": [],
    "target_name": "score_full_b",
    "test_row_count": 463,
    "train_row_count": 4280
  },
  "cv_folds": 5,
  "holdout_row_count": 463,
  "lam_grid": [
    0.1,
    1.0
  ],
  "lam_summaries": [
    {
      "fold_count": 5,
      "lam": 0.1,
      "max_val_rmse": 0.6047012331054569,
      "mean_baseline_val_rmse": 21.610705138875975,
      "mean_test_rmse": 0.6441854202388908,
      "mean_val_rmse": 0.5924415542661471
    },
    {
      "fold_count": 5,
      "lam": 1.0,
      "max_val_rmse": 0.6176302390909091,
      "mean_baseline_val_rmse": 21.610705138875975,
      "mean_test_rmse": 0.6457410271627554,
      "mean_val_rmse": 0.6000608363067693
    }
  ],
  "selection_metric": "rmse",
  "skipped_lam_settings": []
}
