{
  "benchmarks": {
    "arc": {
      "diagnostics": {
        "test": {
          "count": 464,
          "score_max": 86.93009118541033,
          "score_mean": 54.432842469342845,
          "score_min": 10.638297872340425
        },
        "train": {
          "count": 4281,
          "score_max": 77.50759878419453,
          "score_mean": 51.48152329264319,
          "score_min": 8.206686930091186
        },
        "val": {
          "count": 476,
          "score_max": 75.98784194528876,
          "score_mean": 51.74580470486067,
          "score_min": 11.246200607902736
        }
      },
      "effective_bins": 10,
      "fallback_reason": null,
      "strategy": "global_plus_local_val",
      "stratification_used": true,
      "test_model_count": 464,
      "train_model_count": 4281,
      "val_model_count": 476,
      "val_split_method": "stratified",
      "valid_model_count": 5221,
      "warnings": []
    },
    "gsm8k": {
      "diagnostics": {
        "test": {
          "count": 464,
          "score_max": 87.42857142857143,
          "score_mean": 45.54802955665024,
          "score_min": 0.0
        },
        "train": {
          "count": 5043,
          "score_max": 88.28571428571429,
          "score_mean": 36.407467210560604,
          "score_min": 0.0
        },
        "val": {
          "count": 561,
          "score_max": 88.28571428571429,
          "score_mean": 36.55614973262032,
          "score_min": 0.0
        }
      },
      "effective_bins": 10,
      "fallback_reason": null,
      "strategy": "global_plus_local_val",
      "stratification_used": true,
      "test_model_count": 464,
      "train_model_count": 5043,
      "val_model_count": 561,
      "val_split_method": "stratified",
      "valid_model_count": 6068,
      "warnings": []
    },
    "hellaswag": {
      "diagnostics": {
        "test": {
          "count": 464,
          "score_max": 86.48648648648648,
          "score_mean": 66.27030355478631,
          "score_min": 3.861003861003861
        },
        "train": {
          "count": 4281,
          "score_max": 88.8030888030888,
          "score_mean": 62.17974907533422,
          "score_min": 2.7027027027027026
        },
        "val": {
          "count": 476,
          "score_max": 87.25868725868726,
          "score_mean": 62.05509230719315,
          "score_min": 3.474903474903475
        }
      },
      "effective_bins": 10,
      "fallback_reason": null,
      "strategy": "global_plus_local_val",
      "stratification_used": true,
      "test_model_count": 464,
      "train_model_count": 4281,
      "val_model_count": 476,
      "val_split_method": "stratified",
      "valid_model_count": 5221,
      "warnings": []
    },
    "mmlu": {
      "diagnostics": {
        "test": {
          "count": 464,
          "score_max": 88.01169590643275,
          "score_mean": 61.67259023996773,
          "score_min": 19.5906432748538
        },
        "train": {
          "count": 4279,
          "score_max": 91.81286549707602,
          "score_mean": 58.57895693506572,
          "score_min": 16.95906432748538
        },
        "val": {
          "count": 476,
          "score_max": 87.13450292397661,
          "score_mean": 58.35974740773503,
          "score_min": 18.128654970760234
        }
      },
      "effective_bins": 10,
      "fallback_reason": null,
      "strategy": "global_plus_local_val",
      "stratification_used": true,
      "test_model_count": 464,
      "train_model_count": 4279,
      "val_model_count": 476,
      "val_split_method": "stratified",
      "valid_model_count": 5219,
      "warnings": []
    },
    "truthfulqa": {
      "diagnostics": {
        "test": {
          "count": 464,
          "score_max": 100.0,
          "score_mean": 30.47105911330049,
          "score_min": 8.285714285714285
        },
        "train": {
          "count": 4282,
          "score_max": 100.0,
          "score_mean": 29.5894441849603,
          "score_min": 6.571428571428571
        },
        "val": {
          "count": 476,
          "score_max": 100.0,
          "score_mean": 29.573829531812724,
          "score_min": 7.7142857142857135
        }
      },
      "effective_bins": 10,
      "fallback_reason": null,
      "strategy": "global_plus_local_val",
      "stratification_used": true,
      "test_model_count": 464,
      "train_model_count": 4282,
      "val_model_count": 476,
      "val_split_method": "stratified",
      "valid_model_count": 5222,
      "warnings": []
    },
    "winogrande": {
      "diagnostics": {
        "test": {
          "count": 464,
          "score_max": 90.87301587301587,
          "score_mean": 70.23638478379857,
          "score_min": 40.87301587301587
        },
        "train": {
          "count": 5477,
          "score_max": 87.6984126984127,
          "score_mean": 66.66992705426154,
          "score_min": 37.301587301587304
        },
        "val": {
          "count": 609,
          "score_max": 90.07936507936508,
          "score_mean": 66.62952537336773,
          "score_min": 38.88888888888889
        }
      },
      "effective_bins": 10,
      "fallback_reason": null,
      "strategy": "global_plus_local_val",
      "stratification_used": true,
      "test_model_count": 464,
      "train_model_count": 5477,
      "val_model_count": 609,
      "val_split_method": "stratified",
      "valid_model_count": 6550,
      "warnings": []
    }
  },
  "counts": {
    "benchmark_count": 6,
    "global_test_enabled": true,
    "global_test_model_count": 464
  },
  "generated_at": "2026-04-19T23:47:04.158762+00:00",
  "global_test": {
    "assigned_test_count": 464,
    "assigned_train_pool_count": 4170,
    "diagnostics": {
      "benchmark_local_only": {
        "count": 2198,
        "score_max": null,
        "score_mean": null,
        "score_min": null
      },
      "test": {
        "count": 464,
        "score_max": 76.4903941695655,
        "score_mean": 54.77186828630771,
        "score_min": 15.350454117531385
      },
      "train_pool": {
        "count": 4170,
        "score_max": 78.0057531535695,
        "score_mean": 54.77263447960597,
        "score_min": 15.057854687193995
      }
    },
    "effective_bins": 10,
    "eligible_model_count": 4634,
    "enabled": true,
    "fallback_reason": null,
    "skip_reason": null,
    "split_method": "stratified",
    "stratification_used": true,
    "test_model_count": 464,
    "train_val_pool_count": 4170,
    "warnings": []
  },
  "warnings": []
}
