{
  "benchmarks": {
    "arc": {
      "diagnostics": {
        "test": {
          "count": 464,
          "score_max": 79.81927710843374,
          "score_mean": 59.77292791857084,
          "score_min": 10.542168674698797
        },
        "train": {
          "count": 4281,
          "score_max": 88.85542168674698,
          "score_mean": 56.48804045896269,
          "score_min": 9.939759036144578
        },
        "val": {
          "count": 476,
          "score_max": 78.6144578313253,
          "score_mean": 56.368963247949786,
          "score_min": 10.542168674698797
        }
      },
      "effective_bins": 10,
      "fallback_reason": null,
      "strategy": "global_plus_local_val",
      "stratification_used": true,
      "test_model_count": 464,
      "train_model_count": 4281,
      "val_model_count": 476,
      "val_split_method": "stratified",
      "valid_model_count": 5221,
      "warnings": []
    },
    "gsm8k": {
      "diagnostics": {
        "test": {
          "count": 464,
          "score_max": 89.50437317784257,
          "score_mean": 46.78546295365437,
          "score_min": 0.0
        },
        "train": {
          "count": 5043,
          "score_max": 90.0874635568513,
          "score_mean": 37.10133666792119,
          "score_min": 0.0
        },
        "val": {
          "count": 561,
          "score_max": 80.17492711370262,
          "score_mean": 36.92853764882576,
          "score_min": 0.0
        }
      },
      "effective_bins": 10,
      "fallback_reason": null,
      "strategy": "global_plus_local_val",
      "stratification_used": true,
      "test_model_count": 464,
      "train_model_count": 5043,
      "val_model_count": 561,
      "val_split_method": "stratified",
      "valid_model_count": 6068,
      "warnings": []
    },
    "hellaswag": {
      "diagnostics": {
        "test": {
          "count": 464,
          "score_max": 92.94117647058823,
          "score_mean": 76.21513691683569,
          "score_min": 3.5294117647058822
        },
        "train": {
          "count": 4281,
          "score_max": 93.52941176470588,
          "score_mean": 71.52692471522595,
          "score_min": 2.6470588235294117
        },
        "val": {
          "count": 476,
          "score_max": 92.3529411764706,
          "score_mean": 71.4211566979733,
          "score_min": 3.823529411764706
        }
      },
      "effective_bins": 10,
      "fallback_reason": null,
      "strategy": "global_plus_local_val",
      "stratification_used": true,
      "test_model_count": 464,
      "train_model_count": 4281,
      "val_model_count": 476,
      "val_split_method": "stratified",
      "valid_model_count": 5221,
      "warnings": []
    },
    "mmlu": {
      "diagnostics": {
        "test": {
          "count": 464,
          "score_max": 88.41463414634147,
          "score_mean": 64.84769238856181,
          "score_min": 20.73170731707317
        },
        "train": {
          "count": 4279,
          "score_max": 91.15853658536585,
          "score_mean": 61.67378690029013,
          "score_min": 17.682926829268293
        },
        "val": {
          "count": 476,
          "score_max": 92.07317073170732,
          "score_mean": 61.846689895470384,
          "score_min": 18.597560975609756
        }
      },
      "effective_bins": 10,
      "fallback_reason": null,
      "strategy": "global_plus_local_val",
      "stratification_used": true,
      "test_model_count": 464,
      "train_model_count": 4279,
      "val_model_count": 476,
      "val_split_method": "stratified",
      "valid_model_count": 5219,
      "warnings": []
    },
    "truthfulqa": {
      "diagnostics": {
        "test": {
          "count": 464,
          "score_max": 68.12865497076024,
          "score_mean": 31.186353095382135,
          "score_min": 8.187134502923977
        },
        "train": {
          "count": 4282,
          "score_max": 100.0,
          "score_mean": 29.9906995419422,
          "score_min": 5.847953216374268
        },
        "val": {
          "count": 476,
          "score_max": 100.0,
          "score_mean": 29.9437318787164,
          "score_min": 7.602339181286549
        }
      },
      "effective_bins": 10,
      "fallback_reason": null,
      "strategy": "global_plus_local_val",
      "stratification_used": true,
      "test_model_count": 464,
      "train_model_count": 4282,
      "val_model_count": 476,
      "val_split_method": "stratified",
      "valid_model_count": 5222,
      "warnings": []
    },
    "winogrande": {
      "diagnostics": {
        "test": {
          "count": 464,
          "score_max": 94.27710843373494,
          "score_mean": 79.42134918986291,
          "score_min": 46.08433734939759
        },
        "train": {
          "count": 5477,
          "score_max": 92.46987951807229,
          "score_mean": 75.66554331256009,
          "score_min": 41.86746987951807
        },
        "val": {
          "count": 609,
          "score_max": 93.67469879518072,
          "score_mean": 75.61032306566166,
          "score_min": 41.86746987951807
        }
      },
      "effective_bins": 10,
      "fallback_reason": null,
      "strategy": "global_plus_local_val",
      "stratification_used": true,
      "test_model_count": 464,
      "train_model_count": 5477,
      "val_model_count": 609,
      "val_split_method": "stratified",
      "valid_model_count": 6550,
      "warnings": []
    }
  },
  "counts": {
    "benchmark_count": 6,
    "global_test_enabled": true,
    "global_test_model_count": 464
  },
  "generated_at": "2026-04-19T23:41:49.235728+00:00",
  "global_test": {
    "assigned_test_count": 464,
    "assigned_train_pool_count": 4170,
    "diagnostics": {
      "benchmark_local_only": {
        "count": 2198,
        "score_max": null,
        "score_mean": null,
        "score_min": null
      },
      "test": {
        "count": 464,
        "score_max": 77.9812301008778,
        "score_mean": 59.70482041047795,
        "score_min": 15.842108438957743
      },
      "train_pool": {
        "count": 4170,
        "score_max": 80.76924472320799,
        "score_mean": 59.59957980820291,
        "score_min": 15.729888709515029
      }
    },
    "effective_bins": 10,
    "eligible_model_count": 4634,
    "enabled": true,
    "fallback_reason": null,
    "skip_reason": null,
    "split_method": "stratified",
    "stratification_used": true,
    "test_model_count": 464,
    "train_val_pool_count": 4170,
    "warnings": []
  },
  "warnings": []
}
