{
  "backend": "pygam",
  "best_holdout_rmse": 15.024363398274039,
  "best_lam": 1.0,
  "best_max_val_rmse": 16.09459636995054,
  "best_mean_baseline_val_rmse": 27.116034535344607,
  "best_mean_val_rmse": 14.991667927083205,
  "best_model_metadata": {
    "backend": "pygam",
    "benchiq_version": "0.1.0a0",
    "cv_folds": 3,
    "feature_names": [
      "theta_b1",
      "theta_b2",
      "theta_b3",
      "theta_se_b",
      "sub_b",
      "grand_sub",
      "lin_b",
      "grand_lin"
    ],
    "fit_statistics": {
      "aic": 395.9301667748806,
      "edof": 10.126672088405204,
      "gcv": 276.2248670268365,
      "loglikelihood": -186.8384112990351,
      "pseudo_r2": {
        "McFadden": 0.6918728219260456,
        "McFadden_adj": 0.270627559308138,
        "explained_deviance": 0.8146110419155451
      },
      "scale": 13.18413926700585
    },
    "fit_warnings": [],
    "model_hyperparameters": {
      "fit_intercept": true,
      "lam": 1.0,
      "max_iter": 100,
      "terms": "s(0) + s(1) + s(2) + s(3) + s(4) + s(5) + s(6) + s(7) + intercept",
      "tol": 0.0001
    },
    "n_features": 8,
    "n_splines": 5,
    "pickle_protocol": 5,
    "pygam_version": "0.12.0",
    "python_version": "3.14.4",
    "selected_lam": 1.0,
    "selection_metric": "rmse",
    "skipped_lam_settings": [],
    "target_name": "score_full_b",
    "test_row_count": 6,
    "train_row_count": 48
  },
  "cv_folds": 3,
  "holdout_row_count": 6,
  "lam_grid": [
    0.1,
    1.0
  ],
  "lam_summaries": [
    {
      "fold_count": 3,
      "lam": 0.1,
      "max_val_rmse": 16.694795595363413,
      "mean_baseline_val_rmse": 27.116034535344607,
      "mean_test_rmse": 15.319826489359613,
      "mean_val_rmse": 15.72153738558653
    },
    {
      "fold_count": 3,
      "lam": 1.0,
      "max_val_rmse": 16.09459636995054,
      "mean_baseline_val_rmse": 27.116034535344607,
      "mean_test_rmse": 16.201941364137927,
      "mean_val_rmse": 14.991667927083205
    }
  ],
  "selection_metric": "rmse",
  "skipped_lam_settings": []
}
