{
  "backend": "pygam",
  "best_holdout_rmse": 1.090076950182302,
  "best_lam": 0.1,
  "best_max_val_rmse": 1.06438467382826,
  "best_mean_baseline_val_rmse": 16.814073777175757,
  "best_mean_val_rmse": 1.0241677444305317,
  "best_model_metadata": {
    "backend": "pygam",
    "benchiq_version": "0.1.0a0",
    "cv_folds": 5,
    "feature_names": [
      "theta_b",
      "theta_se_b",
      "sub_b",
      "lin_b"
    ],
    "fit_statistics": {
      "aic": 12316.24237355201,
      "edof": 24.52324510124318,
      "gcv": 1.0448928722132744,
      "loglikelihood": -6132.597941674761,
      "pseudo_r2": {
        "McFadden": 0.010408295728956433,
        "McFadden_adj": 0.9895500832175073,
        "explained_deviance": 0.9963640712025167
      },
      "scale": 1.0169178309231786
    },
    "fit_warnings": [],
    "model_hyperparameters": {
      "fit_intercept": true,
      "lam": 0.1,
      "max_iter": 100,
      "terms": "s(0) + s(1) + s(2) + s(3) + intercept",
      "tol": 0.0001
    },
    "n_features": 4,
    "n_splines": 10,
    "pickle_protocol": 5,
    "pygam_version": "0.12.0",
    "python_version": "3.14.4",
    "selected_lam": 0.1,
    "selection_metric": "rmse",
    "skipped_lam_settings": [],
    "target_name": "score_full_b",
    "test_row_count": 463,
    "train_row_count": 4280
  },
  "cv_folds": 5,
  "holdout_row_count": 463,
  "lam_grid": [
    0.1,
    1.0
  ],
  "lam_summaries": [
    {
      "fold_count": 5,
      "lam": 0.1,
      "max_val_rmse": 1.06438467382826,
      "mean_baseline_val_rmse": 16.814073777175757,
      "mean_test_rmse": 1.0899415144939542,
      "mean_val_rmse": 1.0241677444305317
    },
    {
      "fold_count": 5,
      "lam": 1.0,
      "max_val_rmse": 1.0632102768842562,
      "mean_baseline_val_rmse": 16.814073777175757,
      "mean_test_rmse": 1.0880973584224798,
      "mean_val_rmse": 1.024202615447234
    }
  ],
  "selection_metric": "rmse",
  "skipped_lam_settings": []
}
