{
  "benchmark_id": "truthfulqa",
  "best_iteration": {
    "best_lam": 0.1,
    "iteration_id": 0,
    "max_rmse_val": 0.8364348888936,
    "mean_rmse_test": 0.866940752725778,
    "mean_rmse_val": 0.7839500140153921,
    "sampled_item_ids": [
      "101",
      "104",
      "105",
      "108",
      "111",
      "113",
      "119",
      "121",
      "122",
      "123",
      "124",
      "125",
      "127",
      "13",
      "132",
      "134",
      "139",
      "140",
      "142",
      "148",
      "151",
      "155",
      "159",
      "160",
      "163",
      "166",
      "169",
      "17",
      "171",
      "172",
      "174",
      "178",
      "181",
      "182",
      "183",
      "186",
      "189",
      "192",
      "196",
      "197",
      "198",
      "20",
      "200",
      "202",
      "209",
      "21",
      "210",
      "212",
      "215",
      "221",
      "223",
      "225",
      "229",
      "231",
      "232",
      "234",
      "236",
      "242",
      "244",
      "246",
      "247",
      "25",
      "26",
      "27",
      "276",
      "29",
      "291",
      "292",
      "294",
      "296",
      "30",
      "300",
      "301",
      "302",
      "303",
      "312",
      "313",
      "315",
      "317",
      "325",
      "327",
      "33",
      "331",
      "335",
      "336",
      "342",
      "343",
      "348",
      "35",
      "352",
      "353",
      "358",
      "360",
      "362",
      "369",
      "371",
      "375",
      "376",
      "389",
      "39",
      "390",
      "397",
      "398",
      "40",
      "405",
      "406",
      "413",
      "416",
      "418",
      "42",
      "425",
      "428",
      "429",
      "43",
      "430",
      "431",
      "437",
      "438",
      "439",
      "44",
      "440",
      "442",
      "443",
      "444",
      "448",
      "45",
      "457",
      "46",
      "460",
      "461",
      "463",
      "467",
      "468",
      "474",
      "476",
      "477",
      "486",
      "497",
      "499",
      "50",
      "500",
      "501",
      "503",
      "509",
      "511",
      "512",
      "514",
      "52",
      "521",
      "526",
      "527",
      "53",
      "533",
      "536",
      "541",
      "547",
      "549",
      "55",
      "554",
      "56",
      "564",
      "568",
      "570",
      "571",
      "572",
      "574",
      "58",
      "581",
      "584",
      "585",
      "589",
      "59",
      "596",
      "598",
      "599",
      "601",
      "608",
      "609",
      "614",
      "617",
      "637",
      "644",
      "646",
      "650",
      "652",
      "653",
      "654",
      "655",
      "656",
      "657",
      "663",
      "665",
      "668",
      "67",
      "671",
      "677",
      "68",
      "681",
      "682",
      "684",
      "685",
      "686",
      "689",
      "69",
      "691",
      "693",
      "695",
      "700",
      "707",
      "709",
      "71",
      "712",
      "713",
      "714",
      "718",
      "720",
      "725",
      "729",
      "73",
      "739",
      "744",
      "746",
      "752",
      "753",
      "76",
      "764",
      "765",
      "768",
      "781",
      "782",
      "784",
      "787",
      "788",
      "789",
      "79",
      "793",
      "795",
      "798",
      "802",
      "805",
      "81",
      "811",
      "83",
      "86",
      "87",
      "88",
      "90",
      "96",
      "97",
      "99"
    ],
    "subset_seed": 7,
    "valid_pool_model_count": 4758,
    "valid_test_model_count": 464
  },
  "counts": {
    "candidate_item_count": 350,
    "completed_iterations": 1,
    "cv_rows": 5,
    "failed_iterations": 0,
    "pool_model_count": 4758,
    "test_model_count": 464,
    "valid_iterations": 1
  },
  "generated_at": "2026-04-19T17:09:04.371299+00:00",
  "method": "deterministic_info",
  "parameters": {
    "checkpoint_interval": 1,
    "cv_folds": 5,
    "effective_k_preselect": 250,
    "lam_grid": [
      0.1,
      1.0
    ],
    "min_item_coverage": 0.7,
    "n_iter": 1,
    "requested_k_preselect": 250
  },
  "selection_rule": "top_k_information_proxy",
  "skipped": false,
  "skipped_reason": null,
  "warnings": []
}
