{
  "backend": "pygam",
  "best_holdout_rmse": 14.799461564056308,
  "best_lam": 1.0,
  "best_max_val_rmse": 15.966783176481105,
  "best_mean_baseline_val_rmse": 27.32864426546817,
  "best_mean_val_rmse": 14.128452746650742,
  "best_model_metadata": {
    "backend": "pygam",
    "benchiq_version": "0.1.0a0",
    "cv_folds": 3,
    "feature_names": [
      "theta_b",
      "theta_se_b",
      "sub_b",
      "lin_b"
    ],
    "fit_statistics": {
      "aic": 388.7325555965002,
      "edof": 5.408809998934114,
      "gcv": 206.47665674622883,
      "loglikelihood": -187.957467799316,
      "pseudo_r2": {
        "McFadden": 0.6854179839011976,
        "McFadden_adj": 0.2948578961253817,
        "explained_deviance": 0.8020142687224485
      },
      "scale": 12.847944234219444
    },
    "fit_warnings": [],
    "model_hyperparameters": {
      "fit_intercept": true,
      "lam": 1.0,
      "max_iter": 100,
      "terms": "s(0) + s(1) + s(2) + s(3) + intercept",
      "tol": 0.0001
    },
    "n_features": 4,
    "n_splines": 5,
    "pickle_protocol": 5,
    "pygam_version": "0.12.0",
    "python_version": "3.14.4",
    "selected_lam": 1.0,
    "selection_metric": "rmse",
    "skipped_lam_settings": [],
    "target_name": "score_full_b",
    "test_row_count": 6,
    "train_row_count": 48
  },
  "cv_folds": 3,
  "holdout_row_count": 6,
  "lam_grid": [
    0.1,
    1.0
  ],
  "lam_summaries": [
    {
      "fold_count": 3,
      "lam": 0.1,
      "max_val_rmse": 15.966765553215398,
      "mean_baseline_val_rmse": 27.32864426546817,
      "mean_test_rmse": 14.541723733538326,
      "mean_val_rmse": 14.16272114977975
    },
    {
      "fold_count": 3,
      "lam": 1.0,
      "max_val_rmse": 15.966783176481105,
      "mean_baseline_val_rmse": 27.32864426546817,
      "mean_test_rmse": 14.804517559835451,
      "mean_val_rmse": 14.128452746650742
    }
  ],
  "selection_metric": "rmse",
  "skipped_lam_settings": []
}
